Date,AAPL,ADBE,AMZN,FB,GOOG,JPM,MSFT,NFLX,TSLA,WMT
2010-01-04,6.412383079528809,37.09000015258789,6.695000171661377,,15.483122825622559,28.279197692871094,23.07737922668457,0.7639999985694885,,12.933830261230469
2010-01-05,6.4234700202941895,37.70000076293945,6.734499931335449,,15.414942741394043,28.826976776123047,23.0848388671875,0.7358570098876953,,12.805032730102539
2010-01-06,6.321295738220215,37.619998931884766,6.612500190734863,,15.026350021362305,28.985366821289062,22.94316291809082,0.761713981628418,,12.776420593261719
2010-01-07,6.3096089363098145,36.88999938964844,6.5,,14.676542282104492,29.55951690673828,22.704561233520508,0.74857097864151,,12.783571243286133
2010-01-08,6.351558685302734,36.689998626708984,6.676000118255615,,14.872198104858398,29.486927032470703,22.861143112182617,0.7614290118217468,,12.71917724609375
2010-01-11,6.295528411865234,36.209999084472656,6.515500068664551,,14.84971809387207,29.3879337310791,22.57034683227539,0.7604290246963501,,12.92905330657959
2010-01-12,6.223915100097656,35.65999984741211,6.367499828338623,,14.587117195129395,28.70157814025879,22.42123031616211,0.7481430172920227,,13.053078651428223
2010-01-13,6.311705589294434,36.279998779296875,6.45550012588501,,14.503368377685547,29.203136444091797,22.630006790161133,0.7708569765090942,,13.119852066040039
2010-01-14,6.2751545906066895,35.900001525878906,6.367499828338623,,14.571550369262695,29.493518829345703,23.0848388671875,0.7284290194511414,,12.92905330657959
2010-01-15,6.170283317565918,35.869998931884766,6.35699987411499,,14.328219413757324,28.826976776123047,23.010272979736328,0.7278569936752319,,12.802652359008789
2010-01-19,6.443244457244873,36.95000076293945,6.380499839782715,,14.516462326049805,28.562984466552734,23.189226150512695,0.7314289808273315,,12.886123657226562
2010-01-20,6.3440680503845215,36.4900016784668,6.289000034332275,,14.338349342346191,28.64217185974121,22.808956146240234,0.7319999933242798,,12.845576286315918
2010-01-21,6.234401702880859,35.81999969482422,6.330999851226807,,14.401837348937988,26.75470542907715,22.37648582458496,0.7312859892845154,,12.621390342712402
2010-01-22,5.925184726715088,34.380001068115234,6.071499824523926,,13.58735179901123,25.843969345092773,21.593563079833984,0.7269999980926514,,12.62615966796875
2010-01-25,6.084588527679443,34.15999984741211,6.015500068664551,,13.340066909790039,25.876955032348633,21.86199188232422,0.7018569707870483,,12.61185073852539
2010-01-26,6.170581340789795,33.939998626708984,5.973999977111816,,13.399849891662598,25.368793487548828,21.9962158203125,0.7135710120201111,,12.785958290100098
2010-01-27,6.2287092208862305,33.13999938964844,6.137499809265137,,13.391944885253906,25.956148147583008,22.122966766357422,0.7281429767608643,,12.735871315002441
2010-01-28,5.971327781677246,32.88999938964844,6.301499843597412,,13.199007987976074,26.05513572692871,21.742694854736328,0.9005709886550903,,12.547453880310059
2010-01-29,5.754693031311035,32.29999923706055,6.270500183105469,,13.091544151306152,25.698760986328125,21.011978149414062,0.8892859816551208,,12.743024826049805
2010-02-01,5.834695816040039,32.47999954223633,5.94350004196167,,13.167633056640625,26.15414810180664,21.1834716796875,0.8718569874763489,,12.754952430725098
2010-02-02,5.868553161621094,32.97999954223633,5.906000137329102,,13.120697021484375,26.761306762695312,21.220748901367188,0.8835710287094116,,12.757335662841797
2010-02-03,5.969529628753662,32.97999954223633,5.954999923706055,,13.360323905944824,26.589710235595703,21.34750747680664,0.8849999904632568,,12.943363189697266
2010-02-04,5.754395484924316,32.2400016784668,5.796999931335449,,13.013482093811035,25.30939292907715,20.758453369140625,0.8619999885559082,,12.633316040039062
2010-02-05,5.856568336486816,32.77000045776367,5.869500160217285,,13.124897003173828,25.276397705078125,20.89267921447754,0.869143009185791,,12.747797966003418
2010-02-08,5.81641960144043,32.04999923706055,5.8414998054504395,,13.178752899169922,24.880422592163086,20.668987274169922,0.8700000047683716,,12.623778343200684
2010-02-09,5.878443717956543,32.310001373291016,5.901500225067139,,13.252120971679688,25.335784912109375,20.885208129882812,0.8875709772109985,,12.700098037719727
2010-02-10,5.8463826179504395,32.7599983215332,5.868000030517578,,13.202960968017578,25.652576446533203,20.87030601501465,0.8784289956092834,,12.697711944580078
2010-02-11,5.952749729156494,32.63999938964844,6.004499912261963,,13.25113296508789,25.751558303833008,20.967233657836914,0.9051430225372314,,12.659550666809082
2010-02-12,6.003988742828369,31.450000762939453,5.982999801635742,,13.170104026794434,25.70536231994629,20.825572967529297,0.9025710225105286,,12.616621017456055
2010-02-16,6.094474792480469,31.809999465942383,5.876500129699707,,13.372180938720703,26.44452476501465,21.237581253051758,0.9265710115432739,,12.774030685424805
2010-02-17,6.0690083503723145,32.33000183105469,5.815499782562256,,13.295846939086914,26.424724578857422,21.417377471923828,0.9215710163116455,,12.893284797668457
2010-02-18,6.080392360687256,33.2400016784668,5.9039998054504395,,13.419612884521484,26.668907165527344,21.702035903930664,0.9442859888076782,,12.752562522888184
2010-02-19,6.042638778686523,33.880001068115234,5.875999927520752,,13.358842849731445,26.418123245239258,21.55220603942871,0.9521430134773254,,12.757335662841797
2010-02-22,6.005186080932617,33.70000076293945,5.9004998207092285,,13.4092378616333,26.959278106689453,21.522247314453125,0.9324290156364441,,12.838420867919922
2010-02-23,5.904508590698242,33.439998626708984,5.861999988555908,,13.218276977539062,26.319133758544922,21.222604751586914,0.9192860126495361,,12.788339614868164
2010-02-24,6.012378692626953,34.54999923706055,5.986000061035156,,13.129342079162598,26.959278106689453,21.44733238220215,0.9241430163383484,,12.85988998413086
2010-02-25,6.052526473999023,34.560001373291016,5.909999847412109,,13.004836082458496,26.82069206237793,21.42487144470215,0.9372860193252563,,12.914743423461914
2010-02-26,6.131031513214111,34.650001525878906,5.920000076293945,,13.013976097106934,27.69844627380371,21.47730255126953,0.9435709714889526,,12.895663261413574
2010-03-01,6.261969089508057,34.88999938964844,6.2270002365112305,,13.159482955932617,27.60604476928711,21.739482879638672,0.995714008808136,,12.855114936828613
2010-03-02,6.257773399353027,34.7400016784668,6.276500225067139,,13.366252899169922,27.467453002929688,21.31998062133789,0.9854289889335632,,12.781185150146484
2010-03-03,6.272155284881592,34.81999969482422,6.29449987411499,,13.471490859985352,27.408058166503906,21.31998062133789,0.9649999737739563,,12.797879219055176
2010-03-04,6.313503742218018,34.939998626708984,6.426499843597412,,13.700495719909668,27.665441513061523,21.44733238220215,0.9715710282325745,,12.869433403015137
2010-03-05,6.560400485992432,35.15999984741211,6.445499897003174,,13.938146591186523,28.252811431884766,21.417377471923828,0.9664289951324463,,12.912359237670898
2010-03-08,6.564296722412109,35.060001373291016,6.505499839782715,,13.895408630371094,28.107608795166016,21.44733238220215,0.9811429977416992,,12.914743423461914
2010-03-09,6.6823506355285645,35.119998931884766,6.440999984741211,,13.838836669921875,27.995424270629883,21.57468605041504,0.9991430044174194,,12.893284797668457
2010-03-10,6.736882209777832,35.150001525878906,6.5254998207092285,,14.240521430969238,28.331993103027344,21.702035903930664,1.0182859897613525,,12.862823486328125
2010-03-11,6.75665807723999,35.220001220703125,6.678999900817871,,14.356380462646484,28.496990203857422,21.859352111816406,1.0169999599456787,,12.944371223449707
2010-03-12,6.789618492126465,35.15999984741211,6.591000080108643,,14.316854476928711,28.47718620300293,21.92677879333496,0.9997140169143677,,12.927572250366211
2010-03-15,6.706921100616455,35.4900016784668,6.55649995803833,,13.912701606750488,28.42438316345215,21.941762924194336,0.9942860007286072,,13.292140007019043
2010-03-16,6.7251973152160645,35.02000045776367,6.5894999504089355,,13.962603569030762,28.536592483520508,22.001686096191406,1.0089999437332153,,13.428852081298828
2010-03-17,6.715310096740723,35.4900016784668,6.566999912261963,,13.97149658203125,28.89957046508789,22.19645118713379,1.0131429433822632,,13.41205883026123
2010-03-18,6.731191158294678,35.75,6.638000011444092,,13.992247581481934,28.800567626953125,22.181480407714844,1.007714033126831,,13.416857719421387
2010-03-19,6.65927791595459,34.66999816894531,6.517499923706055,,13.834142684936523,28.67517852783203,22.166486740112305,1.0064289569854736,,13.272950172424316
2010-03-22,6.734186172485352,34.95000076293945,6.523499965667725,,13.772383689880371,28.866579055786133,22.17398452758789,1.0412859916687012,,13.340104103088379
2010-03-23,6.842353343963623,35.220001220703125,6.4629998207092285,,13.562399864196777,29.42092514038086,22.383743286132812,1.0422860383987427,,13.404863357543945
2010-03-24,6.872616767883301,36.5099983215332,6.4019999504089355,,13.768184661865234,29.65851402282715,22.211435317993164,1.033856987953186,,13.330511093139648
2010-03-25,6.791116237640381,35.869998931884766,6.736499786376953,,13.905290603637695,29.65851402282715,22.481124877929688,1.0505709648132324,,13.337713241577148
2010-03-26,6.918456554412842,35.5099983215332,6.752999782562256,,13.900596618652344,29.711320877075195,22.21892547607422,1.0614290237426758,,13.313724517822266
2010-03-29,6.963104248046875,35.7400016784668,6.75600004196167,,13.894669532775879,29.60572624206543,22.166486740112305,1.0557140111923218,,13.368887901306152
2010-03-30,7.06677770614624,35.68000030517578,6.828999996185303,,13.999906539916992,29.42092514038086,22.301334381103516,1.0722860097885132,,13.409666061401367
2010-03-31,7.041305065155029,35.369998931884766,6.78849983215332,,14.01003646850586,29.533126831054688,21.941762924194336,1.0534290075302124,,13.335307121276855
2010-04-01,7.070370674133301,35.7400016784668,6.5904998779296875,,14.051536560058594,29.85024070739746,21.84436798095703,1.0714290142059326,,13.30892562866211
2010-04-05,7.145874977111816,35.9900016784668,6.57450008392334,,14.106130599975586,29.95596694946289,21.92677879333496,1.142714023590088,,13.30892562866211
2010-04-06,7.177339553833008,35.70000076293945,6.7779998779296875,,14.037209510803223,30.286327362060547,21.964223861694336,1.190999984741211,,13.318522453308105
2010-04-07,7.209099769592285,35.060001373291016,6.743500232696533,,13.921595573425293,29.942752838134766,21.9867000579834,1.1390000581741333,,13.258557319641113
2010-04-08,7.189621925354004,34.939998626708984,7.047999858856201,,14.019174575805664,30.233455657958984,22.4136962890625,1.1690000295639038,,13.282546997070312
2010-04-09,7.24475622177124,35.470001220703125,7.002999782562256,,13.987800598144531,30.378812789916992,22.728336334228516,1.177428960800171,,13.208189010620117
2010-04-12,7.259734630584717,35.02000045776367,7.059999942779541,,14.1486234664917,30.48452377319336,22.71334457397461,1.1882859468460083,,13.196196556091309
2010-04-13,7.26392936706543,34.75,7.007999897003174,,14.495465278625488,30.306142807006836,22.810733795166016,1.2339999675750732,,13.124249458312988
2010-04-14,7.361610412597656,35.02000045776367,7.214000225067139,,14.550553321838379,31.535037994384766,23.08791160583496,1.2510000467300415,,13.105066299438477
2010-04-15,7.458395004272461,34.38999938964844,7.290999889373779,,14.706188201904297,31.587890625,23.125370025634766,1.2404290437698364,,12.98274040222168
2010-04-16,7.412846088409424,34.0,7.108500003814697,,13.590808868408203,30.09471321105957,22.975542068481445,1.2187139987945557,,12.977944374084473
2010-04-19,7.4029622077941895,33.81999969482422,7.121500015258789,,13.58957576751709,29.9890079498291,23.25272560119629,1.2114289999008179,,13.045095443725586
2010-04-20,7.328652381896973,34.93000030517578,7.210000038146973,,13.711612701416016,30.312734603881836,23.492431640625,1.2438570261001587,,13.07628059387207
2010-04-21,7.767009735107422,34.91999816894531,7.321499824523926,,13.693330764770508,29.96257972717285,23.46996307373047,1.2425709962844849,,13.064291954040527
2010-04-22,7.984243869781494,35.970001220703125,7.504499912261963,,13.514476776123047,29.559568405151367,23.514909744262695,1.432142972946167,,13.069089889526367
2010-04-23,8.114884376525879,36.25,7.18149995803833,,13.463337898254395,29.691692352294922,23.192787170410156,1.4247139692306519,,13.078680038452148
2010-04-26,8.075030326843262,36.150001525878906,7.355500221252441,,13.133543014526367,28.99794578552246,23.305150985717773,1.5452860593795776,,12.961152076721191
2010-04-27,7.851503849029541,35.34000015258789,7.10099983215332,,13.069806098937988,28.020124435424805,23.110380172729492,1.4581429958343506,,12.961152076721191
2010-04-28,7.838322639465332,35.470001220703125,6.96750020980835,,13.073018074035645,28.7138671875,23.155332565307617,1.4198570251464844,,12.858025550842285
2010-04-29,8.049264907836914,34.959999084472656,7.08650016784668,,13.142435073852539,29.07064437866211,23.22275161743164,1.473857045173645,,12.879611015319824
2010-04-30,7.82304048538208,33.599998474121094,6.855000019073486,,12.986802101135254,28.132450103759766,22.878154754638672,1.4128570556640625,,12.865219116210938
2010-05-03,7.980646133422852,33.59000015258789,6.874499797821045,,13.10784912109375,28.760103225708008,23.117876052856445,1.4570000171661377,,12.889204025268555
2010-05-04,7.750831127166748,33.13999938964844,6.491499900817871,,12.509275436401367,28.059776306152344,22.57101821899414,1.4194289445877075,,12.956356048583984
2010-05-05,7.67022705078125,32.959999084472656,6.546500205993652,,12.593024253845215,28.165477752685547,22.36125946044922,1.4032859802246094,,13.136240005493164
2010-05-06,7.37839412689209,32.4900016784668,6.435500144958496,,12.31905746459961,26.96302604675293,21.70952033996582,1.3852859735488892,,12.766883850097656
2010-05-07,7.067073822021484,32.41999816894531,6.249000072479248,,12.18244457244873,26.92998504638672,21.132707595825195,1.301285982131958,,12.567811965942383
2010-05-10,7.610302448272705,34.279998779296875,6.564499855041504,,12.886751174926758,27.716209411621094,21.6795654296875,1.3928569555282593,,12.610986709594727
2010-05-11,7.686110973358154,33.79999923706055,6.5229997634887695,,12.575483322143555,27.451929092407227,21.63461685180664,1.4259999990463257,,12.58220386505127
2010-05-12,7.853002548217773,34.79999923706055,6.69350004196167,,12.485067367553711,27.544431686401367,22.05413055419922,1.5404289960861206,,12.660122871398926
2010-05-13,7.741241931915283,34.40999984741211,6.573500156402588,,12.620692253112793,26.96302604675293,21.904296875,1.5715709924697876,,12.640823364257812
2010-05-14,7.605209827423096,33.720001220703125,6.426499843597412,,12.537934303283691,26.35516929626465,21.672075271606445,1.4365710020065308,,12.573273658752441
2010-05-17,7.617197036743164,33.810001373291016,6.445499897003174,,12.548802375793457,26.32213592529297,21.6795654296875,1.519286036491394,,12.72043228149414
2010-05-18,7.561463832855225,33.279998779296875,6.314000129699707,,12.311644554138184,25.780363082885742,21.52153968811035,1.45728600025177,,12.956840515136719
2010-05-19,7.441011428833008,32.880001068115234,6.229499816894531,,12.214312553405762,26.018217086791992,21.25063705444336,1.4372860193252563,,12.795220375061035
2010-05-20,7.124005317687988,31.739999771118164,5.985499858856201,,11.734563827514648,24.9941349029541,20.40030860900879,1.3569999933242798,,12.375465393066406
2010-05-21,7.260634422302246,32.18000030517578,6.136000156402588,,11.6614408493042,26.46088409423828,20.19713592529297,1.4210000038146973,,12.39234733581543
2010-05-24,7.393670082092285,31.6299991607666,6.105999946594238,,11.787677764892578,25.516096115112305,19.768213272094727,1.451714038848877,,12.30309009552002
2010-05-25,7.347531318664551,31.549999237060547,6.243000030517578,,11.785454750061035,25.72750473022461,19.61771011352539,1.5,,12.12939739227295
2010-05-26,7.31427001953125,30.940000534057617,6.1605000495910645,,11.745930671691895,25.621803283691406,18.820058822631836,1.497143030166626,,12.066679954528809
2010-05-27,7.591126918792725,32.20000076293945,6.335000038146973,,12.116239547729492,26.705345153808594,19.56503677368164,1.5551429986953735,,12.23072338104248
2010-05-28,7.696898460388184,32.08000183105469,6.2729997634887695,,11.996918678283691,26.150360107421875,19.414533615112305,1.5878570079803467,,12.196949005126953
2010-06-01,7.815250873565674,32.130001068115234,6.1620001792907715,,11.916385650634766,25.463232040405273,19.482267379760742,1.5327140092849731,,12.28378963470459
2010-06-02,7.908735275268555,32.939998626708984,6.315499782562256,,12.188127517700195,26.13054084777832,19.911190032958984,1.582571029663086,,12.476781845092773
2010-06-03,7.8838677406311035,32.900001525878906,6.438000202178955,,12.490255355834961,25.83321762084961,20.212188720703125,1.5978569984436035,,12.476781845092773
2010-06-04,7.669332027435303,31.59000015258789,6.138500213623047,,12.320291519165039,24.855392456054688,19.407005310058594,1.5682859420776367,,12.15834903717041
2010-06-07,7.518917560577393,31.059999465942383,6.100500106811523,,11.994202613830566,24.260761260986328,19.0307559967041,1.5594290494918823,,12.24036693572998
2010-06-08,7.47067403793335,31.0,5.941999912261963,,11.975921630859375,24.96109962463379,18.895307540893555,1.5761430263519287,,12.250019073486328
2010-06-09,7.2870025634765625,30.729999542236328,5.895500183105469,,11.710107803344727,24.525041580200195,18.654504776000977,1.6490000486373901,,12.300681114196777
2010-06-10,7.506032466888428,31.719999313354492,6.1605000495910645,,12.031009674072266,25.298051834106445,18.812536239624023,1.6951429843902588,,12.356165885925293
2010-06-11,7.59592342376709,31.729999542236328,6.151500225067139,,12.067818641662598,25.165925979614258,19.309185028076172,1.7241430282592773,,12.269317626953125
2010-06-14,7.618993282318115,31.700000762939453,6.191500186920166,,11.936641693115234,24.663785934448242,19.18878936767578,1.8115710020065308,,12.360990524291992
2010-06-15,7.781091690063477,32.5099983215332,6.3420000076293945,,12.30225944519043,25.271625518798828,20.001480102539062,1.7642860412597656,,12.45748519897461
2010-06-16,8.00761604309082,32.439998626708984,6.34499979019165,,12.38328742980957,25.450029373168945,19.805837631225586,1.781000018119812,,12.298270225524902
2010-06-17,8.146039962768555,33.119998931884766,6.29449987411499,,12.353889465332031,25.397167205810547,19.843461990356445,1.7979999780654907,,12.40200424194336
2010-06-18,8.211960792541504,33.52000045776367,6.291500091552734,,12.352653503417969,25.886077880859375,19.896142959594727,1.805999994277954,,12.435766220092773
2010-06-21,8.095105171203613,33.130001068115234,6.127500057220459,,12.069303512573242,25.6812686920166,19.52741241455078,1.6998569965362549,,12.307915687561035
2010-06-22,8.205368041992188,32.7599983215332,6.115499973297119,,12.012235641479492,25.324485778808594,19.39196014404297,1.6632859706878662,,12.225895881652832
2010-06-23,8.119074821472168,30.3799991607666,6.072500228881836,,11.908479690551758,25.69448471069336,19.04581069946289,1.6824289560317993,,12.257251739501953
2010-06-24,8.060051918029785,30.260000228881836,5.916500091552734,,11.736786842346191,25.12628173828125,18.812536239624023,1.6464289426803589,,12.069093704223633
2010-06-25,7.9911322593688965,29.850000381469727,6.050000190734863,,11.67700481414795,26.057857513427734,18.4588623046875,1.6854289770126343,,11.772370338439941
2010-06-28,8.039074897766113,28.719999313354492,5.889999866485596,,11.662182807922363,25.463232040405273,18.29331398010254,1.6801429986953735,,11.958122253417969
2010-06-29,7.675622463226318,26.899999618530273,5.430500030517578,,11.221960067749023,24.485408782958984,17.540807723999023,1.6082860231399536,1.5926669836044312,11.796491622924805
2010-06-30,7.536593914031982,26.43000030517578,5.4629998207092285,,10.991966247558594,24.188087463378906,17.31505584716797,1.5521429777145386,1.5886670351028442,11.596261978149414
2010-07-01,7.445208549499512,26.65999984741211,5.547999858856201,,10.857086181640625,23.87052345275879,17.42793083190918,1.5665709972381592,1.4639999866485596,11.66140079498291
2010-07-02,7.399061679840088,26.729999542236328,5.456999778747559,,10.784456253051758,23.705116271972656,17.510705947875977,1.5297139883041382,1.2799999713897705,11.579379081726074
2010-07-06,7.449700355529785,26.34000015258789,5.502999782562256,,10.772597312927246,24.03592300415039,17.92457389831543,1.5324289798736572,1.0740000009536743,11.716887474060059
2010-07-07,7.750528335571289,26.790000915527344,5.671500205993652,,11.121664047241211,25.24003028869629,18.285785675048828,1.692713975906372,1.053333044052124,11.80131721496582
2010-07-08,7.733154296875,26.850000381469727,5.810999870300293,,11.278779029846191,25.246641159057617,18.36857032775879,1.6711430549621582,1.1640000343322754,11.86403751373291
2010-07-09,7.77899694442749,27.200000762939453,5.86299991607666,,11.548791885375977,25.70316505432129,18.26321029663086,1.6790000200271606,1.159999966621399,11.924347877502441
2010-07-12,7.709184169769287,27.09000015258789,5.975500106811523,,11.754820823669434,25.928098678588867,18.684595108032227,1.705428957939148,1.136667013168335,12.090804100036621
2010-07-13,7.544684410095215,28.110000610351562,6.182499885559082,,12.085113525390625,26.78155517578125,18.910364151000977,1.7274290323257446,1.2093329429626465,12.192121505737305
2010-07-14,7.572549819946289,28.030000686645508,6.164999961853027,,12.137977600097656,26.6955623626709,19.143632888793945,1.7571430206298828,1.3226670026779175,12.146286010742188
2010-07-15,7.534200668334961,28.219999313354492,6.103000164031982,,12.204183578491211,26.768333435058594,19.196311950683594,1.7301429510116577,1.3259999752044678,12.160760879516602
2010-07-16,7.487757205963135,27.389999389648438,5.924499988555908,,11.354126930236816,25.80238914489746,18.729759216308594,1.6912859678268433,1.3760000467300415,11.982246398925781
2010-07-19,7.35831356048584,27.670000076293945,5.997000217437744,,11.516429901123047,25.828859329223633,18.98560333251953,1.698570966720581,1.4606670141220093,11.946060180664062
2010-07-20,7.547382831573486,27.8700008392334,6.005000114440918,,11.897116661071777,26.219205856323242,19.173734664916992,1.7198569774627686,1.3533329963684082,12.274144172668457
2010-07-21,7.617797374725342,27.670000076293945,5.871500015258789,,11.7960786819458,25.41866683959961,18.902833938598633,1.7092859745025635,1.3480000495910645,12.146286010742188
2010-07-22,7.761017322540283,28.579999923706055,6.003499984741211,,11.976663589477539,26.033950805664062,19.44463539123535,1.479429006576538,1.399999976158142,12.269317626953125
2010-07-23,7.788580894470215,29.229999542236328,5.94350004196167,,12.10635757446289,26.351530075073242,19.422061920166016,1.5385710000991821,1.4193329811096191,12.46471881866455
2010-07-26,7.768807888031006,29.170000076293945,5.920000076293945,,12.079431533813477,26.682313919067383,19.640281677246094,1.4684289693832397,1.3966670036315918,12.334453582763672
2010-07-27,7.912632465362549,29.219999313354492,5.856500148773193,,12.169846534729004,26.920490264892578,19.685436248779297,1.4869999885559082,1.3700000047683716,12.293440818786621
2010-07-28,7.819140911102295,28.690000534057617,5.856500148773193,,11.96529769897461,26.675704956054688,19.52741241455078,1.4329999685287476,1.3813329935073853,12.334453582763672
2010-07-29,7.7337541580200195,28.700000762939453,5.8429999351501465,,11.981107711791992,26.602930068969727,19.587615966796875,1.4002859592437744,1.3566670417785645,12.317566871643066
2010-07-30,7.707983493804932,28.719999313354492,5.894499778747559,,11.977649688720703,26.649242401123047,19.422061920166016,1.465000033378601,1.329332947731018,12.348926544189453
2010-08-02,7.845815181732178,29.600000381469727,6.003499984741211,,12.115002632141113,27.549022674560547,19.813356399536133,1.455428957939148,1.3946670293807983,12.40200424194336
2010-08-03,7.848208904266357,29.1200008392334,6.120999813079834,,12.10067367553711,27.178524017333984,19.685436248779297,1.4915709495544434,1.463333010673523,12.37304973602295
2010-08-04,7.879668712615967,29.700000762939453,6.379000186920166,,12.508040428161621,27.317455291748047,19.361858367919922,1.5447139739990234,1.4173330068588257,12.447834014892578
2010-08-05,7.841320037841797,29.440000534057617,6.391499996185303,,12.552013397216797,27.304222106933594,19.090959548950195,1.5789999961853027,1.363332986831665,12.452656745910645
2010-08-06,7.7930803298950195,29.229999542236328,6.415999889373779,,12.35735034942627,26.755098342895508,19.226411819458008,1.6902860403060913,1.305999994277954,12.493666648864746
2010-08-09,7.84281587600708,29.520000457763672,6.441500186920166,,12.484078407287598,26.344905853271484,19.271560668945312,1.6699999570846558,1.3066669702529907,12.558801651000977
2010-08-10,7.772704601287842,29.170000076293945,6.5,,12.44356632232666,25.914859771728516,18.86521339416504,1.7858569622039795,1.2686669826507568,12.597400665283203
2010-08-11,7.4964447021484375,28.25,6.29449987411499,,12.147860527038574,24.988630294799805,18.707183837890625,1.8067140579223633,1.1933330297470093,12.37974739074707
2010-08-12,7.544386863708496,28.079999923706055,6.328000068664551,,12.15453052520752,25.015098571777344,18.42875862121582,1.9007140398025513,1.1733330488204956,12.23658561706543
2010-08-13,7.4637837409973145,28.010000228881836,6.234499931335449,,12.014707565307617,24.809988021850586,18.361032485961914,1.889428973197937,1.2213330268859863,12.229308128356934
2010-08-16,7.42003870010376,27.360000610351562,6.303500175476074,,11.995930671691895,24.935693740844727,18.43628692626953,1.960286021232605,1.2519999742507935,12.231732368469238
2010-08-17,7.549777984619141,27.959999084472656,6.442999839782715,,12.117722511291504,24.79676628112793,18.693492889404297,1.8995709419250488,1.2766669988632202,12.37974739074707
2010-08-18,7.582738399505615,28.100000381469727,6.482500076293945,,11.91094970703125,25.06801986694336,18.776714324951172,1.795714020729065,1.2513329982757568,12.340925216674805
2010-08-19,7.487157821655273,27.690000534057617,6.378499984741211,,11.560649871826172,24.525510787963867,18.48923683166504,1.8320000171661377,1.25266695022583,12.146808624267578
2010-08-20,7.479966163635254,27.920000076293945,6.388000011444092,,11.41366195678711,24.57181739807129,18.330366134643555,1.8565709590911865,1.273332953453064,12.185633659362793
2010-08-23,7.364905834197998,27.81999969482422,6.329999923706055,,11.464306831359863,24.399803161621094,18.368196487426758,1.8128570318222046,1.3420000076293945,12.408869743347168
2010-08-24,7.189023017883301,27.93000030517578,6.226500034332275,,11.151061058044434,23.95652961730957,18.186626434326172,1.732571005821228,1.2799999713897705,12.4476900100708
2010-08-25,7.277715682983398,27.479999542236328,6.34250020980835,,11.230853080749512,23.969764709472656,18.232023239135742,1.774999976158142,1.3266669511795044,12.508342742919922
2010-08-26,7.199508190155029,27.3799991607666,6.243000030517578,,11.140932083129883,23.57280158996582,18.020191192626953,1.7977139949798584,1.3166669607162476,12.367616653442383
2010-08-27,7.23966121673584,27.979999542236328,6.331999778747559,,11.334856986999512,24.21455192565918,18.10341453552246,1.801429033279419,1.3133330345153809,12.374896049499512
2010-08-30,7.266031265258789,27.790000915527344,6.189499855041504,,11.183176040649414,23.71835708618164,17.8840274810791,1.7585710287094116,1.324666976928711,12.265705108642578
2010-08-31,7.284006118774414,27.700000762939453,6.241499900817871,,11.117217063903809,24.05576515197754,17.755416870117188,1.7931430339813232,1.2986669540405273,12.166219711303711
2010-09-01,7.500636100769043,28.850000381469727,6.624499797821045,,11.371912002563477,24.96879005432129,18.080717086791992,1.9272860288619995,1.363332986831665,12.42342472076416
2010-09-02,7.555772304534912,29.420000076293945,6.760499954223633,,11.442317962646484,25.246641159057617,18.11097526550293,1.9714289903640747,1.4040000438690186,12.559303283691406
2010-09-03,7.753525257110596,29.489999771118164,6.939499855041504,,11.61821174621582,25.914859771728516,18.375764846801758,1.9782860279083252,1.4033329486846924,12.627246856689453
2010-09-07,7.724763870239258,29.170000076293945,6.861000061035156,,11.472455978393555,25.32604217529297,18.12610626220703,2.02557110786438,1.369333028793335,12.583568572998047
2010-09-08,7.877874374389648,29.309999465942383,6.956999778747559,,11.62512493133545,25.88178062438965,18.10341453552246,2.085714101791382,1.3933329582214355,12.576290130615234
2010-09-09,7.882369518280029,32.86000061035156,7.019000053405762,,11.763469696044922,26.530147552490234,18.1639347076416,2.0811429023742676,1.380666971206665,12.595704078674316
2010-09-10,7.892556667327881,32.20000076293945,7.122000217437744,,11.762479782104492,26.305206298828125,18.04289436340332,2.0880000591278076,1.3446669578552246,12.610261917114258
2010-09-13,8.001317977905273,32.2400016784668,7.253499984741211,,11.913915634155273,27.20496368408203,18.996103286743164,2.113429069519043,1.3813329935073853,12.668493270874023
2010-09-14,8.031882286071777,32.470001220703125,7.287499904632568,,11.868461608886719,26.940345764160156,18.935583114624023,2.0950000286102295,1.4079999923706055,12.777689933776855
2010-09-15,8.096603393554688,32.7599983215332,7.272500038146973,,11.873648643493652,27.112363815307617,19.00366973876953,2.0445709228515625,1.4653329849243164,12.826216697692871
2010-09-16,8.286866188049316,32.849998474121094,7.406499862670898,,11.884021759033203,27.118974685668945,19.162534713745117,2.007143020629883,1.3960000276565552,12.896581649780273
2010-09-17,8.250911712646484,32.779998779296875,7.415999889373779,,12.108580589294434,26.503679275512695,19.079313278198242,2.006571054458618,1.348667025566101,12.862610816955566
2010-09-20,8.486420631408691,33.11000061035156,7.565000057220459,,12.556461334228516,27.25129508972168,19.238189697265625,2.041285991668701,1.4040000438690186,12.9912109375
2010-09-21,8.502601623535156,32.939998626708984,7.536499977111816,,12.684425354003906,26.854337692260742,19.026365280151367,2.1028571128845215,1.3846670389175415,12.998496055603027
2010-09-22,8.621855735778809,26.670000076293945,7.5914998054504395,,12.747173309326172,26.424293518066406,18.617847442626953,2.2418570518493652,1.324666976928711,13.059152603149414
2010-09-23,8.656913757324219,26.40999984741211,7.642499923706055,,12.684922218322754,25.868547439575195,18.48167610168457,2.292428970336914,1.3040000200271606,13.017899513244629
2010-09-24,8.758783340454102,26.8799991607666,8.036499977111816,,13.026080131530762,26.29859733581543,18.74645233154297,2.3172860145568848,1.340000033378601,13.12224006652832
2010-09-27,8.724029541015625,26.8799991607666,7.968500137329102,,13.103157997131348,25.855316162109375,18.70863151550293,2.3570001125335693,1.3686670064926147,12.976655960083008
2010-09-28,8.595187187194824,26.280000686645508,7.985000133514404,,13.023116111755371,25.769311904907227,18.67080307006836,2.312285900115967,1.4266669750213623,13.059152603149414
2010-09-29,8.610471725463867,26.040000915527344,7.94950008392334,,13.035964965820312,25.412046432495117,18.534631729125977,2.4375710487365723,1.4653329849243164,12.945108413696289
2010-09-30,8.502002716064453,26.149999618530273,7.853000164031982,,12.989026069641113,25.180490493774414,18.52706527709961,2.316570997238159,1.3606669902801514,12.98636245727539
2010-10-01,8.465147018432617,26.270000457763672,7.685500144958496,,12.984824180603027,25.676694869995117,18.443851470947266,2.2094290256500244,1.3733329772949219,12.94753360748291
2010-10-04,8.348892211914062,25.600000381469727,7.769499778747559,,12.904043197631836,25.802553176879883,18.088293075561523,2.234143018722534,1.3993330001831055,12.998496055603027
2010-10-05,8.657512664794922,25.770000457763672,8.043499946594238,,13.296342849731445,26.259647369384766,18.4211483001709,2.2308568954467773,1.4079999923706055,13.102829933166504
2010-10-06,8.664999961853027,25.729999542236328,7.769999980926514,,13.200490951538086,26.43189239501953,18.48167610168457,2.146713972091675,1.3639999628067017,13.2387113571167
2010-10-07,8.665902137756348,28.690000534057617,7.813499927520752,,13.09327507019043,26.180156707763672,18.557329177856445,2.163285970687866,1.3619999885559082,13.190177917480469
2010-10-08,8.8112211227417,26.989999771118164,7.777500152587891,,13.249897003173828,26.041044235229492,18.587594985961914,2.13771390914917,1.3619999885559082,13.202319145202637
2010-10-11,8.849872589111328,27.25,7.651500225067139,,13.311409950256348,26.31926727294922,18.602712631225586,2.195570945739746,1.3493330478668213,13.250842094421387
2010-10-12,8.945155143737793,27.65999984741211,7.823999881744385,,13.374404907226562,26.76310920715332,18.784265518188477,2.2198569774627686,1.3493330478668213,13.083415985107422
2010-10-13,8.993097305297852,27.709999084472656,7.758500099182129,,13.421588897705078,26.392133712768555,19.17011070251465,2.208714008331299,1.369333028793335,13.059152603149414
2010-10-14,9.05811595916748,27.489999771118164,7.776500225067139,,13.363041877746582,25.650188446044922,19.086881637573242,2.1825709342956543,1.3833329677581787,12.920846939086914
2010-10-15,9.430560111999512,28.079999923706055,8.232000350952148,,14.85811710357666,24.61013412475586,19.32140350341797,2.2245709896087646,1.369333028793335,12.945108413696289
2010-10-18,9.528236389160156,28.059999465942383,8.178000450134277,,15.25980281829834,25.30571174621582,19.53322982788086,2.18571400642395,1.348667025566101,13.044589042663574
2010-10-19,9.273249626159668,27.579999923706055,7.933499813079834,,15.015726089477539,24.96786117553711,18.98853302001953,2.1332859992980957,1.3366669416427612,12.93782901763916
2010-10-20,9.304410934448242,28.209999084472656,7.933499813079834,,15.019433975219727,25.239469528198242,19.147409439086914,2.187856912612915,1.3766670227050781,12.974222183227539
2010-10-21,9.274148941040039,27.700000762939453,8.248499870300293,,15.118494987487793,24.97449493408203,19.230628967285156,2.4670000076293945,1.3833329677581787,13.110109329223633
2010-10-22,9.212728500366211,28.209999084472656,8.456500053405762,,15.1318359375,24.97449493408203,19.200359344482422,2.4014289379119873,1.3813329935073853,13.117391586303711
2010-10-25,9.253776550292969,28.200000762939453,8.449999809265137,,15.22990894317627,24.557144165039062,19.056623458862305,2.3834290504455566,1.3899999856948853,13.0906982421875
2010-10-26,9.230109214782715,28.139999389648438,8.4975004196167,,15.28178882598877,24.64325714111328,19.59375762939453,2.537429094314575,1.4240000247955322,13.2387113571167
2010-10-27,9.223512649536133,28.170000076293945,8.375499725341797,,15.229168891906738,24.868507385253906,19.707229614257812,2.549999952316284,1.399999976158142,13.071290016174316
2010-10-28,9.145907402038574,28.100000381469727,8.342000007629395,,15.281293869018555,24.84862518310547,19.8812313079834,2.509999990463257,1.4126670360565186,13.12224006652832
2010-10-29,9.018268585205078,28.149999618530273,8.261500358581543,,15.160737991333008,24.928112030029297,20.17626953125,2.4795711040496826,1.4559999704360962,13.144081115722656
2010-11-01,9.114148139953613,28.219999313354492,8.128999710083008,,15.192853927612305,24.789003372192383,20.388086318969727,2.3910000324249268,1.4273329973220825,13.178051948547363
2010-11-02,9.269354820251465,29.020000457763672,8.230500221252441,,15.20767593383789,24.48427391052246,20.72096061706543,2.451570987701416,1.4166669845581055,13.294515609741211
2010-11-03,9.372428894042969,28.799999237060547,8.423500061035156,,15.320819854736328,24.987741470336914,20.448617935180664,2.4494290351867676,1.4513330459594727,13.323639869689941
2010-11-04,9.536327362060547,29.459999084472656,8.446499824523926,,15.421858787536621,26.365636825561523,20.531829833984375,2.3974289894104004,1.659999966621399,13.432828903198242
2010-11-05,9.502167701721191,29.139999389648438,8.53849983215332,,15.441869735717773,27.120840072631836,20.31244659423828,2.4014289379119873,1.6293330192565918,13.394003868103027
2010-11-08,9.546812057495117,29.290000915527344,8.599499702453613,,15.483617782592773,26.835979461669922,20.282180786132812,2.4161429405212402,1.6653330326080322,13.323639869689941
2010-11-09,9.47070598602295,29.489999771118164,8.513500213623047,,15.435445785522461,26.43189239501953,20.388086318969727,2.435142993927002,1.6419999599456787,13.357608795166016
2010-11-10,9.529132843017578,29.790000915527344,8.666500091552734,,15.387520790100098,26.908849716186523,20.38053321838379,2.5267140865325928,1.957332968711853,13.226577758789062
2010-11-11,9.487785339355469,29.940000534057617,8.518500328063965,,15.246953964233398,26.511388778686523,20.183835983276367,2.502000093460083,1.869333028793335,13.185328483581543
2010-11-12,9.229509353637695,29.540000915527344,8.284000396728516,,14.903572082519531,26.23978042602539,19.87366485595703,2.4714291095733643,1.9893330335617065,13.134373664855957
2010-11-15,9.199841499328613,29.510000228881836,7.945000171661377,,14.710386276245117,26.55113983154297,19.820697784423828,2.4042859077453613,2.053333044052124,13.0906982421875
2010-11-16,9.036542892456055,29.020000457763672,7.888999938964844,,14.42011833190918,26.23978042602539,19.6456356048584,2.3628571033477783,1.9780000448226929,13.165918350219727
2010-11-17,9.003888130187988,28.899999618530273,7.917500019073486,,14.415919303894043,25.954917907714844,19.46295928955078,2.381143093109131,1.965999960899353,13.047022819519043
2010-11-18,9.241494178771973,28.68000030517578,8.208499908447266,,14.737314224243164,26.272903442382812,19.66847801208496,2.4047141075134277,1.9926669597625732,13.097973823547363
2010-11-19,9.190557479858398,28.860000610351562,8.241000175476074,,14.5957612991333,26.107282638549805,19.55430030822754,2.4719998836517334,2.065999984741211,13.197463035583496
2010-11-22,9.389209747314453,29.18000030517578,8.519499778747559,,14.605396270751953,25.511075973510742,19.584745407104492,2.6902859210968018,2.2266669273376465,13.195039749145508
2010-11-23,9.250476837158203,28.190000534057617,8.40999984741211,,14.402578353881836,24.928112030029297,19.120431900024414,2.6815710067749023,2.3046669960021973,13.02275562286377
2010-11-24,9.432354927062988,28.399999618530273,8.862500190734863,,14.698036193847656,25.27920913696289,19.310728073120117,2.696713924407959,2.3646669387817383,13.105252265930176
2010-11-26,9.438345909118652,28.719999313354492,8.859999656677246,,14.575258255004883,24.841997146606445,19.21938705444336,2.741429090499878,2.3546669483184814,13.039741516113281
2010-11-29,9.494378089904785,28.360000610351562,8.974499702453613,,14.380346298217773,25.113601684570312,19.265052795410156,2.8417139053344727,2.2886669635772705,13.06643009185791
2010-11-30,9.322990417480469,27.799999237060547,8.770000457763672,,13.72816276550293,24.7757568359375,19.227001190185547,2.9414288997650146,2.355333089828491,13.12467098236084
2010-12-01,9.480298042297363,28.3700008392334,8.827500343322754,,13.941603660583496,25.27259063720703,19.820695877075195,2.859143018722534,2.2899999618530273,13.272683143615723
2010-12-02,9.532731056213379,29.100000381469727,8.826499938964844,,14.126142501831055,26.041044235229492,20.467700958251953,2.7631430625915527,2.1566669940948486,13.284808158874512
2010-12-03,9.511454582214355,29.139999389648438,8.784000396728516,,14.155293464660645,26.23978042602539,20.566638946533203,2.6492860317230225,2.0993330478668213,13.253273963928223
2010-12-06,9.592658996582031,29.229999542236328,8.90250015258789,,14.287705421447754,26.43189239501953,20.42963409423828,2.763856887817383,2.02066707611084,13.22172737121582
2010-12-07,9.534527778625488,29.020000457763672,8.838500022888184,,14.50460433959961,26.001291275024414,20.452468872070312,2.711570978164673,2.1040000915527344,13.367310523986816
2010-12-08,9.61842155456543,29.209999084472656,8.814499855041504,,14.588598251342773,26.67036247253418,20.726490020751953,2.688999891281128,2.1579999923706055,13.29485034942627
2010-12-09,9.58096981048584,28.600000381469727,8.742500305175781,,14.612313270568848,27.034730911254883,20.61231231689453,2.729285955429077,2.136667013168335,13.258251190185547
2010-12-10,9.604939460754395,28.709999084472656,8.781000137329102,,14.629853248596191,27.445438385009766,20.810222625732422,2.780428886413574,2.101332902908325,13.243608474731445
2010-12-13,9.638201713562012,27.809999465942383,8.712499618530273,,14.689390182495117,27.4984188079834,20.741718292236328,2.625714063644409,2.0366671085357666,13.226529121398926
2010-12-14,9.596851348876953,28.149999618530273,8.696999549865723,,14.696552276611328,27.021469116210938,21.023347854614258,2.549285888671875,1.9019999504089355,13.28509521484375
2010-12-15,9.598949432373047,27.719999313354492,8.778499603271484,,14.582669258117676,26.637248992919922,21.19841766357422,2.549999952316284,1.9733330011367798,13.231413841247559
2010-12-16,9.625615119934082,28.520000457763672,8.902000427246094,,14.617500305175781,26.5047607421875,21.304975509643555,2.5950000286102295,2.053999900817871,13.329005241394043
2010-12-17,9.606440544128418,28.790000915527344,8.878999710083008,,14.595019340515137,26.27952003479004,21.236467361450195,2.571713924407959,2.0906670093536377,13.275334358215332
2010-12-20,9.654376029968262,29.18000030517578,9.16450023651123,,14.700258255004883,26.46500587463379,21.16796112060547,2.5435709953308105,2.113332986831665,13.119178771972656
2010-12-21,9.714005470275879,30.93000030517578,9.237500190734863,,14.898136138916016,27.16058921813965,21.365859985351562,2.6605710983276367,2.1506669521331787,13.089895248413086
2010-12-22,9.742768287658691,30.649999618530273,9.23799991607666,,14.957919120788574,27.929039001464844,21.457210540771484,2.6478569507598877,2.175333023071289,13.00694465637207
2010-12-23,9.696026802062988,30.850000381469727,9.129500389099121,,14.926791191101074,27.87604331970215,21.540935516357422,2.636857032775879,2.00600004196167,13.077699661254883
2010-12-27,9.728389739990234,30.950000762939453,9.107000350952148,,14.881092071533203,28.26688575744629,21.365859985351562,2.571571111679077,1.7033330202102661,13.070382118225098
2010-12-28,9.752063751220703,30.920000076293945,9.054499626159668,,14.795616149902344,28.22713279724121,21.320201873779297,2.623857021331787,1.7606669664382935,13.111858367919922
2010-12-29,9.74666976928711,30.969999313354492,9.168499946594238,,14.847000122070312,28.061525344848633,21.289751052856445,2.5752859115600586,1.848667025566101,13.194815635681152
2010-12-30,9.697826385498047,30.56999969482422,9.137499809265137,,14.794135093688965,27.97540283203125,21.19841766357422,2.568571090698242,1.7666670083999634,13.192374229431152
2010-12-31,9.664865493774414,30.780000686645508,9.0,,14.673333168029785,28.10126495361328,21.24408531188965,2.509999990463257,1.775333046913147,13.15821647644043
2011-01-03,9.874908447265625,31.290000915527344,9.211000442504883,,14.929758071899414,28.869718551635742,21.29736328125,2.5487139225006104,1.7746670246124268,13.31192684173584
2011-01-04,9.926445960998535,31.510000228881836,9.250499725341797,,14.87466812133789,29.287540435791016,21.381086349487305,2.5910000801086426,1.777999997138977,13.363160133361816
2011-01-05,10.007641792297363,32.220001220703125,9.371000289916992,,15.04636001586914,29.645673751831055,21.312583923339844,2.567570924758911,1.7886669635772705,13.275334358215332
2011-01-06,9.999554634094238,32.27000045776367,9.293000221252441,,15.155797958374023,29.49976348876953,21.936737060546875,2.5427141189575195,1.858667016029358,13.165539741516113
2011-01-07,10.07116413116455,32.040000915527344,9.274499893188477,,15.228425979614258,28.942668914794922,21.76927947998047,2.561429023742676,1.8826669454574585,13.194815635681152
2011-01-10,10.260833740234375,32.959999084472656,9.234000205993652,,15.173337936401367,28.78349494934082,21.480043411254883,2.684000015258789,1.8966670036315918,13.109417915344238
2011-01-11,10.236560821533203,32.97999954223633,9.217000007629395,,15.217804908752441,28.9161376953125,21.39632225036621,2.666429042816162,1.797333002090454,13.246050834655762
2011-01-12,10.319857597351074,33.56999969482422,9.204000473022461,,15.239048957824707,29.652305603027344,21.731233596801758,2.698570966720581,1.797333002090454,13.382680892944336
2011-01-13,10.357612609863281,33.380001068115234,9.27649974822998,,15.234604835510254,29.47987174987793,21.457210540771484,2.7355709075927734,1.7480000257492065,13.368042945861816
2011-01-14,10.441507339477539,33.790000915527344,9.4375,,15.419635772705078,29.784955978393555,21.540935516357422,2.735429048538208,1.7166670560836792,13.372929573059082
2011-01-18,10.206899642944336,34.18000030517578,9.5625,,15.801308631896973,29.678850173950195,21.814964294433594,2.7668569087982178,1.7093329429626465,13.453435897827148
2011-01-19,10.152667045593262,33.90999984741211,9.343500137329102,,15.60664176940918,28.98908805847168,21.67033576965332,2.7267138957977295,1.6019999980926514,13.426605224609375
2011-01-20,9.968092918395996,33.4900016784668,9.097999572753906,,15.483617782592773,29.678850173950195,21.578998565673828,2.642857074737549,1.5080000162124634,13.6608247756958
2011-01-21,9.789514541625977,33.27000045776367,8.871000289916992,,15.114542007446289,30.036983489990234,21.32781410217285,2.601285934448242,1.5360000133514404,13.597395896911621
2011-01-24,10.111017227172852,34.029998779296875,8.842499732971191,,15.096014976501465,29.857906341552734,21.60183334350586,2.628000020980835,1.6326669454574585,13.675463676452637
2011-01-25,10.229369163513184,33.560001373291016,8.835000038146973,,15.314148902893066,29.758419036865234,21.65511131286621,2.6677141189575195,1.6453330516815186,13.970694541931152
2011-01-26,10.302778244018555,33.52000045776367,8.769499778747559,,15.22990894317627,29.831384658813477,21.906291961669922,2.6147139072418213,1.649999976158142,13.985337257385254
2011-01-27,10.283604621887207,33.849998474121094,9.22249984741211,,15.23707389831543,29.910964965820312,21.974796295166016,3.0124289989471436,1.6613329648971558,14.046332359313965
2011-01-28,10.070568084716797,32.4900016784668,8.557000160217285,,14.846753120422363,29.5395565032959,21.122291564941406,3.114000082015991,1.6006669998168945,13.834059715270996
2011-01-31,10.167047500610352,33.04999923706055,8.482000350952148,,14.83119010925293,29.80484962463379,21.107072830200195,3.05828595161438,1.6066670417785645,13.680352210998535
2011-02-01,10.338133811950684,33.5099983215332,8.605500221252441,,15.095027923583984,30.46143341064453,21.304975509643555,3.041429042816162,1.593999981880188,13.743786811828613
2011-02-02,10.31686019897461,33.43000030517578,8.67650032043457,,15.118741989135742,30.14309310913086,21.26692008972168,3.0179998874664307,1.5959999561309814,13.62911319732666
2011-02-03,10.290494918823242,33.529998779296875,8.685500144958496,,15.073040008544922,30.14972496032715,21.04618263244629,3.0212860107421875,1.5753329992294312,13.643750190734863
2011-02-04,10.382181167602539,33.36000061035156,8.796500205993652,,15.093544006347656,29.572731018066406,21.137523651123047,3.143857002258301,1.5640000104904175,13.670586585998535
2011-02-07,10.543383598327637,33.560001373291016,8.821499824523926,,15.175314903259277,30.176250457763672,21.464818954467773,3.1145710945129395,1.5379999876022339,13.680352210998535
2011-02-08,10.642861366271973,33.56999969482422,9.152999877929688,,15.276352882385254,30.335420608520508,21.52570343017578,3.1089999675750732,1.6326669454574585,13.755982398986816
2011-02-09,10.731552124023438,33.0099983215332,9.265000343322754,,15.22990894317627,29.917591094970703,21.289751052856445,3.1755709648132324,1.547333002090454,13.84138011932373
2011-02-10,10.623087882995605,33.56999969482422,9.310500144958496,,15.228425979614258,30.196136474609375,20.932004928588867,3.188570976257324,1.5479999780654907,13.563237190246582
2011-02-11,10.692296028137207,33.66999816894531,9.462499618530273,,15.42754077911377,30.885887145996094,20.741718292236328,3.3010001182556152,1.5499999523162842,13.587634086608887
2011-02-14,10.762114524841309,33.86000061035156,9.520999908447266,,15.517709732055664,30.866004943847656,20.726490020751953,3.536428928375244,1.5386669635772705,13.370489120483398
2011-02-15,10.783685684204102,33.939998626708984,9.451499938964844,,15.418893814086914,31.051687240600586,20.642263412475586,3.439857006072998,1.5226670503616333,13.407079696655273
2011-02-16,10.880463600158691,34.689998626708984,9.331000328063965,,15.420621871948242,31.794490814208984,20.688207626342773,3.3959999084472656,1.6486669778823853,13.30948543548584
2011-02-17,10.73574447631836,34.97999954223633,9.387999534606934,,15.446313858032227,31.71491050720215,20.83368492126465,3.366142988204956,1.5733330249786377,13.35827922821045
2011-02-18,10.503832817077637,35.38999938964844,9.324999809265137,,15.565387725830078,31.83428192138672,20.718828201293945,3.364428997039795,1.5453330278396606,13.511999130249023
2011-02-22,10.14577865600586,33.7400016784668,9.020999908447266,,15.074522018432617,30.51449203491211,20.358972549438477,3.1657140254974365,1.4579999446868896,13.094779014587402
2011-02-23,10.265929222106934,33.380001068115234,8.833999633789062,,15.10194206237793,30.4813289642334,20.358972549438477,3.0171430110931396,1.4553329944610596,12.938627243041992
2011-02-24,10.273715019226074,33.45000076293945,8.887499809265137,,15.040182113647461,30.44816780090332,20.49679946899414,3.0739998817443848,1.5019999742507935,12.709282875061035
2011-02-25,10.431922912597656,34.630001068115234,8.862000465393066,,15.070322036743164,30.958847045898438,20.328346252441406,3.0348570346832275,1.5740000009536743,12.626320838928223
2011-02-28,10.583231925964355,34.5,8.66450023651123,,15.153327941894531,30.96546745300293,20.351322174072266,2.9524290561676025,1.5926669836044312,12.682440757751465
2011-03-01,10.46638011932373,33.970001220703125,8.472000122070312,,14.841071128845215,30.24257469177246,20.02973175048828,2.923285961151123,1.5959999561309814,12.704394340515137
2011-03-02,10.550572395324707,34.47999954223633,8.60099983215332,,14.841813087463379,29.983924865722656,19.968482971191406,2.9175710678100586,1.6013330221176147,12.68000602722168
2011-03-03,10.773499488830566,35.04999923706055,8.63949966430664,,15.058464050292969,30.560897827148438,20.06036376953125,2.9052860736846924,1.6239999532699585,12.689759254455566
2011-03-04,10.786681175231934,35.27000045776367,8.583499908447266,,14.83761215209961,30.18951988220215,19.868947982788086,3.0102860927581787,1.6633330583572388,12.704394340515137
2011-03-07,10.64765739440918,34.720001220703125,8.454000473022461,,14.616266250610352,29.970657348632812,19.692853927612305,2.9628570079803467,1.6626670360565186,12.692200660705566
2011-03-08,10.65964126586914,35.290000915527344,8.344499588012695,,14.632323265075684,30.773141860961914,19.838321685791016,2.7921431064605713,1.6440000534057617,12.79467487335205
2011-03-09,10.561060905456543,35.130001068115234,8.452500343322754,,14.61898422241211,30.879255294799805,19.823015213012695,2.756999969482422,1.6480000019073486,12.94086742401123
2011-03-10,10.387276649475098,34.86000061035156,8.307000160217285,,14.335630416870117,30.196136474609375,19.455495834350586,2.857429027557373,1.6006669998168945,12.935955047607422
2011-03-11,10.54667854309082,34.61000061035156,8.403499603271484,,14.24694538116455,30.335420608520508,19.662221908569336,2.921999931335449,1.6046669483184814,12.921212196350098
2011-03-14,10.593719482421875,34.08000183105469,8.33650016784668,,14.080934524536133,30.043603897094727,19.669870376586914,2.874285936355591,1.5499999523162842,12.854870796203613
2011-03-15,10.35012149810791,33.040000915527344,8.253999710083008,,14.070311546325684,29.585994720458984,19.440181732177734,3.1015710830688477,1.5299999713897705,12.79099178314209
2011-03-16,9.888089179992676,32.09000015258789,8.234999656677246,,13.762503623962402,29.055418014526367,18.98077392578125,3.054857015609741,1.5213329792022705,12.62391471862793
2011-03-17,10.026823043823242,31.84000015258789,8.048500061035156,,13.867740631103516,29.552825927734375,18.973125457763672,3.0557138919830322,1.5206669569015503,12.621459007263184
2011-03-18,9.907868385314941,31.989999771118164,8.090999603271484,,13.860329627990723,30.335420608520508,18.988433837890625,2.991429090499878,1.5306669473648071,12.658313751220703
2011-03-21,10.166447639465332,32.34000015258789,8.22599983215332,,14.241756439208984,30.262481689453125,19.39423370361328,3.0405709743499756,1.5153330564498901,12.756591796875
2011-03-22,10.223379135131836,32.880001068115234,8.130000114440918,,14.262011528015137,30.15636444091797,19.37127113342285,3.1627140045166016,1.4793330430984497,12.776246070861816
2011-03-23,10.163150787353516,31.68000030517578,8.265999794006348,,14.381579399108887,30.24257469177246,19.555028915405273,3.2722859382629395,1.480666995048523,12.687799453735352
2011-03-24,10.33633804321289,32.59000015258789,8.555000305175781,,14.498429298400879,30.328786849975586,19.761751174926758,3.2732861042022705,1.4886670112609863,12.921212196350098
2011-03-25,10.533197402954102,32.63999938964844,8.548999786376953,,14.321796417236328,30.415014266967773,19.61627960205078,3.2858569622039795,1.5166670083999634,12.8622407913208
2011-03-28,10.500235557556152,32.43000030517578,8.467499732971191,,14.213594436645508,30.4813289642334,19.455495834350586,3.3902859687805176,1.5499999523162842,12.822929382324219
2011-03-29,10.515816688537598,32.619998931884766,8.730999946594238,,14.370957374572754,30.521099090576172,19.516740798950195,3.3911430835723877,1.5946669578552246,12.840126037597656
2011-03-30,10.446002006530762,32.95000076293945,8.970999717712402,,14.373674392700195,30.806291580200195,19.608623504638672,3.3992860317230225,1.5806670188903809,12.864697456359863
2011-03-31,10.442403793334961,33.15999984741211,9.006500244140625,,14.495216369628906,30.574169158935547,19.440181732177734,3.3968570232391357,1.850000023841858,12.78853702545166
2011-04-01,10.324052810668945,34.15999984741211,9.006500244140625,,14.619725227355957,30.739971160888672,19.509082794189453,3.4584290981292725,1.7773330211639404,12.808189392089844
2011-04-04,10.223076820373535,34.369998931884766,9.147000312805176,,14.517946243286133,30.900014877319336,19.562686920166016,3.496000051498413,1.722000002861023,12.935955047607422
2011-04-05,10.15416431427002,34.18000030517578,9.26449966430664,,14.058700561523438,31.06005096435547,19.738780975341797,3.489000082015991,1.7799999713897705,12.958062171936035
2011-04-06,10.128694534301758,34.2400016784668,9.137999534606934,,14.184442520141602,31.766857147216797,20.02208137512207,3.42814302444458,1.7660000324249268,13.017034530639648
2011-04-07,10.129894256591797,34.47999954223633,9.245499610900879,,14.328219413757324,31.60683822631836,20.06036376953125,3.3422861099243164,1.815999984741211,13.021940231323242
2011-04-08,10.03940486907959,34.150001525878906,9.23550033569336,,14.28276538848877,31.233409881591797,19.960826873779297,3.3551430702209473,1.7660000324249268,12.908920288085938
2011-04-11,9.911763191223145,34.380001068115234,9.20199966430664,,14.263248443603516,31.24675941467285,19.891918182373047,3.2594289779663086,1.6846669912338257,12.977723121643066
2011-04-12,9.959705352783203,34.09000015258789,9.02400016784668,,14.096250534057617,31.100067138671875,19.631591796875,3.3417139053344727,1.6433329582214355,13.14970588684082
2011-04-13,10.071468353271484,34.209999084472656,9.114500045776367,,14.236322402954102,30.839988708496094,19.623939514160156,3.4107139110565186,1.6619999408721924,13.176736831665039
2011-04-14,9.960301399230957,34.33000183105469,9.090999603271484,,14.291411399841309,29.98649024963379,19.463150024414062,3.381856918334961,1.6759999990463257,13.144789695739746
2011-04-15,9.811686515808105,34.5099983215332,9.000499725341797,,13.110321998596191,29.93313217163086,19.424869537353516,3.364142894744873,1.7053329944610596,13.157082557678223
2011-04-18,9.94322395324707,33.849998474121094,8.916999816894531,,13.01496410369873,29.312990188598633,19.20282554626465,3.3332860469818115,1.668666958808899,13.09811019897461
2011-04-19,10.123302459716797,33.650001525878906,8.940999984741211,,12.883787155151367,29.77310562133789,19.256425857543945,3.450714111328125,1.6773329973220825,13.10793399810791
2011-04-20,10.259634971618652,33.689998626708984,9.193499565124512,,12.987543106079102,29.713092803955078,19.723472595214844,3.4918570518493652,1.7166670560836792,13.191474914550781
2011-04-21,10.508024215698242,33.47999954223633,9.294500350952148,,12.971980094909668,29.79311180114746,19.539714813232422,3.6031429767608643,1.7826670408248901,13.164454460144043
2011-04-25,10.577241897583008,33.22999954223633,9.270999908447266,,12.970744132995605,29.746429443359375,19.608623504638672,3.5952858924865723,1.7593330144882202,13.112859725952148
2011-04-26,10.499635696411133,33.130001068115234,9.114999771118164,,13.162693977355957,30.086503982543945,20.052709579467773,3.2701430320739746,1.7953330278396606,13.245529174804688
2011-04-27,10.491546630859375,33.650001525878906,9.831500053405762,,13.284729957580566,30.33990478515625,20.19818115234375,3.370857000350952,1.8053330183029175,13.370835304260254
2011-04-28,10.38967227935791,34.02000045776367,9.753499984741211,,13.2899169921875,30.573284149169922,20.450843811035156,3.3481431007385254,1.843999981880188,13.43717098236084
2011-04-29,10.490949630737305,33.54999923706055,9.790499687194824,,13.441352844238281,30.42658042907715,19.845979690551758,3.323857069015503,1.840000033378601,13.5084228515625
2011-05-02,10.375590324401855,33.54999923706055,10.059499740600586,,13.304492950439453,30.12651252746582,19.64690399169922,3.3884289264678955,1.8300000429153442,13.523162841796875
2011-05-03,10.433121681213379,33.4900016784668,9.922499656677246,,13.189126014709473,30.619956970214844,19.761751174926758,3.303428888320923,1.7913329601287842,13.626364707946777
2011-05-04,10.474166870117188,33.220001220703125,9.998499870300293,,13.236063957214355,30.33990478515625,19.953170776367188,3.2741429805755615,1.7793329954147339,13.604246139526367
2011-05-05,10.38967227935791,32.939998626708984,9.855500221252441,,13.198513984680176,30.119848251342773,19.746440887451172,3.2901430130004883,1.762666940689087,13.530536651611328
2011-05-06,10.386975288391113,33.400001525878906,9.880000114440918,,13.223957061767578,30.033164978027344,19.80769157409668,3.2781429290771484,1.8079999685287476,13.518254280090332
2011-05-09,10.415138244628906,33.970001220703125,10.039999961853027,,13.28275203704834,29.97981071472168,19.777069091796875,3.377285957336426,1.8606669902801514,13.537908554077148
2011-05-10,10.470573425292969,34.75,10.196999549865723,,13.405777931213379,30.11316680908203,19.65456199645996,3.394714117050171,1.8886669874191284,13.643563270568848
2011-05-11,10.404053688049316,35.400001525878906,10.218999862670898,,13.227663040161133,29.493040084838867,19.417207717895508,3.438143014907837,1.8046669960021973,13.644795417785645
2011-05-12,10.38428020477295,35.86000061035156,10.303500175476074,,13.21778392791748,29.399702072143555,19.386579513549805,3.510999917984009,1.8446669578552246,13.780826568603516
2011-05-13,10.202400207519531,35.33000183105469,10.128000259399414,,13.08191204071045,28.772876739501953,19.16453742980957,3.521713972091675,1.8366669416427612,13.780826568603516
2011-05-16,9.986672401428223,34.38999938964844,9.625499725341797,,12.806957244873047,28.59286117553711,18.812339782714844,3.38700008392334,1.773332953453064,13.864914894104004
2011-05-17,10.071761131286621,34.720001220703125,9.740500450134277,,13.104392051696777,29.212980270385742,18.897106170654297,3.384856939315796,1.730666995048523,13.73630428314209
2011-05-18,10.183526992797852,34.869998931884766,9.854499816894531,,13.088335037231445,29.39302635192871,19.028127670288086,3.4648571014404297,1.7566670179367065,13.647275924682617
2011-05-19,10.203303337097168,35.40999984741211,9.9399995803833,,13.123907089233398,29.33968162536621,19.05124855041504,3.4675710201263428,1.8799999952316284,13.72146987915039
2011-05-20,10.044197082519531,35.310001373291016,9.932499885559082,,12.945547103881836,28.75954818725586,18.873987197875977,3.512856960296631,1.8646670579910278,13.674474716186523
2011-05-23,10.01962947845459,34.43000030517578,9.810999870300293,,12.806217193603516,28.372798919677734,18.62737464904785,3.54042911529541,1.7879999876022339,13.657157897949219
2011-05-24,9.953413009643555,34.13999938964844,9.66349983215332,,12.80300521850586,28.23278045654297,18.61195182800293,3.5371429920196533,1.7813329696655273,13.548341751098633
2011-05-25,10.0909423828125,34.130001068115234,9.61299991607666,,12.837838172912598,28.186086654663086,18.642786026000977,3.706713914871216,1.9320000410079956,13.493929862976074
2011-05-26,10.037604331970215,34.540000915527344,9.75,,12.799793243408203,28.306133270263672,19.01270866394043,3.767857074737549,1.9653329849243164,13.508772850036621
2011-05-27,10.109818458557129,34.290000915527344,9.706500053405762,,12.868224143981934,28.532833099365234,19.08207130432129,3.7787139415740967,1.9700000286102295,13.528558731079102
2011-05-31,10.422032356262207,34.630001068115234,9.834500312805176,,13.068818092346191,28.83289909362793,19.274738311767578,3.8685710430145264,2.0093328952789307,13.657157897949219
2011-06-01,10.352517127990723,34.119998931884766,9.619999885559082,,12.984331130981445,27.846012115478516,18.827747344970703,3.818000078201294,1.901332974433899,13.429622650146484
2011-06-02,10.370197296142578,34.2599983215332,9.682499885559082,,13.045103073120117,27.746000289916992,18.665903091430664,3.8814289569854736,1.9173330068588257,13.244132995605469
2011-06-03,10.290494918823242,33.27000045776367,9.416000366210938,,12.922077178955078,27.71932601928711,18.4269962310791,3.9100000858306885,2.0086669921875,13.271337509155273
2011-06-06,10.128694534301758,32.84000015258789,9.284500122070312,,12.872177124023438,27.025842666625977,18.504056930541992,3.751286029815674,1.9133330583572388,13.296066284179688
2011-06-07,9.948914527893066,33.0099983215332,9.3774995803833,,12.822027206420898,27.152536392211914,18.542593002319336,3.7669999599456787,1.891332983970642,13.31337833404541
2011-06-08,9.954909324645996,32.2400016784668,9.40250015258789,,12.825485229492188,26.93248748779297,18.450115203857422,3.7465710639953613,1.8079999685287476,13.27875804901123
2011-06-09,9.932437896728516,32.220001220703125,9.484000205993652,,12.765210151672363,27.325910568237305,18.46552276611328,3.750999927520752,1.841333031654358,13.261446952819824
2011-06-10,9.764946937561035,31.670000076293945,9.326499938964844,,12.586845397949219,27.372589111328125,18.272863388061523,3.694571018218994,1.8573329448699951,13.038856506347656
2011-06-13,9.785921096801758,31.65999984741211,9.314499855041504,,12.468761444091797,27.785999298095703,18.52718162536621,3.6745710372924805,1.8953330516815186,13.014123916625977
2011-06-14,9.96090316772461,32.09000015258789,9.498000144958496,,12.558686256408691,27.746000289916992,18.665903091430664,3.73042893409729,1.9066669940948486,13.08584976196289
2011-06-15,9.790410041809082,31.1299991607666,9.298999786376953,,12.424789428710938,27.125865936279297,18.295976638793945,3.673142910003662,1.8213330507278442,12.939924240112305
2011-06-16,9.742768287658691,30.799999237060547,9.182499885559082,,12.361051559448242,26.912485122680664,18.49635124206543,3.561429023742676,1.7666670083999634,13.066065788269043
2011-06-17,9.595954895019531,30.469999313354492,9.318499565124512,,11.98184871673584,27.20587921142578,18.696720123291016,3.509571075439453,1.7666670083999634,13.06358814239502
2011-06-20,9.44793701171875,30.950000762939453,9.38599967956543,,11.970979690551758,26.99250602722168,18.858579635620117,3.509000062942505,1.7339999675750732,13.118001937866211
2011-06-21,9.746964454650879,32.0099983215332,9.71150016784668,,12.178985595703125,27.279224395751953,19.08207130432129,3.6235709190368652,1.835332989692688,13.179827690124512
2011-06-22,9.666366577148438,30.010000228881836,9.581500053405762,,12.031009674072266,27.132530212402344,18.997295379638672,3.55228590965271,1.8140000104904175,13.110576629638672
2011-06-23,9.924649238586426,30.440000534057617,9.708000183105469,,11.863269805908203,26.719114303588867,18.981887817382812,3.6531429290771484,1.8473329544067383,13.179827690124512
2011-06-24,9.778430938720703,29.969999313354492,9.6274995803833,,11.731352806091309,26.332361221313477,18.727558135986328,3.6708569526672363,1.8380000591278076,12.962181091308594
2011-06-27,9.948914527893066,30.889999389648438,10.0625,,11.927009582519531,26.592418670654297,19.421171188354492,3.7160000801086426,1.8306670188903809,12.932504653930664
2011-06-28,10.045397758483887,30.790000915527344,10.117500305175781,,12.19504451751709,26.36569595336914,19.883575439453125,3.7869999408721924,1.8739999532699585,12.991862297058105
2011-06-29,10.008845329284668,31.149999618530273,10.208999633789062,,12.291884422302246,26.972503662109375,19.744861602783203,3.7848570346832275,1.8860000371932983,13.019063949584961
2011-06-30,10.057682991027832,31.450000762939453,10.224499702453613,,12.509522438049316,27.299232482910156,20.037717819213867,3.752713918685913,1.9420000314712524,13.142733573913574
2011-07-01,10.285101890563965,31.530000686645508,10.474499702453613,,12.871435165405273,27.89634895324707,20.053129196166992,3.8284289836883545,1.9346669912338257,13.234241485595703
2011-07-05,10.469978332519531,31.520000457763672,10.659500122070312,,13.153306007385254,27.527345657348633,20.060836791992188,4.137570858001709,1.942667007446289,13.20456600189209
2011-07-06,10.539786338806152,31.649999618530273,10.709500312805176,,13.225440979003906,27.212018966674805,20.292037963867188,4.156570911407471,1.9306670427322388,13.286178588867188
2011-07-07,10.70278549194336,32.06999969482422,10.836999893188477,,13.503111839294434,27.721900939941406,20.63114356994629,4.17742919921875,1.9819999933242798,13.476615905761719
2011-07-08,10.777992248535156,31.540000915527344,10.913999557495117,,13.14218807220459,27.33277702331543,20.74673080444336,4.2162861824035645,1.920667052268982,13.375214576721191
2011-07-11,10.606904029846191,30.979999542236328,10.6274995803833,,13.025834083557129,26.453893661499023,20.523242950439453,4.15342903137207,1.8899999856948853,13.32327938079834
2011-07-12,10.59941291809082,30.350000381469727,10.56149959564209,,13.19209098815918,26.427053451538086,20.45389175415039,4.160999774932861,1.878000020980835,13.340587615966797
2011-07-13,10.727357864379883,30.06999969482422,10.675000190734863,,13.29708194732666,26.581357955932617,20.523242950439453,4.267570972442627,1.9093329906463623,13.360373497009277
2011-07-14,10.719865798950195,29.350000381469727,10.519000053405762,,13.066842079162598,27.071134567260742,20.39993667602539,4.094571113586426,1.8406670093536377,13.263923645019531
2011-07-15,10.934100151062012,29.290000915527344,10.643500328063965,,14.763501167297363,26.822895050048828,20.638851165771484,4.098999977111816,1.8386670351028442,13.263923645019531
2011-07-18,11.200173377990723,28.770000457763672,10.576499938964844,,14.697295188903809,26.72225570678711,20.49242401123047,3.9857139587402344,1.8153330087661743,13.18724536895752
2011-07-19,11.291558265686035,29.399999618530273,10.902999877929688,,14.885290145874023,27.09796142578125,21.224563598632812,4.104143142700195,1.8593330383300781,13.34801197052002
2011-07-20,11.592691421508789,29.15999984741211,10.77750015258789,,14.70742130279541,27.48037338256836,20.854633331298828,4.019999980926514,1.9126670360565186,13.328217506408691
2011-07-21,11.604372024536133,29.559999465942383,10.660499572753906,,14.994977951049805,28.372684478759766,20.88546371459961,3.94014310836792,1.9133330583572388,13.471671104431152
2011-07-22,11.78444766998291,29.719999313354492,10.826000213623047,,15.272644996643066,28.305593490600586,21.216859817504883,3.9511430263519287,1.952666997909546,13.484037399291992
2011-07-25,11.94025707244873,29.649999618530273,10.674500465393066,,15.291173934936523,27.970144271850586,21.509721755981445,4.021856784820557,1.8993330001831055,13.34801197052002
2011-07-26,12.08737850189209,29.6299991607666,10.708999633789062,,15.378625869750977,27.802410125732422,21.640731811523438,3.812999963760376,1.8666670322418213,13.2540283203125
2011-07-27,11.763176918029785,28.5,11.12600040435791,,15.000657081604004,27.285810470581055,21.062721252441406,3.8488569259643555,1.8426669836044312,13.16993522644043
2011-07-28,11.740105628967285,28.020000457763672,11.194999694824219,,15.092555046081543,27.29252815246582,21.36328887939453,3.808856964111328,1.878000020980835,13.105631828308105
2011-07-29,11.699954986572266,27.709999084472656,11.12600040435791,,14.913453102111816,27.13822364807129,21.116668701171875,3.7998569011688232,1.878000020980835,13.036383628845215
2011-08-01,11.887822151184082,27.670000076293945,11.065999984741211,,14.989541053771973,27.13150405883789,21.016483306884766,3.762571096420288,1.9179999828338623,13.014123916625977
2011-08-02,11.652911186218262,27.030000686645508,10.585000038146973,,14.634547233581543,26.728960037231445,20.654258728027344,3.674285888671875,1.8226670026779175,12.781639099121094
2011-08-03,11.762577056884766,27.3700008392334,10.498000144958496,,14.851200103759766,26.769227981567383,20.74673080444336,3.7142860889434814,1.8133330345153809,12.682707786560059
2011-08-04,11.307138442993164,26.149999618530273,10.074000358581543,,14.266955375671387,25.440820693969727,19.991479873657227,3.510999917984009,1.649999976158142,12.390870094299316
2011-08-05,11.194777488708496,25.6200008392334,10.135000228881836,,14.30450439453125,25.22612762451172,19.79109764099121,3.4444289207458496,1.6160000562667847,12.576361656188965
2011-08-08,10.583231925964355,23.90999984741211,9.6850004196167,,13.48878288269043,22.851119995117188,18.86627960205078,3.2377140522003174,1.5759999752044678,12.099028587341309
2011-08-09,11.206461906433105,24.809999465942383,10.254500389099121,,14.165422439575195,24.421035766601562,19.714031219482422,3.3971428871154785,1.670667052268982,12.568939208984375
2011-08-10,10.897244453430176,22.799999237060547,9.706500053405762,,13.562647819519043,23.059093475341797,18.650487899780273,3.3202860355377197,1.5880000591278076,12.05950927734375
2011-08-11,11.197174072265625,24.0,9.918000221252441,,13.886762619018555,24.615598678588867,19.413471221923828,3.4732859134674072,1.6866669654846191,12.388336181640625
2011-08-12,11.295753479003906,24.100000381469727,10.114999771118164,,13.927277565002441,24.09229850769043,19.34410285949707,3.4857139587402344,1.753999948501587,12.393315315246582
2011-08-15,11.488114356994629,24.649999618530273,10.147500038146973,,13.765713691711426,24.743074417114258,19.660083770751953,3.5182859897613525,1.7486670017242432,12.450615882873535
2011-08-16,11.400323867797852,24.6299991607666,9.883999824523926,,13.315362930297852,24.172809600830078,19.660091400146484,3.4148569107055664,1.7400000095367432,12.933889389038086
2011-08-17,11.399128913879395,24.559999465942383,9.796500205993652,,13.170845985412598,24.53508949279785,19.5825252532959,3.317713975906372,1.722000002861023,12.841713905334473
2011-08-18,10.967957496643066,23.280000686645508,9.12600040435791,,12.4724702835083,23.609233856201172,19.132715225219727,3.1068570613861084,1.6173330545425415,12.901503562927246
2011-08-19,10.667729377746582,22.690000534057617,8.946499824523926,,12.127603530883789,23.045684814453125,18.65188217163086,2.9315710067749023,1.4866670370101929,13.02855396270752
2011-08-22,10.680012702941895,23.170000076293945,8.876999855041504,,12.306706428527832,22.415023803710938,18.597585678100586,2.9315710067749023,1.463333010673523,13.001152038574219
2011-08-23,11.194181442260742,23.780000686645508,9.677499771118164,,12.816840171813965,23.334169387817383,19.171489715576172,3.1362860202789307,1.5306669473648071,13.25524616241455
2011-08-24,11.271485328674316,24.100000381469727,9.68649959564209,,12.927265167236328,24.038625717163086,19.311086654663086,3.0861430168151855,1.591333031654358,13.295108795166016
2011-08-25,11.197774887084961,23.8700008392334,9.601499557495117,,12.846977233886719,23.964828491210938,19.055160522460938,3.0832860469818115,1.5406670570373535,13.12820053100586
2011-08-26,11.493208885192871,24.540000915527344,9.963500022888184,,13.015458106994629,24.293569564819336,19.5825252532959,3.1698570251464844,1.5820000171661377,13.178021430969238
2011-08-29,11.684675216674805,25.520000457763672,10.326499938964844,,13.317339897155762,25.252973556518555,20.040102005004883,3.2148571014404297,1.647333025932312,13.250261306762695
2011-08-30,11.685270309448242,25.190000534057617,10.545999526977539,,13.357358932495117,24.86383628845215,20.342559814453125,3.3754289150238037,1.6419999599456787,13.158090591430664
2011-08-31,11.530660629272461,25.239999771118164,10.761500358581543,,13.363781929016113,25.199296951293945,20.6295166015625,3.357285976409912,1.6493330001831055,13.250261306762695
2011-09-01,11.416803359985352,24.770000457763672,10.626999855041504,,13.154786109924316,24.353944778442383,20.327049255371094,3.3324289321899414,1.600000023841858,13.115747451782227
2011-09-02,11.207662582397461,24.149999618530273,10.5,,12.965557098388672,23.23352813720703,20.00907325744629,3.044429063796997,1.5379999876022339,12.961295127868652
2011-09-06,11.37814998626709,23.739999771118164,10.809000015258789,,12.8998441696167,22.435157775878906,19.784175872802734,3.125286102294922,1.5293329954147339,12.874101638793945
2011-09-07,11.503695487976074,25.299999237060547,10.994999885559082,,13.192584037780762,23.361005783081055,20.164194107055664,3.085714101791382,1.5893330574035645,13.058448791503906
2011-09-08,11.509987831115723,24.989999771118164,10.86299991607666,,13.215558052062988,22.482114791870117,20.334802627563477,3.0171430110931396,1.5740000009536743,13.00613021850586
2011-09-09,11.310437202453613,24.639999389648438,10.569499969482422,,12.965803146362305,21.522724151611328,19.962549209594727,2.9138569831848145,1.5313329696655273,12.794389724731445
2011-09-12,11.384145736694336,25.200000762939453,10.82800006866455,,13.095993041992188,21.75082778930664,20.078880310058594,3.000714063644409,1.525333046913147,12.908980369567871
2011-09-13,11.524371147155762,25.18000030517578,10.976499557495117,,13.081171035766602,21.79779052734375,20.19521141052246,2.982142925262451,1.6053329706192017,12.851686477661133
2011-09-14,11.66459846496582,25.760000228881836,11.128499984741211,,13.1441650390625,22.00576400756836,20.55196189880371,2.9815709590911865,1.6226669549942017,13.003640174865723
2011-09-15,11.774262428283691,26.1200008392334,11.33899974822998,,13.403307914733887,22.68338966369629,20.931978225708008,2.4178569316864014,1.6546670198440552,13.080862998962402
2011-09-16,12.00018310546875,25.520000457763672,11.96500015258789,,13.505086898803711,22.428443908691406,21.032794952392578,2.2170000076293945,1.7200000286102295,13.115747451782227
2011-09-19,12.33366870880127,25.270000457763672,12.084500312805176,,13.504840850830078,21.79779052734375,21.10260009765625,2.0535709857940674,1.718000054359436,13.065922737121582
2011-09-20,12.388202667236328,24.639999389648438,11.662500381469727,,13.503852844238281,21.63677978515625,20.92422103881836,1.857571005821228,1.7339999675750732,13.026061058044434
2011-09-21,12.348954200744629,24.889999389648438,11.593500137329102,,13.32030200958252,20.3553409576416,20.156435012817383,1.8357139825820923,1.7233330011367798,12.784425735473633
2011-09-22,12.039734840393066,24.309999465942383,11.161499977111816,,12.862293243408203,19.637470245361328,19.435178756713867,1.8361430168151855,1.7086670398712158,12.525346755981445
2011-09-23,12.114046096801758,24.8799991607666,11.180500030517578,,12.982108116149902,19.8521671295166,19.435178756713867,1.8480000495910645,1.7586669921875,12.65488338470459
2011-09-26,12.080185890197754,25.1299991607666,11.492500305175781,,13.139717102050781,21.234235763549805,19.729877471923828,1.8888570070266724,1.7013330459594727,12.911471366882324
2011-09-27,11.963027954101562,25.559999465942383,11.21049976348877,,13.323762893676758,21.18055534362793,19.908252716064453,1.8212859630584717,1.746000051498413,12.961295127868652
2011-09-28,11.895612716674805,25.110000610351562,11.48550033569336,,13.064373016357422,20.442556381225586,19.838459014892578,1.8162859678268433,1.6393330097198486,12.78193187713623
2011-09-29,11.702651977539062,24.989999771118164,11.121999740600586,,13.031268119812012,21.059791564941406,19.737638473510742,1.6169999837875366,1.6080000400543213,12.936379432678223
2011-09-30,11.425492286682129,24.170000076293945,10.81149959564209,,12.72346019744873,20.20774269104004,19.30333709716797,1.6181429624557495,1.6260000467300415,12.928908348083496
2011-10-03,11.224143981933594,23.260000228881836,10.598999977111816,,12.241239547729492,19.22150230407715,19.02414321899414,1.6178569793701172,1.5820000171661377,12.943853378295898
2011-10-04,11.16122055053711,24.040000915527344,10.625,,12.398850440979004,20.480379104614258,19.652328491210938,1.6414289474487305,1.5773329734802246,13.173035621643066
2011-10-05,11.33350658416748,24.68000030517578,10.975000381469727,,12.468022346496582,20.872922897338867,20.078880310058594,1.7108570337295532,1.6913330554962158,13.115747451782227
2011-10-06,11.307138442993164,25.329999923706055,11.075499534606934,,12.715306282043457,21.91522216796875,20.427873611450195,1.760571002960205,1.797333002090454,13.140653610229492
2011-10-07,11.080322265625,25.280000686645508,11.237000465393066,,12.725435256958008,20.778181076049805,20.358078002929688,1.6744290590286255,1.7993329763412476,13.377312660217285
2011-10-10,11.64991569519043,25.760000228881836,11.565999984741211,,13.27015495300293,21.861080169677734,20.893199920654297,1.5945709943771362,1.858667016029358,13.653827667236328
2011-10-11,11.993894577026367,25.84000015258789,11.77400016784668,,13.418625831604004,21.861080169677734,20.939733505249023,1.5522860288619995,1.8406670093536377,13.631406784057617
2011-10-12,12.050824165344238,25.8799991607666,11.840499877929688,,13.550048828125,22.470205307006836,20.908706665039062,1.623142957687378,1.8533329963684082,13.7509765625
2011-10-13,12.237789154052734,25.799999237060547,11.807499885559082,,13.80919361114502,21.38730812072754,21.079334259033203,1.6715710163116455,1.8626669645309448,13.706140518188477
2011-10-14,12.644390106201172,26.809999465942383,12.33549976348877,,14.616759300231934,21.58358383178711,21.149126052856445,1.6577140092849731,1.8700000047683716,13.815746307373047
2011-10-17,12.584166526794434,26.239999771118164,12.116499900817871,,14.38775634765625,21.008291244506836,20.92422103881836,1.6761430501937866,1.8279999494552612,13.646346092224121
2011-10-18,12.651581764221191,26.760000228881836,12.194000244140625,,14.58785629272461,22.246862411499023,21.180150985717773,1.5962860584259033,1.8893330097198486,13.922863960266113
2011-10-19,11.943853378295898,26.020000457763672,11.576499938964844,,14.345511436462402,21.827239990234375,21.040552139282227,1.563143014907837,1.8380000591278076,14.012545585632324
2011-10-20,11.84467601776123,26.079999923706055,11.680500030517578,,14.4188814163208,22.422826766967773,20.970748901367188,1.5925710201263428,1.8226670026779175,14.042438507080078
2011-10-21,11.771564483642578,27.299999237060547,11.73900032043457,,14.587362289428711,22.61910629272461,21.063812255859375,1.6720000505447388,1.8686670064926147,14.179450035095215
2011-10-24,12.158086776733398,28.200000762939453,11.880499839782715,,14.733857154846191,23.397445678710938,21.087085723876953,1.6977139711380005,1.9033329486846924,14.144576072692871
2011-10-25,11.918388366699219,27.850000381469727,11.357500076293945,,14.406282424926758,22.666486740112305,20.792381286621094,1.1052860021591187,1.8833329677581787,14.127135276794434
2011-10-26,12.003182411193848,27.809999465942383,9.920000076293945,,14.484100341796875,23.133481979370117,20.621767044067383,1.1342860460281372,1.8653329610824585,14.291552543640137
2011-10-27,12.125728607177734,28.34000015258789,10.33899974822998,,14.78943920135498,25.055631637573242,21.13361358642578,1.1551430225372314,1.9173330068588257,14.401159286499023
2011-10-28,12.133515357971191,29.020000457763672,10.866000175476074,,14.825754165649414,24.832284927368164,20.92422103881836,1.2020000219345093,1.9913330078125,14.23674488067627
2011-10-31,12.128426551818848,29.40999984741211,10.67549991607666,,14.640475273132324,23.526042938232422,20.652780532836914,1.1725709438323975,1.9579999446868896,14.12962818145752
2011-11-01,11.88062858581543,28.59000015258789,10.604999542236328,,14.294870376586914,22.138574600219727,20.156435012817383,1.144142985343933,1.925333023071289,14.007568359375
2011-11-02,11.90759563446045,29.350000381469727,10.781000137329102,,14.447291374206543,22.768007278442383,20.171945571899414,1.1912859678268433,1.9140000343322754,14.16450023651123
2011-11-03,12.077189445495605,30.15999984741211,10.91450023651123,,14.760537147521973,23.268844604492188,20.575227737426758,1.3184289932250977,2.1640000343322754,14.30400562286377
2011-11-04,11.992393493652344,29.790000915527344,10.824000358581543,,14.72693920135498,22.991357803344727,20.358078002929688,1.2860000133514404,2.1540000438690186,14.323936462402344
2011-11-07,11.977110862731934,29.920000076293945,10.850000381469727,,15.028080940246582,23.174091339111328,20.78462791442871,1.2975709438323975,2.0846669673919678,14.43354606628418
2011-11-08,12.171875953674316,30.420000076293945,10.899499893188477,,15.127140998840332,23.702009201049805,21.063812255859375,1.292428970336914,2.122667074203491,14.77731990814209
2011-11-09,11.84377670288086,28.079999923706055,10.560999870300293,,14.84576416015625,22.023517608642578,20.319293975830078,1.2578569650650024,2.058666944503784,14.460946083068848
2011-11-10,11.542350769042969,28.030000686645508,10.53950023651123,,14.700754165649414,22.158876419067383,20.381336212158203,1.215999960899353,2.0886669158935547,14.480881690979004
2011-11-11,11.524371147155762,28.43000030517578,10.869500160217285,,15.028572082519531,22.524356842041016,20.86993408203125,1.2535710334777832,2.2426669597625732,14.747431755065918
2011-11-14,11.363768577575684,28.239999771118164,10.946499824523926,,15.143445014953613,22.03028106689453,20.75360107421875,1.2245709896087646,2.2146670818328857,14.670202255249023
2011-11-15,11.65051555633545,28.469999313354492,10.891500473022461,,15.231391906738281,22.13180923461914,20.89425277709961,1.232571005821228,2.26200008392334,14.313973426818848
2011-11-16,11.528868675231934,28.540000915527344,10.599499702453613,,15.105648040771484,21.2993221282959,20.370718002319336,1.1597139835357666,2.3293330669403076,14.119659423828125
2011-11-17,11.308338165283203,27.690000534057617,10.22599983215332,,14.843788146972656,20.636049270629883,19.956586837768555,1.0922859907150269,2.245332956314087,14.132115364074707
2011-11-18,11.23432731628418,27.18000030517578,9.857000350952148,,14.695813179016113,20.724031448364258,19.76906394958496,1.1151429414749146,2.173332929611206,14.256674766540527
2011-11-21,11.056650161743164,26.6299991607666,9.462499618530273,,14.351441383361816,20.243494033813477,19.534643173217773,1.0638569593429565,2.117332935333252,14.114681243896484
2011-11-22,11.28136920928955,26.329999923706055,9.616999626159668,,14.328219413757324,19.905086517333984,19.370542526245117,1.0064289569854736,2.138000011444092,14.162009239196777
2011-11-23,10.996126174926758,25.940000534057617,9.44950008392334,,14.08389949798584,19.207962036132812,19.120508193969727,0.9785709977149963,2.0966670513153076,14.109699249267578
2011-11-25,10.893651008605957,25.829999923706055,9.119999885559082,,13.90825366973877,19.27565574645996,18.987667083740234,0.9122859835624695,2.1106669902801514,14.171977996826172
2011-11-28,11.269684791564941,26.6200008392334,9.707500457763672,,14.53054428100586,19.73588752746582,19.43306541442871,0.9992859959602356,2.1706669330596924,14.261656761169434
2011-11-29,11.182190895080566,26.06999969482422,9.419500350952148,,14.400602340698242,19.329797744750977,19.409616470336914,0.9652860164642334,2.1166670322418213,14.490839958190918
2011-11-30,11.451859474182129,27.420000076293945,9.614500045776367,,14.80722713470459,20.960912704467773,19.987838745117188,0.9218569993972778,2.1826670169830322,14.672694206237793
2011-12-01,11.623554229736328,27.139999389648438,9.856499671936035,,15.162468910217285,20.61573600769043,19.753433227539062,0.9595710039138794,2.173332929611206,14.600444793701172
2011-12-02,11.676583290100098,27.110000610351562,9.80150032043457,,15.32526683807373,21.881380081176758,19.706544876098633,0.9481430053710938,2.2200000286102295,14.470907211303711
2011-12-05,11.775758743286133,27.90999984741211,9.812000274658203,,15.455949783325195,22.680021286010742,20.081613540649414,1.0017139911651611,2.2946670055389404,14.533194541931152
2011-12-06,11.714035034179688,27.959999084472656,9.599499702453613,,15.409505844116211,22.490510940551758,20.050357818603516,0.9734290242195129,2.324666976928711,14.642792701721191
2011-12-07,11.658306121826172,27.860000610351562,9.765999794006348,,15.400120735168457,23.01166343688965,20.003477096557617,1.027999997138977,2.2793331146240234,14.666609764099121
2011-12-08,11.705348014831543,27.3799991607666,9.52400016784668,,15.218793869018555,21.80693817138672,19.84719467163086,0.9917140007019043,2.059333086013794,14.533758163452148
2011-12-09,11.794036865234375,28.040000915527344,9.65149974822998,,15.499674797058105,22.456674575805664,20.081613540649414,1.0127140283584595,2.069333076477051,14.618989944458008
2011-12-12,11.740702629089355,27.389999389648438,9.47599983215332,,15.4495267868042,21.685115814208984,19.933149337768555,1.0751429796218872,2.0273330211639404,14.561327934265137
2011-12-13,11.64991569519043,26.989999771118164,9.025500297546387,,15.45545482635498,21.1774959564209,20.12848472595215,1.0301430225372314,1.963333010673523,14.438507080078125
2011-12-14,11.391633987426758,26.520000457763672,9.010499954223633,,15.268692016601562,21.326396942138672,19.99565887451172,1.0148570537567139,1.9019999504089355,14.451037406921387
2011-12-15,11.354181289672852,26.459999084472656,9.062999725341797,,15.305009841918945,21.495603561401367,19.972217559814453,0.9959999918937683,1.9079999923706055,14.526238441467285
2011-12-16,11.416501998901367,28.200000762939453,9.062999725341797,,15.463606834411621,21.58358383178711,20.316028594970703,0.9974290132522583,1.8666670322418213,14.60644817352295
2011-12-19,11.45216178894043,27.510000228881836,8.966500282287598,,15.361580848693848,20.778181076049805,19.948772430419922,0.9592859745025635,1.850000023841858,14.483628273010254
2011-12-20,11.863852500915527,28.440000534057617,9.12600040435791,,15.572550773620605,21.800167083740234,20.339466094970703,1.0199999809265137,1.8600000143051147,14.837072372436523
2011-12-21,11.878832817077637,27.969999313354492,8.717499732971191,,15.460149765014648,21.874616622924805,20.12848472595215,1.0138570070266724,1.8380000591278076,14.887198448181152
2011-12-22,11.941756248474121,27.889999389648438,8.951499938964844,,15.556000709533691,22.639427185058594,20.16756820678711,1.0548570156097412,1.8513330221176147,14.837072372436523
2011-12-23,12.084979057312012,28.290000915527344,8.86400032043457,,15.640981674194336,22.720630645751953,20.339466094970703,1.0374289751052856,1.8600000143051147,15.037605285644531
2011-12-27,12.180861473083496,28.5,8.81350040435791,,15.816625595092773,22.35515022277832,20.347280502319336,1.0085710287094116,1.9046670198440552,14.997490882873535
2011-12-28,12.06430435180664,28.020000457763672,8.694499969482422,,15.803037643432617,22.09796714782715,20.17537498474121,0.9885709881782532,1.9006669521331787,14.972430229187012
2011-12-29,12.13861083984375,28.309999465942383,8.692999839782715,,15.869739532470703,22.61910629272461,20.33165740966797,0.9900000095367432,1.9153330326080322,15.037605285644531
2011-12-30,12.135017395019531,28.270000457763672,8.654999732971191,,15.956201553344727,22.504051208496094,20.284770965576172,0.989857017993927,1.9040000438690186,14.979947090148926
2012-01-03,12.32168960571289,28.56999969482422,8.951499938964844,,16.43817138671875,23.67494010925293,20.917694091796875,1.031999945640564,1.871999979019165,15.122825622558594
2012-01-04,12.387907028198242,28.280000686645508,8.875499725341797,,16.509075164794922,23.82491111755371,21.40996551513672,1.1492860317230225,1.8473329544067383,14.967418670654297
2012-01-05,12.525433540344238,28.479999542236328,8.880499839782715,,16.28006935119629,24.322540283203125,21.628753662109375,1.1328569650650024,1.8079999685287476,14.894721984863281
2012-01-06,12.65637493133545,28.719999313354492,9.130499839782715,,16.057979583740234,24.104402542114258,21.964750289916992,1.232714056968689,1.7940000295639038,14.789443016052246
2012-01-09,12.636298179626465,28.530000686645508,8.928000450134277,,15.377143859863281,24.063491821289062,21.675647735595703,1.4025709629058838,1.8166669607162476,14.834559440612793
2012-01-10,12.681547164916992,29.200000762939453,8.967000007629395,,15.393941879272461,24.574756622314453,21.753780364990234,1.36899995803833,1.841333031654358,14.799468040466309
2012-01-11,12.660867691040039,29.31999969482422,8.944999694824219,,15.463606834411621,24.99059295654297,21.660011291503906,1.3164290189743042,1.8819999694824219,14.889701843261719
2012-01-12,12.62611198425293,29.229999542236328,8.796500205993652,,15.554516792297363,25.120105743408203,21.878801345825195,1.3164290189743042,1.8833329677581787,14.914772033691406
2012-01-13,12.578768730163574,28.969999313354492,8.920999526977539,,15.439644813537598,24.48615074157715,22.074146270751953,1.3482860326766968,1.519333004951477,14.9248046875
2012-01-17,12.725287437438965,29.350000381469727,9.083000183105469,,15.52833080291748,23.797637939453125,22.081945419311523,1.3531429767608643,1.773332953453064,15.002509117126465
2012-01-18,12.85742473602295,29.889999389648438,9.472000122070312,,15.635300636291504,24.908788681030273,22.058517456054688,1.4077140092849731,1.7873330116271973,15.042611122131348
2012-01-19,12.81667423248291,30.239999771118164,9.72249984741211,,15.799825668334961,25.174640655517578,21.972558975219727,1.4780000448226929,1.784000039100647,15.193014144897461
2012-01-20,12.593452453613281,30.5,9.546500205993652,,14.476197242736816,25.4677791595459,23.2149658203125,1.4320000410079956,1.773332953453064,15.29328441619873
2012-01-23,12.80649185180664,30.229999542236328,9.304499626159668,,14.464585304260254,25.672277450561523,23.2305850982666,1.3422859907150269,1.7846670150756836,15.268216133117676
2012-01-24,12.596750259399414,30.950000762939453,9.350000381469727,,14.351195335388184,25.672277450561523,22.92584800720215,1.3238569498062134,1.8279999494552612,15.388537406921387
2012-01-25,13.38327407836914,31.34000015258789,9.390000343322754,,14.068581581115723,25.631383895874023,23.097759246826172,1.357714056968689,1.8646670579910278,15.408592224121094
2012-01-26,13.322450637817383,31.18000030517578,9.666000366210938,,14.034244537353516,25.556392669677734,23.050874710083008,1.6572860479354858,1.929332971572876,15.283254623413086
2012-01-27,13.401854515075684,31.049999237060547,9.768500328063965,,14.327726364135742,25.365516662597656,22.83990478515625,1.7684290409088135,1.9553329944610596,15.218084335327148
2012-01-30,13.573541641235352,31.0,9.607500076293945,,14.27115535736084,25.22917938232422,23.136831283569336,1.7918570041656494,1.9713330268859863,15.365981101989746
2012-01-31,13.677515029907227,30.950000762939453,9.722000122070312,,14.330937385559082,25.4268741607666,23.07431983947754,1.7171430587768555,1.937999963760376,15.38101863861084
2012-02-01,13.668821334838867,31.239999771118164,8.972999572753906,,14.348724365234375,25.631383895874023,23.355619430541992,1.7567139863967896,1.972000002861023,15.586563110351562
2012-02-02,13.636761665344238,31.290000915527344,9.086000442504883,,14.454456329345703,25.5972900390625,23.402496337890625,1.7714289426803589,2.016666889190674,15.52640438079834
2012-02-03,13.773396492004395,31.850000381469727,9.383999824523926,,14.731633186340332,26.09493064880371,23.629100799560547,1.806143045425415,2.076667070388794,15.548962593078613
2012-02-06,13.901933670043945,31.860000610351562,9.156999588012695,,15.046854019165039,25.999473571777344,23.59784507751465,1.8464289903640747,2.119999885559082,15.511363983154297
2012-02-07,14.047558784484863,32.279998779296875,9.209500312805176,,14.989541053771973,25.8154296875,23.715055465698242,1.8268569707870483,2.1066670417785645,15.463738441467285
2012-02-08,14.28276252746582,32.099998474121094,9.27400016784668,,15.065629005432129,26.108558654785156,23.957284927368164,1.7714289426803589,2.128667116165161,15.446194648742676
2012-02-09,14.77685832977295,32.650001525878906,9.24899959564209,,15.105401992797852,25.808616638183594,24.04323387145996,1.7834290266036987,2.171999931335449,15.531423568725586
2012-02-10,14.78434944152832,32.209999084472656,9.277000427246094,,14.96829605102539,25.63819122314453,23.832265853881836,1.770429015159607,2.0733330249786377,15.516376495361328
2012-02-13,15.059409141540527,32.349998474121094,9.579500198364258,,15.123682022094727,26.108558654785156,23.894763946533203,1.690000057220459,2.0993330478668213,15.488808631896973
2012-02-14,15.264951705932617,32.439998626708984,9.5649995803833,,15.063405990600586,25.849515914916992,23.792526245117188,1.7581429481506348,2.2113330364227295,15.59658432006836
2012-02-15,14.911690711975098,32.459999084472656,9.22350025177002,,14.959650039672852,25.495040893554688,23.63521957397461,1.7437139749526978,2.240000009536743,15.481284141540527
2012-02-16,15.047722816467285,32.86000061035156,8.996500015258789,,14.98336410522461,25.9040470123291,24.61051368713379,1.7415709495544434,2.2786669731140137,15.551474571228027
2012-02-17,15.045029640197754,32.75,9.125,,14.936921119689941,26.224449157714844,24.57906150817871,1.7407139539718628,2.3313329219818115,15.661765098571777
2012-02-21,15.426454544067383,32.540000915527344,9.11299991607666,,15.168149948120117,26.217636108398438,24.728496551513672,1.6771429777145386,2.299999952316284,15.057653427124023
2012-02-22,15.372220039367676,32.33000183105469,9.029000282287598,,15.01844310760498,25.9517765045166,24.594785690307617,1.605713963508606,2.2813329696655273,14.689175605773926
2012-02-23,15.4725980758667,32.970001220703125,8.944499969482422,,14.973237037658691,26.23807716369629,24.67343521118164,1.6141430139541626,2.302000045776367,14.674127578735352
2012-02-24,15.65297794342041,33.40999984741211,8.956500053405762,,15.066863059997559,26.09493064880371,24.759958267211914,1.5952860116958618,2.25,14.736800193786621
2012-02-27,15.753355026245117,33.27000045776367,8.92650032043457,,15.052289009094238,26.62664031982422,24.657705307006836,1.562999963760376,2.2413330078125,14.65407943725586
2012-02-28,16.042491912841797,33.27000045776367,9.1899995803833,,15.276598930358887,26.7288818359375,25.06670379638672,1.6188570261001587,2.253999948501587,14.771895408630371
2012-02-29,16.25313949584961,32.88999938964844,8.98449993133545,,15.273141860961914,26.74934196472168,24.964458465576172,1.5818569660186768,2.2273330688476562,14.809491157531738
2012-03-01,16.31395721435547,33.099998474121094,9.001999855041504,,15.375662803649902,27.51964569091797,25.39704132080078,1.6107139587402344,2.2939999103546143,14.744322776794434
2012-03-02,16.335233688354492,33.72999954223633,8.96500015258789,,15.347251892089844,27.696868896484375,25.231870651245117,1.644286036491394,2.2693328857421875,14.79194450378418
2012-03-05,15.975078582763672,33.220001220703125,9.012999534606934,,15.174324989318848,27.54010009765625,25.011642456054688,1.5829999446868896,2.251332998275757,14.889701843261719
2012-03-06,15.888185501098633,31.989999771118164,9.054499626159668,,14.944828033447266,26.803871154785156,24.822877883911133,1.5304290056228638,2.2073330879211426,14.781914710998535
2012-03-07,15.901063919067383,32.40999984741211,9.18850040435791,,14.99028205871582,27.23333168029785,25.04311180114746,1.5027140378952026,2.2079999446868896,15.005014419555664
2012-03-08,16.239648818969727,33.04999923706055,9.381999969482422,,14.998682975769043,27.567363739013672,25.17681312561035,1.5438569784164429,2.204667091369629,15.082734107971191
2012-03-09,16.334932327270508,33.63999938964844,9.215999603271484,,14.828472137451172,27.96956443786621,25.161090850830078,1.559000015258789,2.315999984741211,15.160965919494629
2012-03-12,16.539581298828125,33.560001373291016,9.169500350952148,,14.949520111083984,27.635534286499023,25.200416564941406,1.5171430110931396,2.4006669521331787,15.312370300292969
2012-03-13,17.021984100341797,34.220001220703125,9.229499816894531,,15.261529922485352,29.578336715698242,25.695924758911133,1.519286036491394,2.4059998989105225,15.393117904663086
2012-03-14,17.665590286254883,33.77000045776367,9.11299991607666,,15.217309951782227,29.70785903930664,25.774578094482422,1.5035710334777832,2.3526670932769775,15.413308143615723
2012-03-15,17.545143127441406,34.16999816894531,9.221500396728516,,15.34428882598877,30.471343994140625,25.837495803833008,1.5738569498062134,2.3333330154418945,15.45116138458252
2012-03-16,17.545433044433594,33.81999969482422,9.2524995803833,,15.44088077545166,30.382722854614258,25.640867233276367,1.570857048034668,2.3546669483184814,15.352750778198242
2012-03-19,18.010757446289062,34.5099983215332,9.276000022888184,,15.661731719970703,30.675859451293945,25.326257705688477,1.6332859992980957,2.3320000171661377,15.3275146484375
2012-03-20,18.15639305114746,33.15999984741211,9.616499900817871,,15.649627685546875,30.93488883972168,25.161090850830078,1.6431430578231812,2.330667018890381,15.292187690734863
2012-03-21,18.052711486816406,33.560001373291016,9.58650016784668,,15.809955596923828,30.75765609741211,25.098163604736328,1.7157139778137207,2.3433330059051514,15.282092094421387
2012-03-22,17.958026885986328,33.709999084472656,9.619999885559082,,15.959905624389648,30.437259674072266,25.16895294189453,1.6961430311203003,2.293333053588867,15.304803848266602
2012-03-23,17.859451293945312,33.810001373291016,9.751999855041504,,15.874432563781738,30.784931182861328,25.17681312561035,1.7170000076293945,2.2720000743865967,15.330032348632812
2012-03-26,18.18694305419922,34.400001525878906,10.143500328063965,,16.040935516357422,31.473421096801758,25.632993698120117,1.7427140474319458,2.493333101272583,15.443588256835938
2012-03-27,18.411666870117188,34.630001068115234,10.272000312805176,,15.983872413635254,31.28255271911621,25.577945709228516,1.723857045173645,2.5293331146240234,15.415840148925781
2012-03-28,18.50574493408203,34.459999084472656,10.057999610900879,,16.199783325195312,31.541589736938477,25.318389892578125,1.6972860097885132,2.5233330726623535,15.441071510314941
2012-03-29,18.27323341369629,34.47999954223633,10.230500221252441,,16.01820945739746,31.1325740814209,25.263328552246094,1.6435710191726685,2.4886670112609863,15.347702026367188
2012-03-30,17.964317321777344,34.310001373291016,10.125499725341797,,15.841083526611328,31.343900680541992,25.373443603515625,1.6434290409088135,2.4826669692993164,15.443588256835938
2012-04-02,18.5360107421875,34.70000076293945,9.90250015258789,,15.981399536132812,31.44615364074707,25.39704132080078,1.6281429529190063,2.438667058944702,15.483964920043945
2012-04-03,18.8563175201416,34.310001373291016,9.982999801635742,,15.87517261505127,31.164831161499023,25.121763229370117,1.6137139797210693,2.5339999198913574,15.304803848266602
2012-04-04,18.706205368041992,33.459999084472656,9.69950008392334,,15.690637588500977,30.471824645996094,24.547592163085938,1.5751429796218872,2.3333330154418945,15.206385612487793
2012-04-05,18.986957550048828,33.59000015258789,9.719499588012695,,15.620723724365234,30.423799514770508,24.79141616821289,1.5785709619522095,2.2986669540405273,15.309849739074707
2012-04-09,19.063358306884766,33.220001220703125,9.593500137329102,,15.584162712097168,30.115026473999023,24.46107292175293,1.5240000486373901,2.2100000381469727,15.173584938049316
2012-04-10,18.8299560546875,32.61000061035156,9.348999977111816,,15.485841751098633,29.476900100708008,23.96556282043457,1.4559999704360962,2.1640000343322754,15.123114585876465
2012-04-11,18.762834548950195,33.0099983215332,9.398500442504883,,15.710646629333496,30.197357177734375,23.87117576599121,1.4258569478988647,2.2060000896453857,15.090304374694824
2012-04-12,18.66006088256836,33.54999923706055,9.534500122070312,,16.082439422607422,30.76688003540039,24.366687774658203,1.489428997039795,2.22933292388916,15.176100730895996
2012-04-13,18.134510040283203,33.18000030517578,9.42300033569336,,15.430011749267578,29.648441314697266,24.232980728149414,1.488142967224121,2.239332914352417,15.082734107971191
2012-04-16,17.3824405670166,32.849998474121094,9.274999618530273,,14.972249031066895,29.73078727722168,24.445344924926758,1.4450000524520874,2.1500000953674316,15.287134170532227
2012-04-17,18.268442153930664,33.84000015258789,9.419500350952148,,15.058711051940918,30.121896743774414,24.728496551513672,1.5288569927215576,2.1493330001831055,15.612659454345703
2012-04-18,18.227697372436523,33.38999938964844,9.553500175476074,,15.006340980529785,29.70333480834961,24.492538452148438,1.527999997138977,2.177333116531372,15.660611152648926
2012-04-19,17.601469039916992,32.900001525878906,9.555000305175781,,14.805004119873047,29.655319213867188,24.39028549194336,1.5298570394515991,2.2106668949127197,15.582380294799805
2012-04-20,17.16819953918457,33.060001373291016,9.49899959564209,,14.724963188171387,29.31223487854004,25.499296188354492,1.5158569812774658,2.2106668949127197,15.75901985168457
2012-04-23,17.129844665527344,32.619998931884766,9.411999702453613,,14.763006210327148,29.40144157409668,25.263328552246094,1.4548569917678833,2.129333019256592,15.024698257446289
2012-04-24,16.787673950195312,32.400001525878906,9.516500473022461,,14.853671073913574,29.69647979736328,25.106029510498047,1.2525709867477417,2.121332883834839,14.578043937683105
2012-04-25,18.27743911743164,33.130001068115234,9.720999717712402,,15.062417984008789,29.614151000976562,25.326257705688477,1.2335710525512695,2.194000005722046,14.47457504272461
2012-04-26,18.208513259887695,33.2599983215332,9.799500465393066,,15.204465866088867,30.05327033996582,25.25547218322754,1.2152860164642334,2.2326669692993164,14.875809669494629
2012-04-27,18.067686080932617,33.58000183105469,11.342499732971191,,15.192359924316406,29.737648010253906,25.153223037719727,1.1962859630584717,2.2226669788360596,14.895998001098633
2012-04-30,17.497802734375,33.54999923706055,11.595000267028809,,14.942109107971191,29.49063491821289,25.184680938720703,1.1448570489883423,2.208667039871216,14.865721702575684
2012-05-01,17.44236183166504,33.77000045776367,11.501999855041504,,14.931735038757324,30.04642105102539,25.17681312561035,1.1622860431671143,2.252000093460083,14.906092643737793
2012-05-02,17.557723999023438,33.7599983215332,11.512499809265137,,15.001646041870117,29.641590118408203,25.011642456054688,1.1747139692306519,2.262666940689087,14.89095687866211
2012-05-03,17.43307113647461,33.31999969482422,11.47249984741211,,15.094532012939453,29.511219024658203,24.980180740356445,1.085286021232605,2.1640000343322754,14.885910034179688
2012-05-04,16.93659019470215,32.61000061035156,11.19950008392334,,14.747445106506348,28.64665985107422,24.366687774658203,1.0448570251464844,2.121999979019165,14.812727928161621
2012-05-07,17.063339233398438,32.52000045776367,11.258000373840332,,15.008810043334961,28.667245864868164,24.107135772705078,1.0492860078811646,2.1646668910980225,14.936381340026855
2012-05-08,17.024377822875977,32.66999816894531,11.194999694824219,,15.138257026672363,28.392797470092773,23.989158630371094,1.039857029914856,2.012666940689087,14.901045799255371
2012-05-09,17.054344177246094,32.52000045776367,11.14900016784668,,15.04833698272705,27.885053634643555,24.19365692138672,1.0621429681777954,2.003999948501587,14.997078895568848
2012-05-10,17.094501495361328,31.920000076293945,11.334500312805176,,15.159749984741211,27.95366096496582,24.177919387817383,1.0345710515975952,2.1973330974578857,15.03773307800293
2012-05-11,16.980329513549805,32.20000076293945,11.383999824523926,,14.951498031616211,25.36002540588379,24.50826644897461,1.1054290533065796,2.1500000953674316,15.096161842346191
2012-05-14,16.725942611694336,32.22999954223633,11.146499633789062,,14.921112060546875,24.557228088378906,24.130733489990234,1.0994290113449097,2.003999948501587,15.007244110107422
2012-05-15,16.574634552001953,32.33000183105469,11.219499588012695,,15.096755981445312,24.865995407104492,23.91697120666504,1.1068569421768188,1.9620000123977661,15.07838249206543
2012-05-16,16.362201690673828,32.36000061035156,11.20300006866455,,15.536977767944336,24.33079719543457,23.671552658081055,1.059999942779541,1.9453330039978027,15.03773307800293
2012-05-17,15.883989334106445,32.0099983215332,10.918000221252441,,15.391719818115234,23.280994415283203,23.5290470123291,1.028143048286438,1.9046670198440552,15.670334815979004
2012-05-18,15.891777992248535,31.309999465942383,10.692500114440918,,14.83217716217041,22.979093551635742,23.172788619995117,0.9994289875030518,1.8373329639434814,15.860884666442871
2012-05-21,16.81764030456543,32.0099983215332,10.905500411987305,,15.170867919921875,22.306663513183594,23.552793502807617,1.0248570442199707,1.9179999828338623,16.015859603881836
2012-05-22,16.688501358032227,32.0099983215332,10.766500473022461,,14.842060089111328,23.33588218688965,23.56070899963379,0.9672859907150269,2.053333044052124,16.191164016723633
2012-05-23,17.0956974029541,32.18000030517578,10.86400032043457,,15.055992126464844,23.507423400878906,23.046112060546875,1.0272860527038574,2.068000078201294,16.407106399536133
2012-05-24,16.93868637084961,31.540000915527344,10.76200008392334,,14.912713050842285,23.308441162109375,23.014446258544922,1.0038570165634155,2.018666982650757,16.53159523010254
2012-05-25,16.847900390625,31.600000381469727,10.644499778747559,,14.613056182861328,22.985950469970703,23.006532669067383,1.0031429529190063,1.987333059310913,16.592573165893555
2012-05-29,17.146926879882812,32.04999923706055,10.737500190734863,,14.682472229003906,23.075149536132812,23.40237808227539,0.9919999837875366,2.1126670837402344,16.68657684326172
2012-05-30,17.353675842285156,31.290000915527344,10.46150016784668,,14.531532287597656,22.61543083190918,23.228199005126953,0.9620000123977661,2.0273330211639404,16.62560272216797
2012-05-31,17.31053352355957,31.049999237060547,10.645500183105469,,14.349465370178223,22.745800018310547,23.109445571899414,0.9062860012054443,1.9666670560836792,16.722143173217773
2012-06-01,16.80894660949707,29.81999969482422,10.41100025177002,,14.105389595031738,21.908708572387695,22.523597717285156,0.8992859721183777,1.8766670227050781,16.653541564941406
2012-06-04,16.90782356262207,30.309999465942383,10.728500366210938,,14.293387413024902,21.270580291748047,22.602773666381836,0.9285709857940674,1.858667016029358,16.765331268310547
2012-06-05,16.86407470703125,30.709999084472656,10.660499572753906,,14.09130859375,21.94986915588379,22.571109771728516,0.9261429905891418,1.8606669902801514,16.640844345092773
2012-06-06,17.122661590576172,31.690000534057617,10.881999969482422,,14.342300415039062,22.690914154052734,23.236125946044922,0.9411429762840271,1.9479999542236328,16.750089645385742
2012-06-07,17.130449295043945,31.31999969482422,10.9399995803833,,14.284494400024414,22.51251220703125,23.14112091064453,0.923429012298584,1.9286669492721558,16.734840393066406
2012-06-08,17.38813018798828,31.649999618530273,10.923999786376953,,14.339336395263672,23.109455108642578,23.473630905151367,0.9377139806747437,2.0053329467773438,17.331876754760742
2012-06-11,17.113971710205078,31.1299991607666,10.824999809265137,,14.0441255569458,22.51937484741211,22.879859924316406,0.8999999761581421,1.9413330554962158,17.156583786010742
2012-06-12,17.26348876953125,31.770000457763672,10.821000099182129,,13.960132598876953,23.171199798583984,23.188621520996094,0.9002860188484192,1.9773329496383667,17.204853057861328
2012-06-13,17.14363670349121,31.790000915527344,10.736499786376953,,13.861069679260254,23.534873962402344,23.061939239501953,0.8975710272789001,1.9846669435501099,17.039714813232422
2012-06-14,17.124753952026367,31.670000076293945,10.72249984741211,,13.810673713684082,23.775020599365234,23.228199005126953,0.8951429724693298,1.9593329429626465,17.181991577148438
2012-06-15,17.20265769958496,32.38999938964844,10.917499542236328,,13.945557594299316,24.0357608795166,23.76655387878418,0.939857006072998,1.99399995803833,17.212472915649414
2012-06-18,17.551727294921875,32.630001068115234,11.133000373840332,,14.102179527282715,23.754438400268555,23.624048233032227,0.9532859921455383,2.122667074203491,17.306476593017578
2012-06-19,17.600570678710938,32.88999938964844,11.201499938964844,,14.36601734161377,24.275907516479492,24.304901123046875,0.9975709915161133,2.1393330097198486,17.22771453857422
2012-06-20,17.550535202026367,31.989999771118164,11.151000022888184,,14.266706466674805,25.010093688964844,24.48699188232422,0.9737139940261841,2.252000093460083,17.40810203552246
2012-06-21,17.30872917175293,31.229999542236328,11.028499603271484,,13.962850570678711,24.365108489990234,23.86155891418457,0.9405710101127625,2.1459999084472656,17.199771881103516
2012-06-22,17.44146156311035,31.56999969482422,11.107999801635742,,14.117744445800781,24.694459915161133,24.304901123046875,0.9694290161132812,2.25266695022583,17.098142623901367
2012-06-25,17.101980209350586,30.850000381469727,11.003499984741211,,13.851434707641602,24.234743118286133,23.647798538208008,0.9575710296630859,2.2073330879211426,17.321720123291016
2012-06-26,17.13973617553711,31.06999969482422,11.280500411987305,,13.949758529663086,24.502334594726562,23.76655387878418,0.9542859792709351,2.107332944869995,17.423343658447266
2012-06-27,17.2137451171875,31.40999984741211,11.281000137329102,,14.063888549804688,25.23651885986328,23.88530731201172,0.9498569965362549,2.130666971206665,17.42588233947754
2012-06-28,17.050451278686523,31.170000076293945,11.065500259399414,,13.940616607666016,24.618982315063477,23.679473876953125,0.9622859954833984,2.0940001010894775,17.352203369140625
2012-06-29,17.498390197753906,32.369998931884766,11.417499542236328,,14.329948425292969,24.51605224609375,24.21782112121582,0.9784290194511414,2.0859999656677246,17.712968826293945
2012-07-02,17.753684997558594,32.189998626708984,11.465999603271484,,14.339831352233887,24.893449783325195,24.19406509399414,0.9692860245704651,2.0266671180725098,17.618968963623047
2012-07-03,17.960132598876953,32.5099983215332,11.476499557495117,,14.521650314331055,24.82425308227539,24.352401733398438,1.02914297580719,2.0439999103546143,17.974653244018555
2012-07-05,18.275636672973633,32.529998779296875,11.352999687194824,,14.721504211425781,23.78645133972168,24.304901123046875,1.167428970336914,2.0820000171661377,18.05849266052246
2012-07-06,18.153987884521484,31.3700008392334,11.2524995803833,,14.475948333740234,23.45435333251953,23.901138305664062,1.1698570251464844,2.065999984741211,18.129623413085938
2012-07-09,18.393991470336914,30.43000030517578,11.2524995803833,,14.476689338684082,23.495868682861328,23.750722885131836,1.1855709552764893,2.0993330478668213,18.231252670288086
2012-07-10,18.223798751831055,30.440000534057617,10.975000381469727,,14.370217323303223,23.696514129638672,23.544876098632812,1.1461429595947266,2.0846669673919678,18.320173263549805
2012-07-11,18.110530853271484,30.200000762939453,10.918499946594238,,14.110578536987305,23.931745529174805,23.196529388427734,1.1662859916687012,2.1006669998168945,18.3582820892334
2012-07-12,17.944841384887695,30.139999389648438,10.767999649047852,,14.093038558959961,23.55120849609375,22.666107177734375,1.2138570547103882,2.180000066757202,18.370981216430664
2012-07-13,18.126724243164062,30.649999618530273,10.919500350952148,,14.242249488830566,24.955713272094727,23.267784118652344,1.2128570079803467,2.2833330631256104,18.592018127441406
2012-07-16,18.18484878540039,30.399999618530273,10.80049991607666,,14.202725410461426,24.27768325805664,23.307373046875,1.1854289770126343,2.3973329067230225,18.541208267211914
2012-07-17,18.185745239257812,30.649999618530273,10.846500396728516,,14.247438430786133,24.2084903717041,23.481544494628906,1.1682859659194946,2.2233328819274902,18.571683883666992
2012-07-18,18.165374755859375,31.43000030517578,10.873499870300293,,14.346994400024414,24.187728881835938,24.106990814208984,1.1610000133514404,2.1433329582214355,18.508180618286133
2012-07-19,18.406885147094727,31.889999389648438,11.308500289916992,,14.650851249694824,23.84180450439453,24.28115463256836,1.1874289512634277,2.1513330936431885,18.172815322875977
2012-07-20,18.106645584106445,31.3799991607666,11.41450023651123,,15.089591026306152,23.45435333251953,23.84572982788086,1.1688569784164429,2.119333028793335,18.355741500854492
2012-07-23,18.092565536499023,30.639999389648438,11.30049991607666,,15.205451011657715,23.827972412109375,23.180702209472656,1.1419999599456787,2.0439999103546143,18.254117965698242
2012-07-24,18.005369186401367,30.020000457763672,11.152000427246094,,15.00930404663086,24.028608322143555,23.077787399291992,1.148429036140442,1.9893330335617065,18.327791213989258
2012-07-25,17.227840423583984,30.329999923706055,10.852499961853027,,15.019679069519043,24.33302879333496,22.824445724487305,0.8611429929733276,1.9299999475479126,18.31254768371582
2012-07-26,17.22513198852539,30.950000762939453,11.000499725341797,,15.152339935302734,24.775829315185547,23.085702896118164,0.814428985118866,1.8753329515457153,18.716503143310547
2012-07-27,17.53315544128418,31.899999618530273,11.866000175476074,,15.685941696166992,25.523042678833008,23.56070899963379,0.8417140245437622,1.9673329591751099,18.932453155517578
2012-07-30,17.82889175415039,31.010000228881836,11.804499626159668,,15.620231628417969,25.004138946533203,23.46571159362793,0.824999988079071,1.8233330249786377,19.0493221282959
2012-07-31,18.300203323364258,30.8799991607666,11.664999961853027,,15.636781692504883,24.90727996826172,23.33112907409668,0.8121430277824402,1.8279999494552612,18.909582138061523
2012-08-01,18.18185043334961,30.690000534057617,11.604499816894531,,15.629615783691406,24.90727996826172,23.283628463745117,0.7785710096359253,1.75,18.70380401611328
2012-08-02,18.21121597290039,30.579999923706055,11.540499687194824,,15.53253173828125,24.33302879333496,23.109445571899414,0.7695710062980652,1.7400000095367432,18.813047409057617
2012-08-03,18.44822120666504,32.02000045776367,11.748499870300293,,15.843305587768555,24.96954917907715,23.552793502807617,0.7701429724693298,1.8179999589920044,18.94007110595703
2012-08-06,18.653465270996094,32.13999938964844,11.69950008392334,,15.88011360168457,25.114839553833008,23.71114158630371,0.8112859725952148,1.8846670389175415,18.871484756469727
2012-08-07,18.604324340820312,32.369998931884766,11.82800006866455,,15.823790550231934,25.606063842773438,23.956560134887695,0.8271430134773254,2.016666889190674,18.797801971435547
2012-08-08,18.572874069213867,32.5099983215332,11.718999862670898,,15.86553955078125,25.709836959838867,24.011978149414062,0.8257139921188354,1.9393329620361328,18.981199264526367
2012-08-09,18.678789138793945,32.650001525878906,11.70300006866455,,15.86850357055664,25.543798446655273,24.146562576293945,0.8272860050201416,1.9606670141220093,18.863698959350586
2012-08-10,18.70797348022461,32.63999938964844,11.637499809265137,,15.859855651855469,25.57839584350586,24.083227157592773,0.8557140231132507,1.996000051498413,18.82028579711914
2012-08-13,18.95774269104004,32.27000045776367,11.621999740600586,,16.304771423339844,25.592233657836914,24.059476852416992,0.8558570146560669,2.078000068664551,18.74875831604004
2012-08-14,19.00860023498535,32.11000061035156,11.659500122070312,,16.518457412719727,25.6683292388916,24.011667251586914,0.882286012172699,1.9613330364227295,18.904573440551758
2012-08-15,18.98272132873535,32.90999984741211,11.871000289916992,,16.49079132080078,25.6475830078125,24.067453384399414,0.9037140011787415,1.9600000381469727,19.016969680786133
2012-08-16,19.148527145385742,33.650001525878906,12.077500343322754,,16.62246322631836,25.6683292388916,24.529672622680664,0.9187139868736267,2.0199999809265137,18.429468154907227
2012-08-17,19.502700805664062,33.79999923706055,12.058500289916992,,16.727951049804688,25.585317611694336,24.62530517578125,0.9098569750785828,2.000667095184326,18.388595581054688
2012-08-20,20.01546287536621,33.91999816894531,12.017499923706055,,16.68842315673828,25.85512924194336,24.49779510498047,0.91771399974823,1.9673329591751099,18.4677791595459
2012-08-21,19.74193000793457,33.75,11.97249984741211,,16.53946304321289,26.318695068359375,24.545604705810547,0.9371430277824402,1.9406670331954956,18.24555015563965
2012-08-22,20.127403259277344,33.84000015258789,12.154999732971191,,16.728939056396484,26.17340660095215,24.338403701782227,0.9342859983444214,1.9966670274734497,18.332406997680664
2012-08-23,19.939640045166016,33.5,12.0600004196167,,16.71954917907715,25.758277893066406,24.115262985229492,0.9150000214576721,2.0486669540405273,18.278757095336914
2012-08-24,19.957386016845703,32.2599983215332,12.286999702453613,,16.76475715637207,25.71677017211914,24.354345321655273,0.9022859930992126,1.9666670560836792,18.419252395629883
2012-08-27,20.332324981689453,32.31999969482422,12.196000099182129,,16.53229522705078,25.758277893066406,24.45794677734375,0.8912860155105591,1.8880000114440918,18.51886749267578
2012-08-28,20.305849075317383,32.060001373291016,12.305500030517578,,16.730667114257812,25.68909454345703,24.41013526916504,0.8992859721183777,1.9126670360565186,18.495885848999023
2012-08-29,20.26582908630371,31.959999084472656,12.355999946594238,,16.99648094177246,25.80670738220215,24.42607307434082,0.9062860012054443,1.8940000534057617,18.587833404541016
2012-08-30,19.976945877075195,31.459999084472656,12.310999870300293,,16.840106964111328,25.529964447021484,24.1630802154541,0.8640000224113464,1.8940000534057617,18.455015182495117
2012-08-31,20.018177032470703,31.270000457763672,12.41349983215332,,16.92434310913086,25.69601058959961,24.561548233032227,0.8531429767608643,1.901332974433899,18.544414520263672
2012-09-04,20.310964584350586,31.440000534057617,12.394000053405762,,16.824296951293945,25.606063842773438,24.21886444091797,0.7990000247955322,1.8760000467300415,18.776853561401367
2012-09-05,20.168325424194336,32.2599983215332,12.310999870300293,,16.816389083862305,25.675256729125977,24.21886444091797,0.7851430177688599,1.8626669645309448,18.78707504272461
2012-09-06,20.350082397460938,32.790000915527344,12.569000244140625,,17.277854919433594,26.768404006958008,24.98392677307129,0.8092859983444214,1.9033329486846924,19.108924865722656
2012-09-07,20.475566864013672,32.459999084472656,12.956999778747559,,17.444610595703125,27.190454483032227,24.66515350341797,0.8094289898872375,1.9566669464111328,18.856040954589844
2012-09-10,19.942941665649414,32.130001068115234,12.854499816894531,,17.311702728271484,26.81683921813965,24.48185157775879,0.7988569736480713,1.824666976928711,18.776853561401367
2012-09-11,19.878246307373047,32.43000030517578,12.783499717712402,,17.099742889404297,27.39801597595215,24.53763771057129,0.8165709972381592,1.8533329963684082,18.91734504699707
2012-09-12,20.15509033203125,32.41999816894531,12.781499862670898,,17.067378997802734,27.61940574645996,24.529672622680664,0.8172860145568848,1.8853329420089722,18.919904708862305
2012-09-13,20.552000045776367,32.810001373291016,13.01200008392334,,17.441890716552734,28.643362045288086,24.65717887878418,0.8285710215568542,1.9653329849243164,19.193212509155273
2012-09-14,20.801755905151367,33.34000015258789,13.06350040435791,,17.531814575195312,28.760990142822266,24.872358322143555,0.8645709753036499,2.0260000228881836,19.029733657836914
2012-09-17,21.057540893554688,33.40999984741211,12.899999618530273,,17.539222717285156,28.498090744018555,24.872358322143555,0.8145710229873657,2.169332981109619,18.89946746826172
2012-09-18,21.12162971496582,32.56999969482422,12.9375,,17.744264602661133,28.546510696411133,24.848445892333984,0.8008570075035095,2.0893330574035645,18.889244079589844
2012-09-19,21.127355575561523,33.119998931884766,13.083999633789062,,17.97203254699707,28.601863861083984,24.744848251342773,0.814857006072998,2.069999933242798,18.99652671813965
2012-09-20,21.02503204345703,34.529998779296875,13.040499687194824,,17.987348556518555,28.539600372314453,25.06361961364746,0.8391429781913757,2.059999942779541,19.093595504760742
2012-09-21,21.066858291625977,33.83000183105469,12.873499870300293,,18.132360458374023,28.283599853515625,24.85641860961914,0.8255710005760193,2.001332998275757,19.016969680786133
2012-09-24,20.78701400756836,33.41999816894531,12.739999771118164,,18.512556076049805,28.525754928588867,24.529672622680664,0.8055710196495056,2.0439999103546143,19.091039657592773
2012-09-25,20.267932891845703,32.900001525878906,12.623000144958496,,18.507118225097656,28.05527687072754,24.21886444091797,0.7685710191726685,1.843999981880188,18.968435287475586
2012-09-26,20.016368865966797,32.529998779296875,12.483499526977539,,18.613346099853516,27.840787887573242,24.043540954589844,0.7875710129737854,1.8359999656677246,18.950546264648438
2012-09-27,20.50204849243164,32.79999923706055,12.829500198364258,,18.68844223022461,28.14522361755371,24.03557777404785,0.7935709953308105,1.8993330001831055,18.896909713745117
2012-09-28,20.07413673400879,32.439998626708984,12.715999603271484,,18.639039993286133,28.006851196289062,23.716793060302734,0.7777140140533447,1.9520000219345093,18.85093116760254
2012-10-01,19.842138290405273,32.619998931884766,12.600500106811523,,18.818883895874023,28.345869064331055,23.501623153686523,0.8007140159606934,1.944000005722046,18.914791107177734
2012-10-02,19.89990997314453,32.56999969482422,12.529999732971191,,18.700550079345703,28.3112735748291,23.637104034423828,0.8065710067749023,1.9866670370101929,18.838159561157227
2012-10-03,20.205041885375977,32.599998474121094,12.795999526977539,,18.836668014526367,28.478548049926758,23.796497344970703,0.8939999938011169,1.9533330202102661,18.953107833862305
2012-10-04,20.06511688232422,32.68000030517578,13.023500442504883,,18.973773956298828,29.147640228271484,23.93196678161621,0.9524289965629578,1.9600000381469727,19.085933685302734
2012-10-05,19.637508392333984,32.470001220703125,12.92549991607666,,18.963891983032227,29.070985794067383,23.78852081298828,0.9508569836616516,1.9259999990463257,19.19066047668457
2012-10-08,19.20359230041504,32.22999954223633,12.95300006866455,,18.721546173095703,29.0361270904541,23.732736587524414,1.050286054611206,1.9500000476837158,19.221311569213867
2012-10-09,19.13378143310547,31.690000534057617,12.54800033569336,,18.381872177124023,28.840984344482422,23.334266662597656,0.9361429810523987,1.891332983970642,18.93778419494629
2012-10-10,19.28603744506836,31.510000228881836,12.249500274658203,,18.393482208251953,29.11280632019043,23.095191955566406,0.9357140064239502,1.8933329582214355,19.264732360839844
2012-10-11,18.90056610107422,31.780000686645508,12.211000442504883,,18.56443214416504,29.342798233032227,23.07126808166504,0.9425709843635559,1.8880000114440918,19.160003662109375
2012-10-12,18.94900894165039,31.940000534057617,12.118000030517578,,18.398176193237305,29.008255004882812,23.270517349243164,0.9190000295639038,1.8426669836044312,19.364355087280273
2012-10-15,19.100982666015625,32.33000183105469,12.208999633789062,,18.30504035949707,29.537965774536133,23.517568588256836,0.9251430034637451,1.8220000267028809,19.706634521484375
2012-10-16,19.553251266479492,33.2400016784668,12.196999549865723,,18.396940231323242,29.85159683227539,23.501623153686523,0.9435709714889526,1.8706669807434082,19.64532470703125
2012-10-17,19.39737892150879,33.439998626708984,12.374500274658203,,18.663494110107422,30.1931095123291,23.581323623657227,0.9788569808006287,1.9213329553604126,19.675973892211914
2012-10-18,19.037181854248047,33.470001220703125,12.242500305175781,,17.169158935546875,29.977060317993164,23.509593963623047,0.9622859954833984,1.869333028793335,19.555927276611328
2012-10-19,18.351104736328125,33.2400016784668,12.0,,16.84282112121582,29.496137619018555,22.824222564697266,0.9282860159873962,1.8493330478668213,19.315820693969727
2012-10-22,19.079010009765625,33.4900016784668,11.689000129699707,,16.765745162963867,29.335832595825195,22.314191818237305,0.9697139859199524,1.8566670417785645,19.323474884033203
2012-10-23,18.457014083862305,33.310001373291016,11.715499877929688,,16.807249069213867,28.80613899230957,22.354042053222656,0.9745709896087646,1.8926670551300049,19.096147537231445
2012-10-24,18.561426162719727,33.36000061035156,11.424500465393066,,16.731903076171875,29.070985794067383,22.234495162963867,0.8588569760322571,1.8279999494552612,19.111473083496094
2012-10-25,18.342071533203125,33.400001525878906,11.145999908447266,,16.743267059326172,29.04310417175293,22.218555450439453,0.8787140250205994,1.8346669673919678,19.23918914794922
2012-10-26,18.17535972595215,34.0099983215332,11.911999702453613,,16.678791046142578,28.68764877319336,22.481552124023438,0.9940000176429749,1.8253329992294312,19.185546875
2012-10-31,17.91415786743164,34.029998779296875,11.644499778747559,,16.806013107299805,29.050071716308594,22.744529724121094,1.1319999694824219,1.8753329515457153,19.16256332397461
2012-11-01,17.95088005065918,34.36000061035156,11.607000350952148,,16.98610496520996,29.858562469482422,23.525535583496094,1.1098569631576538,1.9500000476837158,18.76152992248535
2012-11-02,17.356863021850586,34.38999938964844,11.621000289916992,,16.99425506591797,29.565845489501953,23.509593963623047,1.0985709428787231,1.9279999732971191,18.587833404541016
2012-11-05,17.592182159423828,34.2400016784668,11.716500282287598,,16.87172508239746,29.461284637451172,23.61318588256836,1.1177140474319458,2.0999999046325684,18.682344436645508
2012-11-06,17.538921356201172,34.38999938964844,11.878000259399414,,16.84109115600586,29.886442184448242,23.796497344970703,1.090999960899353,2.076667070388794,18.840713500976562
2012-11-07,16.867835998535156,33.470001220703125,11.602999687194824,,16.480417251586914,28.21369743347168,23.174888610839844,1.1097140312194824,2.1026670932769775,18.674686431884766
2012-11-08,16.255699157714844,32.97999954223633,11.367500305175781,,16.114059448242188,28.15793228149414,22.959705352783203,1.085286021232605,2.0873329639434814,18.51375961303711
2012-11-09,16.537128448486328,32.900001525878906,11.315500259399414,,16.37938117980957,28.311281204223633,22.975650787353516,1.1128569841384888,2.0213329792022705,18.470335006713867
2012-11-12,16.409257888793945,32.70000076293945,11.32349967956543,,16.450279235839844,28.283401489257812,22.48951530456543,1.1169999837875366,2.0713329315185547,18.51375961303711
2012-11-13,16.411378860473633,32.540000915527344,11.329999923706055,,16.281057357788086,27.907033920288086,21.766386032104492,1.1372859477996826,2.107332944869995,18.342628479003906
2012-11-14,16.229394912719727,32.2400016784668,11.147500038146973,,16.120485305786133,27.38429069519043,21.565507888793945,1.139714002609253,2.0920000076293945,18.214906692504883
2012-11-15,15.889020919799805,32.63999938964844,11.029999732971191,,15.989799499511719,27.453981399536133,21.42088508605957,1.1640000343322754,2.0546669960021973,17.553327560424805
2012-11-16,15.951286315917969,32.650001525878906,11.261500358581543,,15.987821578979492,27.55156898498535,21.308391571044922,1.1557140350341797,2.122667074203491,17.37708282470703
2012-11-19,17.10150909423828,32.91999816894531,11.48550033569336,,16.50734519958496,28.290361404418945,21.47712516784668,1.1622860431671143,2.194667100906372,17.629959106445312
2012-11-20,16.955808639526367,32.63999938964844,11.689000129699707,,16.550825119018555,28.367027282714844,21.461057662963867,1.1771429777145386,2.200000047683716,17.62485694885254
2012-11-21,16.97968292236328,32.84000015258789,11.90149974822998,,16.449541091918945,28.387948989868164,21.653892517089844,1.1857140064239502,2.1646668910980225,17.596755981445312
2012-11-23,17.275920867919922,33.400001525878906,11.994000434875488,,16.501415252685547,28.638851165771484,22.256505966186523,1.184999942779541,2.1419999599456787,17.931377410888672
2012-11-26,17.820959091186523,33.290000915527344,12.180999755859375,,16.33293342590332,28.492488861083984,22.00743293762207,1.172286033630371,2.1513330936431885,17.857295989990234
2012-11-27,17.677370071411133,33.18000030517578,12.170000076293945,,16.569103240966797,28.401885986328125,21.75835418701172,1.186856985092163,2.1433329582214355,17.75257110595703
2012-11-28,17.621749877929688,33.880001068115234,12.355500221252441,,16.889265060424805,28.4576416015625,21.983318328857422,1.1747139692306519,2.2153329849243164,18.023332595825195
2012-11-29,17.81581687927246,34.09000015258789,12.56350040435791,,17.092329025268555,28.729467391967773,21.653892517089844,1.1625709533691406,2.246000051498413,18.09229278564453
2012-11-30,17.692485809326172,34.61000061035156,12.602499961853027,,17.252408981323242,28.63188934326172,21.38874053955078,1.1672860383987427,2.254667043685913,18.39626121520996
2012-12-03,17.71999168395996,34.70000076293945,12.516500473022461,,17.175334930419922,28.44370460510254,21.236082077026367,1.0857139825820923,2.308000087738037,18.222566604614258
2012-12-04,17.407426834106445,35.29999923706055,12.624500274658203,,17.071086883544922,28.27642250061035,21.187870025634766,1.2378569841384888,2.259999990463257,18.421802520751953
2012-12-05,16.287132263183594,35.400001525878906,12.697999954223633,,16.991785049438477,28.715518951416016,21.428918838500977,1.190999984741211,2.24733304977417,18.40331268310547
2012-12-06,16.542570114135742,35.13999938964844,12.668499946594238,,17.07355499267578,28.903711318969727,21.47712516784668,1.2309999465942383,2.259999990463257,18.387903213500977
2012-12-07,16.119670867919922,35.47999954223633,12.66349983215332,,16.902603149414062,29.66341781616211,21.26018524169922,1.2282860279083252,2.2780001163482666,18.567697525024414
2012-12-10,16.015979766845703,35.75,12.388500213623047,,16.932497024536133,29.48917007446289,21.645862579345703,1.2114289999008179,2.3046669960021973,18.53173065185547
2012-12-11,16.36572265625,35.540000915527344,12.534500122070312,,17.215600967407227,29.71917724609375,21.95117950439453,1.229714035987854,2.3519999980926514,18.20810890197754
2012-12-12,16.293479919433594,35.959999084472656,12.588000297546387,,17.232402801513672,29.809778213500977,21.88690948486328,1.2961430549621582,2.3506669998168945,17.707252502441406
2012-12-13,16.012046813964844,35.529998779296875,12.5625,,17.3593807220459,29.81674575805664,21.78244400024414,1.3222860097885132,2.2406671047210693,17.732942581176758
2012-12-14,15.41048812866211,37.560001373291016,12.459500312805176,,17.341096878051758,29.83765983581543,21.54140853881836,1.3328570127487183,2.253999948501587,17.6584415435791
2012-12-17,15.683761596679688,37.41999816894531,12.692999839782715,,17.8060245513916,30.304637908935547,21.7744197845459,1.352856993675232,2.293333053588867,17.774028778076172
2012-12-18,16.139314651489258,37.4900016784668,13.020000457763672,,17.813190460205078,30.576457977294922,22.144018173217773,1.366286039352417,2.305999994277954,17.851083755493164
2012-12-19,15.909876823425293,38.09000015258789,12.899499893188477,,17.789472579956055,30.339487075805664,21.943147659301758,1.3425710201263428,2.307332992553711,17.599365234375
2012-12-20,15.771428108215332,37.869998931884766,13.074999809265137,,17.845054626464844,31.036457061767578,22.240434646606445,1.3357139825820923,2.295332908630371,17.72265625
2012-12-21,15.69887638092041,37.709999084472656,12.845999717712402,,17.67879867553711,30.667068481445312,22.05563735961914,1.3048570156097412,2.266666889190674,17.63275718688965
2012-12-24,15.72426700592041,37.529998779296875,12.930999755859375,,17.52736473083496,30.61130714416504,21.742280960083008,1.2890000343322754,2.2853329181671143,17.612205505371094
2012-12-26,15.507525444030762,37.54999923706055,12.431500434875488,,17.511804580688477,30.639169692993164,21.581579208374023,1.2949999570846558,2.239332914352417,17.463239669799805
2012-12-27,15.569795608520508,37.29999923706055,12.415499687194824,,17.44806480407715,30.409189224243164,21.66192054748535,1.292857050895691,2.246000051498413,17.514610290527344
2012-12-28,15.404446601867676,36.900001525878906,12.258999824523926,,17.292926788330078,30.13736343383789,21.33249855041504,1.276142954826355,2.2146670818328857,17.365631103515625
2012-12-31,16.087017059326172,37.68000030517578,12.543499946594238,,17.474992752075195,30.646156311035156,21.461057662963867,1.3227139711380005,2.257999897003174,17.524885177612305
2013-01-02,16.5966796875,38.34000015258789,12.865500450134277,,17.867042541503906,31.340900421142578,22.192230224609375,1.3144290447235107,2.357332944869995,17.7843074798584
2013-01-03,16.387189865112305,37.75,12.923999786376953,,17.877418518066406,31.277742385864258,21.894939422607422,1.3798569440841675,2.318000078201294,17.67128562927246
2013-01-04,15.930731773376465,38.130001068115234,12.957500457763672,,18.23068618774414,31.832134246826172,21.485158920288086,1.3711429834365845,2.293333053588867,17.73807144165039
2013-01-07,15.837030410766602,37.939998626708984,13.42300033569336,,18.15113639831543,31.86722755432129,21.444990158081055,1.4171429872512817,2.2893331050872803,17.56855010986328
2013-01-08,15.87964916229248,38.13999938964844,13.319000244140625,,18.115318298339844,31.930381774902344,21.33249855041504,1.3880000114440918,2.245332956314087,17.61734390258789
2013-01-09,15.63145637512207,38.65999984741211,13.317500114440918,,18.234386444091797,31.90933609008789,21.453027725219727,1.3701430559158325,2.2426669597625732,17.612205505371094
2013-01-10,15.82523250579834,38.619998931884766,13.267000198364258,,18.317394256591797,32.38653564453125,21.26018524169922,1.399999976158142,2.23533296585083,17.558273315429688
2013-01-11,15.72819709777832,38.09000015258789,13.397000312805176,,18.28058624267578,32.3795280456543,21.557470321655273,1.4470000267028809,2.194000005722046,17.627620697021484
2013-01-14,15.167447090148926,38.15999984741211,13.636500358581543,,17.867042541503906,32.19706344604492,21.60568618774414,1.477856993675232,2.2173330783843994,17.54286003112793
2013-01-15,14.688921928405762,38.150001525878906,13.595000267028809,,17.90854263305664,32.52688980102539,21.862794876098633,1.452713966369629,2.259999990463257,17.717531204223633
2013-01-16,15.298638343811035,37.880001068115234,13.446499824523926,,17.66792869567871,32.85671615600586,21.726211547851562,1.392570972442627,2.2733330726623535,17.776592254638672
2013-01-17,15.195558547973633,37.72999954223633,13.52400016784668,,17.572330474853516,32.59003829956055,21.894939422607422,1.3957140445709229,2.2920000553131104,17.684131622314453
2013-01-18,15.114542007446289,37.97999954223633,13.605999946594238,,17.40409278869629,32.60408401489258,21.894939422607422,1.4167139530181885,2.301332950592041,17.774028778076172
2013-01-22,15.258740425109863,37.95000076293945,13.509499549865723,,17.36357879638672,32.66022491455078,21.814594268798828,1.397286057472229,2.3459999561309814,17.87163543701172
2013-01-23,15.538061141967773,38.25,13.405500411987305,,18.317886352539062,32.442665100097656,22.18419075012207,1.4751429557800293,2.4000000953674316,17.848520278930664
2013-01-24,13.618204116821289,38.11000061035156,13.67300033569336,,18.63187599182129,32.54092025756836,22.20026397705078,2.0980000495910645,2.4660000801086426,17.925569534301758
2013-01-25,13.297173500061035,38.31999969482422,14.19950008392334,,18.618534088134766,33.09531784057617,22.40113067626953,2.422286033630371,2.4653329849243164,17.72265625
2013-01-28,13.597952842712402,38.2400016784668,13.802000045776367,,18.5459041595459,32.730403900146484,22.42523765563965,2.31585693359375,2.5353329181671143,17.81256103515625
2013-01-29,13.8530855178833,38.52000045776367,13.017499923706055,,18.6187801361084,33.06724166870117,22.505578994750977,2.4159998893737793,2.5299999713897705,17.951251983642578
2013-01-30,13.809558868408203,37.939998626708984,13.637999534606934,,18.62248420715332,33.074256896972656,22.377038955688477,2.395714044570923,2.501332998275757,17.915294647216797
2013-01-31,13.769051551818848,37.83000183105469,13.274999618530273,,18.668434143066406,33.018131256103516,22.05563735961914,2.3605709075927734,2.500667095184326,17.966665267944336
2013-02-01,13.712519645690918,38.34000015258789,13.25,,19.1602840423584,33.57954025268555,22.44131088256836,2.354285955429077,2.553333044052124,18.105365753173828
2013-02-04,13.370927810668945,38.099998474121094,12.99899959564209,,18.75069808959961,33.46023178100586,22.047603607177734,2.496285915374756,2.5160000324249268,17.884475708007812
2013-02-05,13.840091705322266,38.5099983215332,13.344499588012695,,18.916709899902344,34.239200592041016,22.09580421447754,2.491286039352417,2.5420000553131104,18.177284240722656
2013-02-06,13.825275421142578,38.400001525878906,13.111000061035156,,19.026147842407227,34.112876892089844,21.967256546020508,2.6344289779663086,2.611332893371582,18.31597900390625
2013-02-07,14.236356735229492,38.06999969482422,13.011500358581543,,19.119529724121094,33.84621047973633,21.919042587280273,2.59942889213562,2.631999969482422,18.295442581176758
2013-02-08,14.441892623901367,39.119998931884766,13.09749984741211,,19.401643753051758,34.126922607421875,22.135984420776367,2.5852859020233154,2.615999937057495,18.35964584350586
2013-02-11,14.592398643493652,38.63999938964844,12.86050033569336,,19.328765869140625,34.147972106933594,22.385061264038086,2.541285991668701,2.561332941055298,18.339101791381836
2013-02-12,14.226630210876465,38.88999938964844,12.9350004196167,,19.286277770996094,34.484806060791016,22.40113067626953,2.5421431064605713,2.5260000228881836,18.339101791381836
2013-02-13,14.199563980102539,38.810001373291016,13.47350025177002,,19.339641571044922,34.16200637817383,22.521652221679688,2.6610000133514404,2.563333034515381,18.336538314819336
2013-02-14,14.186796188354492,38.61000061035156,13.461999893188477,,19.46217155456543,34.54096221923828,22.529693603515625,2.677143096923828,2.551332950592041,18.190122604370117
2013-02-15,13.991293907165527,38.630001068115234,13.254500389099121,,19.587417602539062,34.302364349365234,22.505578994750977,2.7072858810424805,2.4693329334259033,17.79971694946289
2013-02-19,13.98612117767334,38.9900016784668,13.487500190734863,,19.932283401489258,34.702369689941406,22.724321365356445,2.806428909301758,2.618666887283325,17.661020278930664
2013-02-20,13.647406578063965,38.77000045776367,13.320500373840332,,19.576793670654297,34.112876892089844,22.578502655029297,2.673142910003662,2.569333076477051,17.776592254638672
2013-02-21,13.56257152557373,38.34000015258789,13.29699993133545,,19.65263557434082,33.860233306884766,22.270648956298828,2.6735711097717285,2.3440001010894775,18.04629135131836
2013-02-22,13.707001686096191,38.54999923706055,13.270999908447266,,19.755897521972656,34.32341003417969,22.4893856048584,2.5694289207458496,2.4073328971862793,18.082246780395508
2013-02-25,13.463454246520996,38.11000061035156,12.993499755859375,,19.535043716430664,33.474281311035156,22.17343521118164,2.561713933944702,2.2920000553131104,18.092527389526367
2013-02-26,13.651052474975586,38.59000015258789,12.968000411987305,,19.51923370361328,33.40409469604492,22.17343521118164,2.629857063293457,2.295332908630371,18.264612197875977
2013-02-27,13.517268180847168,39.599998474121094,13.162500381469727,,19.757625579833984,34.583072662353516,22.529891967773438,2.6331429481506348,2.3399999141693115,18.405879974365234
2013-02-28,13.420888900756836,39.310001373291016,13.213500022888184,,19.792705535888672,34.330413818359375,22.521787643432617,2.686856985092163,2.322000026702881,18.17984390258789
2013-03-01,13.088558197021484,39.83000183105469,13.286999702453613,,19.915977478027344,34.32341003417969,22.643312454223633,2.7052860260009766,2.309999942779541,18.426420211791992
2013-03-04,12.77173900604248,40.459999084472656,13.655500411987305,,20.294193267822266,34.45674514770508,22.805330276489258,2.5887138843536377,2.371999979019165,18.816844940185547
2013-03-05,13.108928680419922,41.459999084472656,13.779500007629395,,20.716630935668945,34.73042297363281,22.967370986938477,2.5961430072784424,2.4433329105377197,18.934999465942383
2013-03-06,12.942305564880371,41.290000915527344,13.689499855041504,,20.538270950317383,35.10938262939453,22.756738662719727,2.613429069519043,2.512666940689087,18.847667694091797
2013-03-07,13.091899871826172,41.5,13.694000244140625,,20.56840705871582,35.530452728271484,22.79723358154297,2.5937139987945557,2.5486669540405273,18.832256317138672
2013-03-08,13.126562118530273,41.5,13.709500312805176,,20.54172706604004,35.22868728637695,22.68381690979004,2.63857102394104,2.564666986465454,18.8787841796875
2013-03-11,13.313556671142578,41.47999954223633,13.562000274658203,,20.62325096130371,35.42518615722656,22.578502655029297,2.57785701751709,2.6066670417785645,18.86585807800293
2013-03-12,13.026527404785156,41.400001525878906,13.706500053405762,,20.445133209228516,35.28483581542969,22.61090660095215,2.6015710830688477,2.6080000400543213,19.02613067626953
2013-03-13,13.024096488952637,41.59000015258789,13.755000114440918,,20.388315200805664,35.20060348510742,22.61900520324707,2.747999906539917,2.5986669063568115,19.0390567779541
2013-03-14,13.150276184082031,41.619998931884766,13.286999702453613,,20.295185089111328,35.790103912353516,22.79723358154297,2.690999984741211,2.456666946411133,18.927902221679688
2013-03-15,13.489601135253906,41.380001068115234,13.090999603271484,,20.1163272857666,35.10237121582031,22.716224670410156,2.640713930130005,2.3526670932769775,18.74177360534668
2013-03-18,13.856289863586426,41.060001373291016,12.894499778747559,,19.955503463745117,34.744468688964844,22.76482582092285,2.6512858867645264,2.3433330059051514,18.677152633666992
2013-03-19,13.818894386291504,40.75,12.820500373840332,,20.042707443237305,34.52693176269531,22.82964324951172,2.5910000801086426,2.3386669158935547,18.728853225708008
2013-03-20,13.745612144470215,42.459999084472656,12.86400032043457,,20.126455307006836,34.47078323364258,22.943058013916016,2.615000009536743,2.396667003631592,18.86844253540039
2013-03-21,13.765377044677734,42.18000030517578,12.669500350952148,,20.041229248046875,33.930419921875,22.77292823791504,2.5998570919036865,2.4006669521331787,18.904638290405273
2013-03-22,14.044498443603516,42.970001220703125,12.887499809265137,,20.017759323120117,34.232177734375,22.8863525390625,2.5899999141693115,2.441333055496216,19.201913833618164
2013-03-25,14.095271110534668,42.4900016784668,12.800999641418457,,20.001205444335938,34.04972457885742,22.813434600830078,2.582714080810547,2.502000093460083,19.349267959594727
2013-03-26,14.021089553833008,42.75,13.01550006866455,,20.069883346557617,34.13391876220703,22.813434600830078,2.7230000495910645,2.5239999294281006,19.328582763671875
2013-03-27,13.745612144470215,42.65999984741211,13.265000343322754,,19.828773498535156,33.523414611816406,22.983564376831055,2.7177140712738037,2.5439999103546143,19.331172943115234
2013-03-28,13.459200859069824,43.52000045776367,13.32450008392334,,19.619531631469727,33.30585479736328,23.178001403808594,2.7039999961853027,2.5260000228881836,19.344099044799805
2013-04-01,13.041126251220703,43.380001068115234,13.080499649047852,,19.792457580566406,33.565513610839844,23.178001403808594,2.606142997741699,2.9286670684814453,19.499204635620117
2013-04-02,13.067883491516113,43.849998474121094,13.166000366210938,,20.085201263427734,33.88129806518555,23.33192253112793,2.5241429805755615,2.9560000896453857,19.651718139648438
2013-04-03,13.134772300720215,43.70000076293945,12.951499938964844,,19.91622543334961,33.083335876464844,23.137496948242188,2.4248569011688232,2.740000009536743,19.646549224853516
2013-04-04,13.004940032958984,44.209999084472656,12.954000473022461,,19.641271591186523,33.53527069091797,23.16989517211914,2.3812859058380127,2.8006670475006104,19.69824981689453
2013-04-05,12.867512702941895,43.380001068115234,12.77400016784668,,19.344331741333008,33.831851959228516,23.25091552734375,2.3522861003875732,2.757999897003174,19.74736785888672
2013-04-08,12.959028244018555,43.790000915527344,12.947500228881836,,19.14175796508789,34.30499267578125,23.16179847717285,2.3294289112091064,2.7886669635772705,19.98002052307129
2013-04-09,12.98244571685791,44.16999816894531,13.057000160217285,,19.210933685302734,34.375606536865234,23.98813819885254,2.419429063796997,2.700000047683716,20.194580078125
2013-04-10,13.247270584106445,44.70000076293945,13.238499641418457,,19.520471572875977,34.77811813354492,24.530921936035156,2.3724288940429688,2.7906670570373535,20.000709533691406
2013-04-11,13.20591926574707,45.209999084472656,13.492500305175781,,19.525659561157227,34.82048797607422,23.44533920288086,2.4715709686279297,2.9059998989105225,20.109275817871094
2013-04-12,13.068185806274414,45.029998779296875,13.643500328063965,,19.51725959777832,34.60863494873047,23.323820114135742,2.4742860794067383,2.9166669845581055,20.30832862854004
2013-04-15,12.765654563903809,44.599998474121094,13.38599967956543,,19.316661834716797,33.84598922729492,23.242809295654297,2.5214290618896484,2.886667013168335,20.285062789916992
2013-04-16,12.959942817687988,45.279998779296875,13.616999626159668,,19.599273681640625,34.2414436340332,23.469648361206055,2.5121428966522217,3.0393331050872803,20.33934783935547
2013-04-17,12.247244834899902,44.900001525878906,13.369999885559082,,19.332225799560547,33.04097366333008,23.356233596801758,2.419429063796997,3.0299999713897705,20.2954044342041
2013-04-18,11.92038631439209,44.459999084472656,12.970999717712402,,18.920909881591797,32.935054779052734,23.323820114135742,2.3402860164642334,3.131333112716675,19.9464168548584
2013-04-19,11.874166488647461,44.7400016784668,13.015999794006348,,19.759849548339844,33.35167694091797,24.11775779724121,2.3338570594787598,3.188667058944702,20.2385311126709
2013-04-22,12.121670722961426,44.529998779296875,13.177499771118164,,19.765779495239258,33.4364128112793,24.976505279541016,2.490999937057495,3.3459999561309814,20.155807495117188
2013-04-23,12.348493576049805,44.869998931884766,13.444999694824219,,19.958223342895508,34.01545715332031,24.790178298950195,3.0998570919036865,3.4006669521331787,20.445343017578125
2013-04-24,12.328120231628418,44.66999816894531,13.439000129699707,,20.09532928466797,34.403846740722656,25.729928970336914,3.0959999561309814,3.361999988555908,20.171316146850586
2013-04-25,12.416901588439941,45.04999923706055,13.734999656677246,,19.98786735534668,34.6015739440918,25.875751495361328,3.0535709857940674,3.4666669368743896,20.331586837768555
2013-04-26,12.685077667236328,44.90999984741211,12.740500450134277,,19.798139572143555,34.516841888427734,25.754228591918945,3.0792860984802246,3.413332939147949,20.432409286499023
2013-04-29,13.077914237976074,45.060001373291016,12.487000465393066,,20.23391342163086,34.54507064819336,26.41853904724121,3.071571111679077,3.6626670360565186,20.264381408691406
2013-04-30,13.462843894958496,45.08000183105469,12.690500259399414,,20.37003517150879,34.60863494873047,26.815513610839844,3.086714029312134,3.5993330478668213,20.091184616088867
2013-05-01,13.356732368469238,44.709999084472656,12.411499977111816,,20.26776123046875,33.9024772644043,26.507658004760742,3.0415709018707275,3.552000045776367,20.1790771484375
2013-05-02,13.546156883239746,45.689998626708984,12.6274995803833,,20.494544982910156,33.95192337036133,26.86411476135254,3.064142942428589,3.607332944869995,20.282480239868164
2013-05-03,13.681763648986816,47.0099983215332,12.90250015258789,,20.892520904541016,33.591766357421875,27.131473541259766,3.049285888671875,3.636667013168335,20.486698150634766
2013-05-06,14.008013725280762,46.4900016784668,12.78600025177002,,21.283580780029297,34.02253723144531,27.34209632873535,3.009856939315796,3.9666669368743896,20.378124237060547
2013-05-07,13.945679664611816,45.599998474121094,12.886500358581543,,21.17685890197754,34.70043182373047,26.985645294189453,2.9464290142059326,3.700666904449463,20.378124237060547
2013-05-08,14.103182792663574,45.31999969482422,12.934000015258789,,21.58200454711914,35.13825988769531,26.726396560668945,2.9801430702209473,3.7193329334259033,20.349523544311523
2013-05-09,13.98013973236084,43.970001220703125,13.008000373840332,,21.52889060974121,34.62982177734375,26.45905113220215,3.091571092605591,4.626667022705078,20.388526916503906
2013-05-10,13.863837242126465,44.02000045776367,13.181500434875488,,21.74504852294922,34.57332992553711,26.483354568481445,3.1098570823669434,5.117332935333252,20.515953063964844
2013-05-13,13.918009757995605,43.61000061035156,13.225500106811523,,21.678348541259766,35.07468032836914,26.75880241394043,3.2768568992614746,5.853332996368408,20.414525985717773
2013-05-14,13.585013389587402,44.040000915527344,13.416500091552734,,21.91476821899414,35.470149993896484,27.354341506958008,3.3424289226531982,5.549333095550537,20.48734474182129
2013-05-15,13.125606536865234,45.06999969482422,13.32800006866455,,22.625988006591797,36.07743453979492,27.61541175842285,3.4771430492401123,5.656000137329102,20.768205642700195
2013-05-16,13.300982475280762,44.560001373291016,13.206000328063965,,22.32904815673828,35.992706298828125,27.803058624267578,3.3861429691314697,6.150000095367432,20.414525985717773
2013-05-17,13.260581970214844,44.61000061035156,13.494999885559082,,22.460224151611328,36.931880950927734,28.447555541992188,3.414285898208618,6.099999904632568,20.25069808959961
2013-05-20,13.556547164916992,44.290000915527344,13.381500244140625,,22.444168090820312,36.92481994628906,28.618871688842773,3.42214298248291,5.995999813079834,20.128467559814453
2013-05-21,13.456465721130371,44.02000045776367,13.442999839782715,,22.405628204345703,37.4403190612793,28.431217193603516,3.38700008392334,5.8393330574035645,20.12586784362793
2013-05-22,13.50818920135498,43.16999816894531,13.14799976348877,,21.972074508666992,37.87106704711914,28.235437393188477,3.2651429176330566,5.815999984741211,20.032245635986328
2013-05-23,13.532367706298828,42.77000045776367,13.09000015258789,,21.80828857421875,37.67334747314453,27.860157012939453,3.231142997741699,6.182000160217285,19.850204467773438
2013-05-24,13.62449836730957,42.43000030517578,13.086999893188477,,21.5743465423584,37.89225769042969,27.95805549621582,3.267714023590088,6.4720001220703125,20.105058670043945
2013-05-28,13.510942459106445,42.90999984741211,13.364500045776367,,21.770740509033203,38.55604934692383,28.569917678833008,3.05985689163208,7.355332851409912,20.107666015625
2013-05-29,13.618376731872559,42.599998474121094,13.27649974822998,,21.450578689575195,38.60546875,28.45570182800293,3.0762860774993896,6.975333213806152,19.82419776916504
2013-05-30,13.821293830871582,43.189998626708984,13.341500282287598,,21.5111083984375,39.27632522583008,28.578075408935547,3.180856943130493,6.99666690826416,19.668163299560547
2013-05-31,13.76467514038086,42.90999984741211,13.460000038146973,,21.52246856689453,38.548980712890625,28.472023010253906,3.232142925262451,6.517333030700684,19.462717056274414
2013-06-03,13.794974327087402,43.459999084472656,13.343999862670898,,21.433780670166016,38.47835922241211,29.0349178314209,3.1710000038146973,6.172667026519775,19.68376922607422
2013-06-04,13.75181770324707,44.38999938964844,13.28499984741211,,21.223060607910156,38.16059112548828,28.54544448852539,3.2187139987945557,6.322667121887207,19.74878692626953
2013-06-05,13.623271942138672,43.84000015258789,13.358499526977539,,21.23788070678711,37.44738006591797,28.37411117553711,3.1922860145568848,6.357999801635742,19.569347381591797
2013-06-06,13.419737815856934,43.56999969482422,13.391500473022461,,21.35991859436035,37.77925491333008,28.52096939086914,3.1105709075927734,6.489999771118164,19.668163299560547
2013-06-07,13.522268295288086,44.119998931884766,13.843500137329102,,21.732698440551758,38.3230094909668,29.100191116333008,3.1459999084472656,6.802667140960693,19.850204467773438
2013-06-10,13.432900428771973,44.09000015258789,14.053500175476074,,21.991840362548828,38.386566162109375,28.937021255493164,3.1561429500579834,6.670000076293945,19.69936752319336
2013-06-11,13.393413543701172,43.119998931884766,13.73900032043457,,21.734676361083984,37.7722053527832,28.42306900024414,3.063714027404785,6.297999858856201,19.569347381591797
2013-06-12,13.227835655212402,42.720001220703125,13.583499908447266,,21.541244506835938,37.55329895019531,28.55360221862793,2.9662859439849854,6.51533317565918,19.462717056274414
2013-06-13,13.343222618103027,43.29999923706055,13.78950023651123,,21.66525650024414,38.25238800048828,28.325180053710938,3.0769999027252197,6.545332908630371,19.504329681396484
2013-06-14,13.162338256835938,42.84000015258789,13.69950008392334,,21.61683464050293,37.51799774169922,28.064109802246094,3.056999921798706,6.686666965484619,19.47052001953125
2013-06-17,13.222016334533691,43.38999938964844,13.902999877929688,,21.893766403198242,38.026432037353516,28.55360221862793,3.2747139930725098,6.813333034515381,19.491334915161133
2013-06-18,13.21497917175293,43.36000061035156,14.088000297546387,,22.248762130737305,38.210025787353516,28.537277221679688,3.2690000534057617,6.892666816711426,19.69417381286621
2013-06-19,12.946558952331543,45.779998779296875,13.907999992370605,,22.250244140625,37.814579010009766,28.21910858154297,3.318713903427124,6.97866678237915,19.363901138305664
2013-06-20,12.758023262023926,44.900001525878906,13.67199993133545,,21.856464385986328,37.058990478515625,27.321718215942383,3.193142890930176,6.710000038146973,18.992013931274414
2013-06-21,12.655797958374023,44.77000045776367,13.668000221252441,,21.762340545654297,36.691802978515625,27.142244338989258,3.0985710620880127,6.636666774749756,19.116840362548828
2013-06-24,12.320353507995605,43.599998474121094,13.530500411987305,,21.48714256286621,35.95738220214844,27.509355545043945,3.0799999237060547,6.765999794006348,19.296279907226562
2013-06-25,12.32310676574707,44.369998931884766,13.604499816894531,,21.398456573486328,36.77652359008789,27.468557357788086,3.041429042816162,6.826666831970215,19.340496063232422
2013-06-26,12.183538436889648,45.68000030517578,13.878499984741211,,21.58249855041504,37.0731315612793,28.02332305908203,3.0299999713897705,7.047999858856201,19.506925582885742
2013-06-27,12.052239418029785,45.93000030517578,13.8774995803833,,21.66698455810547,37.5321159362793,28.243593215942383,3.071000099182129,7.283332824707031,19.571949005126953
2013-06-28,12.136404991149902,45.560001373291016,13.884499549865723,,21.748506546020508,37.27789306640625,28.17832374572754,3.015571117401123,7.157332897186279,19.371700286865234
2013-07-01,12.524803161621094,46.2400016784668,14.104999542236328,,21.93403434753418,37.06605529785156,28.031478881835938,3.2039999961853027,7.811999797821045,19.397706985473633
2013-07-02,12.808525085449219,46.029998779296875,14.18649959564209,,21.796432495117188,37.556861877441406,27.68883514404297,3.1637139320373535,7.8546671867370605,19.42891502380371
2013-07-03,12.87922477722168,46.41999816894531,14.201499938964844,,21.898212432861328,37.5355110168457,27.745956420898438,3.1558570861816406,7.682666778564453,19.441913604736328
2013-07-05,12.775775909423828,47.0,14.293999671936035,,22.07262420654297,38.40331268310547,27.909090042114258,3.2157139778137207,8.005999565124512,19.558940887451172
2013-07-08,12.703238487243652,46.630001068115234,14.529500007629395,,22.35918617248535,38.908329010009766,28.00701141357422,3.3299999237060547,8.107333183288574,19.949026107788086
2013-07-09,12.926668167114258,47.2599983215332,14.576499938964844,,22.362892150878906,39.043479919433594,28.02332305908203,3.5339999198913574,8.229999542236328,20.032245635986328
2013-07-10,12.877082824707031,47.25,14.616499900817871,,22.38142204284668,39.000797271728516,28.308849334716797,3.4831430912017822,8.15133285522461,19.96463394165039
2013-07-11,13.077862739562988,47.9900016784668,14.982999801635742,,22.733449935913086,39.22129440307617,29.11651039123535,3.488142967224121,8.37399959564209,20.18828582763672
2013-07-12,13.053990364074707,48.38999938964844,15.3774995803833,,22.801631927490234,39.10039138793945,29.100191116333008,3.675143003463745,8.65999984741211,20.18828582763672
2013-07-15,13.082453727722168,48.119998931884766,15.328499794006348,,22.8433837890625,39.043479919433594,29.50811004638672,3.685429096221924,8.484000205993652,20.032245635986328
2013-07-16,13.166929244995117,47.4900016784668,15.343500137329102,,22.717885971069336,39.12883758544922,29.589683532714844,3.7211430072784424,7.269999980926514,20.12066650390625
2013-07-17,13.170295715332031,48.040000915527344,15.434499740600586,,22.691701889038086,39.31377410888672,29.157310485839844,3.8274290561676025,8.016667366027832,20.07645606994629
2013-07-18,13.214673042297363,48.189998626708984,15.205499649047852,,22.49728012084961,40.0962028503418,28.912567138671875,3.805856943130493,7.935332775115967,20.112871170043945
2013-07-19,13.006242752075195,48.06999969482422,15.261500358581543,,22.149450302124023,39.94683074951172,25.61665916442871,3.7797141075134277,7.97866678237915,20.305309295654297
2013-07-22,13.047869682312012,48.279998779296875,15.173999786376953,,22.497774124145508,40.23136520385742,26.11430549621582,3.742285966873169,8.161999702453613,20.25069808959961
2013-07-23,12.823830604553223,48.06999969482422,15.053000450134277,,22.327320098876953,40.30959701538086,25.959304809570312,3.5751430988311768,8.182666778564453,20.427534103393555
2013-07-24,13.4824800491333,47.79999923706055,14.946999549865723,,22.305086135864258,40.281158447265625,26.073516845703125,3.447143077850342,8.113332748413086,20.344322204589844
2013-07-25,13.420961380004883,47.790000915527344,15.170000076293945,,21.929590225219727,40.188682556152344,25.608501434326172,3.5248570442199707,8.271332740783691,20.287107467651367
2013-07-26,13.497171401977539,47.63999938964844,15.600500106811523,,21.87153434753418,39.86858367919922,25.796138763427734,3.51871395111084,8.62600040435791,20.284502029418945
2013-07-29,13.705296516418457,47.16999816894531,15.305000305175781,,21.795446395874023,39.61251449584961,25.730873107910156,3.4994289875030518,8.974666595458984,20.28190040588379
2013-07-30,13.87454891204834,47.36000061035156,15.120499610900879,,22.009132385253906,39.3564567565918,25.983776092529297,3.482285976409912,8.78266716003418,20.25589370727539
2013-07-31,13.850371360778809,47.279998779296875,15.060999870300293,,21.930822372436523,39.64097213745117,25.975622177124023,3.4925711154937744,8.95199966430664,20.26889991760254
2013-08-01,13.977385520935059,47.70000076293945,15.278499603271484,,22.337696075439453,40.217140197753906,25.83692741394043,3.558856964111328,9.036666870117188,20.341724395751953
2013-08-02,14.156742095947266,47.45000076293945,15.21049976348877,,22.395750045776367,40.18156814575195,26.01641082763672,3.5168569087982178,9.199999809265137,20.479543685913086
2013-08-05,14.368232727050781,47.630001068115234,15.049500465393066,,22.35696029663086,39.9041633605957,25.861404418945312,3.626286029815674,9.645333290100098,20.48474884033203
2013-08-06,14.2396821975708,47.38999938964844,15.037500381469727,,22.148712158203125,39.47026443481445,25.76350212097168,3.6557140350341797,9.476667404174805,20.25069808959961
2013-08-07,14.23142147064209,47.099998474121094,14.845499992370605,,22.00246238708496,39.33510971069336,26.15509796142578,3.560142993927002,8.9486665725708,20.24284553527832
2013-08-08,14.203080177307129,47.5099983215332,14.786999702453613,,22.052120208740234,39.000797271728516,26.832225799560547,3.5771429538726807,10.232000350952148,20.21145248413086
2013-08-09,14.000975608825684,47.18000030517578,14.86299991607666,,21.99653434753418,38.78030776977539,26.677215576171875,3.6107139587402344,10.199999809265137,20.11988067626953
2013-08-12,14.398716926574707,47.20000076293945,14.834500312805176,,21.875484466552734,38.47443389892578,26.81591033935547,3.6657140254974365,9.825332641601562,20.16697883605957
2013-08-13,15.082972526550293,47.13999938964844,14.69849967956543,,21.770248413085938,38.61669921875,26.479063034057617,3.702713966369629,9.695332527160645,20.109413146972656
2013-08-14,15.3580961227417,46.84000015258789,14.567000389099121,,21.48763656616211,38.51710891723633,26.577651977539062,3.740143060684204,9.290666580200195,19.98906135559082
2013-08-15,15.339912414550781,45.869998931884766,14.32349967956543,,21.23689079284668,37.905399322509766,26.11758041381836,3.620142936706543,9.311332702636719,19.468400955200195
2013-08-16,15.476090431213379,45.400001525878906,14.241000175476074,,21.168956756591797,37.905399322509766,26.125795364379883,3.6981430053710938,9.466667175292969,19.389915466308594
2013-08-19,15.64277172088623,44.88999938964844,14.278499603271484,,21.384868621826172,36.86689758300781,25.78894805908203,3.7111430168151855,9.65999984741211,19.25124740600586
2013-08-20,15.437267303466797,45.06999969482422,14.354499816894531,,21.379186630249023,37.073177337646484,25.977914810180664,3.9041430950164795,9.972000122070312,19.15966796875
2013-08-21,15.477022171020508,45.13999938964844,14.228500366210938,,21.475778579711914,36.7246208190918,25.96969985961914,3.862428903579712,9.857333183288574,19.243392944335938
2013-08-22,15.495499610900879,45.68000030517578,14.486499786376953,,21.583984375,37.137184143066406,26.610517501831055,3.8535709381103516,10.473333358764648,19.219852447509766
2013-08-23,15.435729026794434,45.77000045776367,14.500499725341797,,21.497514724731445,37.215431213378906,28.549407958984375,3.9765710830688477,10.78933334350586,19.21461296081543
2013-08-26,15.495808601379395,46.060001373291016,14.310500144958496,,21.403148651123047,36.84555435180664,28.056472778320312,4.0388569831848145,10.947999954223633,19.10733985900879
2013-08-27,15.052777290344238,45.5,14.046500205993652,,21.0019588470459,35.991973876953125,27.32527732849121,3.9434289932250977,11.133999824523926,19.062868118286133
2013-08-28,15.12394905090332,45.529998779296875,14.079000473022461,,20.962434768676758,35.97775650024414,27.128108978271484,4.047999858856201,11.096667289733887,18.937280654907227
2013-08-29,15.148592948913574,45.93000030517578,14.199000358581543,,21.13239288330078,36.06311798095703,27.563533782958984,4.112143039703369,11.070667266845703,18.950355529785156
2013-08-30,15.010573387145996,45.75,14.048999786376953,,20.92167091369629,35.94218444824219,27.44029998779297,4.055857181549072,11.266667366027832,19.09426498413086
2013-09-03,15.052474021911621,45.880001068115234,14.4399995803833,,21.25467872619629,36.36897659301758,26.19152069091797,4.128571033477783,11.262666702270508,19.01576805114746
2013-09-04,15.3639497756958,46.93000030517578,14.682000160217285,,21.532596588134766,36.895355224609375,25.632856369018555,4.177570819854736,11.374667167663574,19.07594871520996
2013-09-05,15.258578300476074,46.72999954223633,14.704999923706055,,21.728496551513672,37.06605911254883,25.657501220703125,4.215857028961182,11.328666687011719,19.013153076171875
2013-09-06,15.349470138549805,46.869998931884766,14.793000221252441,,21.728994369506836,37.38614273071289,25.591773986816406,4.164856910705566,11.131333351135254,18.992223739624023
2013-09-09,15.594398498535156,47.25,14.98550033569336,,21.938234329223633,37.59953308105469,26.010780334472656,4.20214319229126,10.713333129882812,19.23292350769043
2013-09-10,15.239166259765625,48.02000045776367,15.017999649047852,,21.95354652404785,38.175689697265625,26.610517501831055,4.472286224365234,11.091333389282227,19.350666046142578
2013-09-11,14.40949535369873,48.20000076293945,14.982000350952148,,22.13932228088379,37.88405227661133,26.898069381713867,4.404285907745361,10.90133285522461,19.37421226501465
2013-09-12,14.562920570373535,47.63999938964844,14.942999839782715,,22.062002182006836,37.15852355957031,26.856979370117188,4.305857181549072,10.995332717895508,19.337581634521484
2013-09-13,14.322925567626953,47.7599983215332,14.895999908447266,,21.963430404663086,37.407474517822266,27.136322021484375,4.366428852081299,11.03600025177002,19.4553165435791
2013-09-16,13.867571830749512,48.13999938964844,14.803000450134277,,21.93107032775879,37.79868698120117,26.947362899780273,4.316571235656738,11.10533332824707,19.565208435058594
2013-09-17,14.027779579162598,48.13999938964844,15.208499908447266,,21.89030647277832,37.76313018798828,27.054157257080078,4.279285907745361,11.081999778747559,19.662015914916992
2013-09-18,14.316144943237305,52.58000183105469,15.601499557495117,,22.315460205078125,37.99074172973633,27.37457847595215,4.384571075439453,11.08133316040039,19.994291305541992
2013-09-19,14.550907135009766,51.869998931884766,15.602999687194824,,22.193668365478516,37.52128982543945,27.637474060058594,4.364285945892334,11.861332893371582,19.939346313476562
2013-09-20,14.400253295898438,52.310001373291016,15.817000389099121,,22.310272216796875,37.556861877441406,26.939149856567383,4.483285903930664,12.22599983215332,19.839933395385742
2013-09-23,15.115944862365723,51.79999923706055,15.57450008392334,,21.899944305419922,36.60371780395508,26.898069381713867,4.314857006072998,12.074000358581543,19.994291305541992
2013-09-24,15.06849193572998,51.41999816894531,15.706500053405762,,21.908340454101562,35.792816162109375,26.659809112548828,4.378428936004639,12.155332565307617,19.818988800048828
2013-09-25,14.835277557373047,51.869998931884766,15.632499694824219,,21.670940399169922,36.77442932128906,26.709104537963867,4.38771390914917,12.349332809448242,19.531192779541016
2013-09-26,14.979769706726074,52.099998474121094,15.906000137329102,,21.694162368774414,36.90956115722656,26.92270851135254,4.4787139892578125,12.576000213623047,19.52334213256836
2013-09-27,14.872859001159668,52.029998779296875,15.80049991607666,,21.650188446044922,37.15852355957031,27.3335018157959,4.462856769561768,12.726667404174805,19.4553165435791
2013-09-30,14.68801212310791,51.939998626708984,15.631999969482422,,21.638324737548828,36.767311096191406,27.341705322265625,4.417285919189453,12.891332626342773,19.350666046142578
2013-10-01,15.033370018005371,52.43000030517578,16.047500610351562,,21.912296295166016,36.95936965942383,27.588186264038086,4.637429237365723,12.866666793823242,19.25386619567871
2013-10-02,15.082662582397461,51.52000045776367,16.02549934387207,,21.936750411987305,37.32479476928711,27.86751365661621,4.7247138023376465,12.063332557678223,19.287870407104492
2013-10-03,14.893190383911133,50.880001068115234,15.73799991607666,,21.64277458190918,37.217315673828125,27.818227767944336,4.5960001945495605,11.553999900817871,19.141355514526367
2013-10-04,14.881484985351562,51.56999969482422,15.95199966430664,,21.55038070678711,37.74039077758789,27.83465003967285,4.675142765045166,12.065333366394043,19.04716682434082
2013-10-07,15.026900291442871,50.81999969482422,15.501500129699707,,21.3870906829834,37.13850021362305,27.358142852783203,4.545143127441406,12.204667091369629,18.803844451904297
2013-10-08,14.817097663879395,49.58000183105469,15.161499977111816,,21.088918685913086,36.45061111450195,27.119895935058594,4.318857192993164,11.648667335510254,19.07333755493164
2013-10-09,14.991166114807129,49.45000076293945,14.911499977111816,,21.143020629882812,36.364627838134766,27.169187545776367,4.120429039001465,11.251999855041504,19.099491119384766
2013-10-10,15.085124969482422,51.16999816894531,15.258500099182129,,21.4488525390625,37.63290023803711,27.736061096191406,4.342713832855225,11.528667449951172,19.567825317382812
2013-10-11,15.182796478271484,52.189998626708984,15.544500350952148,,21.54149055480957,37.62574768066406,28.0400447845459,4.29785680770874,11.91333293914795,19.57567024230957
2013-10-14,15.282301902770996,52.630001068115234,15.53499984741211,,21.643268585205078,37.76905822753906,28.302947998046875,4.633714199066162,11.981332778930664,19.539039611816406
2013-10-15,15.363638877868652,51.93000030517578,15.319999694824219,,21.78902244567871,37.48242950439453,28.33580780029297,4.595571041107178,12.262666702270508,19.457937240600586
2013-10-16,15.438507080078125,51.90999984741211,15.524499893188477,,22.184778213500977,38.69340133666992,28.45903968811035,4.612570762634277,12.237333297729492,19.779747009277344
2013-10-17,15.542941093444824,52.06999969482422,15.53849983215332,,21.956514358520508,38.84385681152344,28.6890811920166,4.715713977813721,12.186667442321777,19.82684326171875
2013-10-18,15.678191184997559,52.630001068115234,16.446500778198242,,24.98569679260254,38.90835189819336,28.72194480895996,4.764286041259766,12.226667404174805,19.808528900146484
2013-10-21,16.062376022338867,53.08000183105469,16.32200050354004,,24.785350799560547,38.886863708496094,28.746593475341797,5.071286201477051,11.506667137145996,19.662015914916992
2013-10-22,16.016477584838867,53.16999816894531,16.62700080871582,,24.876752853393555,38.42111587524414,28.409744262695312,4.607429027557373,11.435999870300293,19.96813201904297
2013-10-23,16.17328643798828,53.060001373291016,16.33799934387207,,25.479774475097656,37.79772186279297,27.736061096191406,4.717713832855225,10.966667175292969,19.85824203491211
2013-10-24,16.387414932250977,54.209999084472656,16.61050033569336,,25.335010528564453,37.604248046875,27.703205108642578,4.731713771820068,11.543333053588867,19.994291305541992
2013-10-25,16.204099655151367,53.810001373291016,18.16950035095215,,25.079328536987305,37.81204605102539,29.354549407958984,4.686142921447754,11.310667037963867,19.905336380004883
2013-10-28,16.324867248535156,53.93000030517578,17.908000946044922,,25.074382781982422,37.747554779052734,29.223098754882812,4.485713958740234,10.857333183288574,20.18267250061035
2013-10-29,15.918196678161621,54.86000061035156,18.135000228881836,,25.599092483520508,37.78338623046875,29.18201446533203,4.675714015960693,10.964667320251465,20.161739349365234
2013-10-30,16.17144203186035,54.099998474121094,18.054000854492188,,25.455318450927734,37.69021987915039,29.19845199584961,4.544857025146484,10.614666938781738,20.122486114501953
2013-10-31,16.103656768798828,54.220001220703125,18.201499938964844,,25.45926856994629,36.93068313598633,29.091650009155273,4.606856822967529,10.662667274475098,20.080636978149414
2013-11-01,16.021406173706055,54.61000061035156,17.950000762939453,,25.37181854248047,37.62574768066406,29.190229415893555,4.703856945037842,10.811332702636719,20.164358139038086
2013-11-04,16.228435516357422,55.38999938964844,17.937000274658203,,25.348840713500977,37.288970947265625,29.527082443237305,4.822856903076172,11.680000305175781,20.232379913330078
2013-11-05,16.188386917114258,54.790000915527344,17.944499969482422,,25.235454559326172,37.22447204589844,30.102170944213867,4.878571033477783,11.787332534790039,20.255929946899414
2013-11-06,16.14252281188965,54.880001068115234,17.80900001525879,,25.265838623046875,37.33197021484375,31.36737823486328,4.794713973999023,10.077333450317383,20.44954490661621
2013-11-07,15.881287574768066,53.16999816894531,17.17799949645996,,24.900222778320312,37.009521484375,30.80872917175293,4.669428825378418,9.317999839782715,20.27947235107422
2013-11-08,16.131362915039062,54.84000015258789,17.515499114990234,,25.099828720092773,38.664730072021484,31.038768768310547,4.784286022186279,9.196666717529297,20.39720916748047
2013-11-11,16.084575653076172,56.18000030517578,17.7189998626709,,24.965438842773438,38.765045166015625,30.882659912109375,4.8272857666015625,9.646666526794434,20.671934127807617
2013-11-12,16.114328384399414,56.2400016784668,17.476499557495117,,24.99483871459961,38.67190170288086,30.69371223449707,4.767570972442627,9.186667442321777,20.593442916870117
2013-11-13,16.13353729248047,57.54999923706055,17.81100082397461,,25.50596046447754,38.79370880126953,31.35095977783203,4.7897138595581055,9.24666690826416,20.643150329589844
2013-11-14,16.366884231567383,57.16999816894531,18.3700008392334,,25.574142456054688,38.98002243041992,31.23593521118164,4.893857002258301,9.173333168029785,20.69025230407715
2013-11-15,16.26865005493164,57.349998474121094,18.458499908447266,,25.532886505126953,39.31678771972656,31.088048934936523,4.996571063995361,9.029999732971191,20.726877212524414
2013-11-18,16.071561813354492,56.599998474121094,18.30900001525879,,25.483232498168945,39.94019317626953,30.562257766723633,4.882429122924805,8.10533332824707,20.726877212524414
2013-11-19,16.100067138671875,55.77000045776367,18.246999740600586,,25.32636260986328,40.233970642089844,30.413249969482422,4.818428993225098,8.406000137329102,20.734724044799805
2013-11-20,15.959070205688477,55.939998626708984,18.12849998474121,,25.254966735839844,40.19813537597656,30.694704055786133,4.85028600692749,8.074000358581543,20.643150329589844
2013-11-21,16.149343490600586,56.22999954223633,18.445999145507812,,25.545482635498047,41.00067138671875,30.959606170654297,4.978570938110352,8.140000343322754,20.6326847076416
2013-11-22,16.107812881469727,56.40999984741211,18.61549949645996,,25.49163055419922,41.172630310058594,31.100324630737305,4.96928596496582,8.092000007629395,20.881244659423828
2013-11-25,16.22991371154785,56.95000076293945,18.832000732421875,,25.838476181030273,41.30877685546875,31.158260345458984,5.003428936004639,8.055999755859375,21.04345703125
2013-11-26,16.52925682067871,56.70000076293945,19.068500518798828,,26.14677619934082,40.96483612060547,30.918201446533203,5.074285984039307,8.033332824707031,21.108867645263672
2013-11-27,16.91847801208496,56.90999984741211,19.335500717163086,,26.26288604736328,41.18695831298828,31.12515640258789,5.178429126739502,8.462667465209961,21.174270629882812
2013-11-29,17.231769561767578,56.779998779296875,19.680999755859375,,26.175928115844727,41.00067138671875,31.56387710571289,5.225714206695557,8.485333442687988,21.195207595825195
2013-12-02,17.0817813873291,56.7599983215332,19.614999771118164,,26.049692153930664,40.828704833984375,31.82878303527832,5.198856830596924,8.277999877929688,21.22136688232422
2013-12-03,17.54939842224121,56.400001525878906,19.232999801635742,,26.019554138183594,40.742713928222656,31.712890625,5.18485689163208,9.646666526794434,21.247535705566406
2013-12-04,17.50848960876465,56.04999923706055,19.29800033569336,,26.141094207763672,40.97917175292969,32.23440933227539,5.089570999145508,9.263333320617676,21.110685348510742
2013-12-05,17.598360061645508,55.040000915527344,19.22450065612793,,26.12034797668457,39.99749755859375,31.45627784729004,5.115142822265625,9.36533260345459,20.905427932739258
2013-12-06,17.354177474975586,55.599998474121094,19.34749984741211,,26.42988395690918,40.16948699951172,31.7542781829834,5.06342887878418,9.157333374023438,21.03700065612793
2013-12-09,17.55280113220215,55.439998626708984,19.24449920654297,,26.634183883666992,40.4919319152832,32.04400634765625,5.080999851226807,9.4399995803833,21.039636611938477
2013-12-10,17.525541305541992,55.31999969482422,19.388999938964844,,26.79525375366211,40.62805938720703,31.547340393066406,5.187142848968506,9.47933292388916,20.81068992614746
2013-12-11,17.395700454711914,54.63999938964844,19.109500885009766,,26.61318588256836,40.176639556884766,31.133424758911133,5.199714183807373,9.3100004196167,20.813325881958008
2013-12-12,17.370285034179688,53.9900016784668,19.0625,,26.43210792541504,40.348602294921875,30.810590744018555,5.333285808563232,9.83133316040039,20.658048629760742
2013-12-13,17.180950164794922,60.88999938964844,19.211999893188477,,26.205575942993164,40.248294830322266,30.371854782104492,5.270999908447266,9.84333324432373,20.547523498535156
2013-12-16,17.276084899902344,58.5,19.44849967956543,,26.506711959838867,40.42743682861328,30.53741455078125,5.232999801635742,9.862667083740234,20.458057403564453
2013-12-17,17.19830322265625,57.66999816894531,19.38249969482422,,26.429636001586914,39.92585754394531,30.231121063232422,5.355286121368408,10.163999557495117,20.329105377197266
2013-12-18,17.067533493041992,59.040000915527344,19.79800033569336,,26.79747772216797,41.01500701904297,30.280799865722656,5.374856948852539,9.86533260345459,20.51068687438965
2013-12-19,16.87198829650879,58.130001068115234,19.75950050354004,,26.83379364013672,41.007835388183594,30.00762176513672,5.381999969482422,9.381333351135254,20.326478958129883
2013-12-20,17.0132999420166,59.2599983215332,20.110000610351562,,27.18952751159668,41.34462356567383,30.462915420532227,5.366714000701904,9.549332618713379,20.3764705657959
2013-12-23,17.666223526000977,59.470001220703125,20.145999908447266,,27.5472354888916,41.731544494628906,30.313915252685547,5.436857223510742,9.569999694824219,20.492265701293945
2013-12-24,17.59123420715332,59.529998779296875,19.959999084472656,,27.46670150756836,41.73870086669922,30.694704055786133,5.405570983886719,10.093999862670898,20.52910614013672
2013-12-26,17.47441291809082,59.58000183105469,20.219499588012695,,27.605541229248047,41.702884674072266,30.992713928222656,5.384714126586914,10.366666793823242,20.62911033630371
2013-12-27,17.356348037719727,59.5099983215332,19.90399932861328,,27.628761291503906,41.65988540649414,30.8685245513916,5.25,10.074666976928711,20.65016746520996
2013-12-30,17.183738708496094,59.54999923706055,19.668500900268555,,27.407907485961914,41.52375411987305,30.8685245513916,5.242713928222656,10.162667274475098,20.6922664642334
2013-12-31,17.385160446166992,59.880001068115234,19.93950080871582,,27.68582534790039,41.90351104736328,30.96786880493164,5.259571075439453,10.028667449951172,20.708053588867188
2014-01-02,17.14065933227539,59.290000915527344,19.898500442504883,,27.49832534790039,41.98285675048828,30.76093292236328,5.183143138885498,10.006667137145996,20.765953063964844
2014-01-03,16.764150619506836,59.15999984741211,19.82200050354004,,27.2977294921875,42.307403564453125,30.553974151611328,5.187142848968506,9.970666885375977,20.697528839111328
2014-01-06,16.85556983947754,58.119998931884766,19.681499481201172,,27.602081298828125,42.5526123046875,29.908292770385742,5.136713981628418,9.800000190734863,20.581741333007812
2014-01-07,16.735023498535156,58.970001220703125,19.901500701904297,,28.134197235107422,42.062191009521484,30.140066146850586,4.849999904632568,9.957332611083984,20.6448974609375
2014-01-08,16.841001510620117,58.900001525878906,20.09600067138672,,28.192750930786133,42.45886993408203,29.60199737548828,4.871285915374756,10.085332870483398,20.481739044189453
2014-01-09,16.62594223022461,59.09000015258789,20.050500869750977,,27.92125129699707,42.37953186035156,29.41160774230957,4.815000057220459,9.835332870483398,20.550159454345703
2014-01-10,16.515005111694336,59.529998779296875,19.882999420166016,,27.91977310180664,42.184791564941406,29.83378791809082,4.744856834411621,9.714667320251465,20.537002563476562
2014-01-13,16.60146141052246,58.599998474121094,19.548999786376953,,27.74190330505371,41.61502456665039,28.95632553100586,4.81157112121582,9.28933334350586,20.392263412475586
2014-01-14,16.93179702758789,60.369998931884766,19.87700080871582,,28.394577026367188,41.64387130737305,29.618562698364258,4.828000068664551,10.751333236694336,20.51595115661621
2014-01-15,17.271743774414062,61.68000030517578,19.793500900268555,,28.375308990478516,42.90602493286133,30.4298038482666,4.719714164733887,10.942000389099121,20.437009811401367
2014-01-16,17.175371170043945,61.630001068115234,19.790000915527344,,28.563060760498047,42.545413970947266,30.53741455078125,4.738286018371582,11.39799976348877,20.20016098022461
2014-01-17,16.754539489746094,61.369998931884766,19.980499267578125,,28.422494888305664,41.910709381103516,30.11524200439453,4.71485710144043,11.333999633789062,20.050159454345703
2014-01-21,17.014850616455078,60.849998474121094,20.352500915527344,,28.747844696044922,41.954002380371094,29.941402435302734,4.695857048034668,11.778667449951172,19.958045959472656
2014-01-22,17.090465545654297,61.77000045776367,20.226999282836914,,28.78045082092285,41.53569030761719,29.74273681640625,4.767570972442627,11.904000282287598,19.8290958404541
2014-01-23,17.23517417907715,60.880001068115234,19.993499755859375,,28.65890884399414,40.727901458740234,29.850343704223633,5.55314302444458,12.100000381469727,19.726469039916992
2014-01-24,16.92188835144043,59.09000015258789,19.3799991607666,,27.762901306152344,39.73261260986328,30.471189498901367,5.5154290199279785,11.640000343322754,19.584362030029297
2014-01-27,17.059160232543945,58.36000061035156,19.31399917602539,,27.204593658447266,39.73261260986328,29.825504302978516,5.44614315032959,11.307999610900879,19.513309478759766
2014-01-28,15.695672035217285,59.11000061035156,19.721500396728516,,27.742645263671875,40.20140075683594,30.02418327331543,5.810999870300293,11.892000198364258,19.65015411376953
2014-01-29,15.517487525939941,58.459999084472656,19.209999084472656,,27.34516143798828,40.04995346069336,30.347030639648438,5.720285892486572,11.682000160217285,19.500154495239258
2014-01-30,15.487427711486816,59.38999938964844,20.15049934387207,,28.048479080200195,40.38893508911133,30.512584686279297,5.781000137329102,12.189332962036133,19.671207427978516
2014-01-31,15.512832641601562,59.189998626708984,17.934499740600586,,29.174480438232422,39.92734146118164,31.323822021484375,5.847570896148682,12.093999862670898,19.65278434753418
2014-02-03,15.541659355163574,58.09000015258789,17.3075008392334,,28.000059127807617,39.1700439453125,30.19801902770996,5.776856899261475,11.807332992553711,19.121204376220703
2014-02-04,15.766633033752441,59.720001220703125,17.397499084472656,,28.11690902709961,39.63162612915039,30.090408325195312,5.7987141609191895,11.915332794189453,19.139619827270508
2014-02-05,15.884382247924805,61.0,17.322500228881836,,28.24141502380371,39.81916427612305,29.651674270629883,5.777429103851318,11.628000259399414,19.176467895507812
2014-02-06,15.97697925567627,61.34000015258789,17.72949981689453,,28.655452728271484,40.73512649536133,29.949674606323242,5.8272857666015625,11.892000198364258,19.163307189941406
2014-02-07,16.200496673583984,62.880001068115234,18.054000854492188,,29.0872745513916,40.83608627319336,30.26424789428711,6.142570972442627,12.435333251953125,19.408044815063477
2014-02-10,16.490726470947266,63.779998779296875,18.043500900268555,,28.975862503051758,40.92263412475586,30.462915420532227,6.149143218994141,13.104000091552734,19.410676956176758
2014-02-11,16.708009719848633,63.970001220703125,18.089500427246094,,29.40199851989746,41.42028045654297,30.76920509338379,6.199857234954834,13.107999801635742,19.684364318847656
2014-02-12,16.706758499145508,65.13999938964844,17.462499618530273,,29.31578254699707,41.485206604003906,31.017539978027344,6.127571105957031,13.021332740783691,19.726469039916992
2014-02-13,16.972047805786133,67.04000091552734,17.860000610351562,,29.642122268676758,41.85302734375,31.133424758911133,6.236429214477539,13.308667182922363,19.83173179626465
2014-02-14,16.958337783813477,68.33999633789062,17.86750030517578,,29.713760375976562,41.939571380615234,31.14170265197754,6.22157096862793,13.215332984924316,19.94489097595215
2014-02-18,17.02068328857422,68.66000366210938,17.6825008392334,,29.913368225097656,42.184791564941406,31.20842170715332,6.240714073181152,13.579999923706055,19.823833465576172
2014-02-19,16.751962661743164,67.98999786376953,17.368999481201172,,29.70240020751953,41.297672271728516,31.283485412597656,6.117570877075195,12.909333229064941,19.697525024414062
2014-02-20,16.558053970336914,68.4800033569336,17.489999771118164,,29.746124267578125,41.528472900390625,31.483638763427734,6.213571071624756,13.998000144958496,19.347522735595703
2014-02-21,16.37413215637207,68.22000122070312,17.33799934387207,,29.738218307495117,41.55011749267578,31.675464630126953,6.174714088439941,13.973333358764648,19.24225616455078
2014-02-24,16.445833206176758,68.7699966430664,17.589000701904297,,29.953638076782227,41.85302734375,31.43360137939453,6.385714054107666,14.510000228881836,19.302783966064453
2014-02-25,16.27469253540039,68.01000213623047,17.916000366210938,,30.138668060302734,41.13180160522461,31.308500289916992,6.471857070922852,16.53333282470703,19.302783966064453
2014-02-26,16.12785530090332,67.81999969482422,17.989999771118164,,30.14286994934082,40.92985153198242,31.250133514404297,6.411285877227783,16.866666793823242,19.679100036621094
2014-02-27,16.449573516845703,69.91999816894531,18.006500244140625,,30.119152069091797,40.88657760620117,31.57537269592285,6.4604291915893555,16.836000442504883,19.621200561523438
2014-02-28,16.40500259399414,68.62999725341797,18.104999542236328,,30.031208038330078,40.980342864990234,31.9506893157959,6.366143226623535,16.320667266845703,19.658052444458008
2014-03-03,16.452383041381836,67.86000061035156,17.98900032043457,,29.711044311523438,40.54039001464844,31.50867462158203,6.365571022033691,16.70400047302246,19.505416870117188
2014-03-04,16.56086540222168,68.5999984741211,18.19499969482422,,30.012928009033203,41.297672271728516,32.03409194946289,6.499713897705078,16.98933219909668,19.771209716796875
2014-03-05,16.59578514099121,68.9000015258789,18.618499755859375,,30.09568214416504,41.94678497314453,31.78387451171875,6.478570938110352,16.8439998626709,19.684364318847656
2014-03-06,16.545589447021484,68.91999816894531,18.607999801635742,,30.1290340423584,42.48048782348633,31.81724739074707,6.435856819152832,16.862667083740234,19.705411911010742
2014-03-07,16.53592300415039,68.5199966430664,18.60300064086914,,30.00996208190918,42.84111404418945,31.608760833740234,6.405285835266113,16.413999557495117,19.753095626831055
2014-03-10,16.55089569091797,68.04000091552734,18.526500701904297,,29.9304141998291,42.696868896484375,31.54202651977539,6.284999847412109,15.922666549682617,19.713359832763672
2014-03-11,16.71205711364746,67.47000122070312,18.44099998474121,,29.644344329833984,41.96843719482422,31.70882797241211,6.249713897705078,15.62733268737793,19.843143463134766
2014-03-12,16.7282657623291,68.05999755859375,18.531999588012695,,29.824928283691406,41.77370071411133,31.917329788208008,6.236856937408447,16.099332809448242,20.00470733642578
2014-03-13,16.542470932006836,67.08000183105469,18.57550048828125,,29.37433433532715,41.4130744934082,31.60040855407715,6.14371395111084,15.852666854858398,19.84579086303711
2014-03-14,16.356670379638672,67.19000244140625,18.687000274658203,,28.97264862060547,40.965919494628906,31.441938400268555,6.064143180847168,15.39799976348877,19.67363166809082
2014-03-17,16.42057991027832,68.16999816894531,18.75200080871582,,29.449432373046875,41.528472900390625,31.73385238647461,6.0388569831848145,15.59866714477539,19.779577255249023
2014-03-18,16.56585121154785,68.5199966430664,18.938499450683594,,29.922758102416992,41.87466812133789,32.9848518371582,6.003571033477783,16.002666473388672,19.80341339111328
2014-03-19,16.561492919921875,67.62999725341797,18.661500930786133,,29.626068115234375,42.04774856567383,32.751338958740234,6.001286029815674,15.72266674041748,19.700119018554688
2014-03-20,16.481687545776367,68.48999786376953,18.44849967956543,,29.574430465698242,43.353179931640625,33.635379791259766,6.060999870300293,15.660667419433594,19.9649715423584
2014-03-21,16.611677169799805,67.13999938964844,18.0310001373291,,29.225616455078125,43.39646530151367,33.493595123291016,5.799857139587402,15.259332656860352,20.15567398071289
2014-03-24,16.80870246887207,65.23999786376953,17.592500686645508,,28.605300903320312,44.045570373535156,33.777156829833984,5.4128570556640625,14.678000450134277,20.330482482910156
2014-03-25,16.989511489868164,65.80999755859375,17.73550033569336,,28.624818801879883,43.94459915161133,33.64371871948242,5.2977142333984375,14.696000099182129,20.3596134185791
2014-03-26,16.827089309692383,63.900001525878906,17.170499801635742,,27.963993072509766,43.20173263549805,33.185020446777344,5.318285942077637,14.197333335876465,20.190107345581055
2014-03-27,16.7547664642334,64.52999877929688,16.923500061035156,,27.61979103088379,43.21615219116211,32.82639694213867,5.202570915222168,13.821332931518555,20.166269302368164
2014-03-28,16.736064910888672,64.87999725341797,16.914499282836914,,27.695459365844727,43.302696228027344,33.61036682128906,5.12671422958374,14.157999992370605,20.131837844848633
2014-03-31,16.732330322265625,65.73999786376953,16.818500518798828,,27.546100616455078,43.785919189453125,34.18583297729492,5.0289998054504395,13.896666526794434,20.24307632446289
2014-04-01,16.88538932800293,65.93000030517578,17.149499893188477,,28.05006980895996,43.757080078125,34.54444122314453,5.209856986999512,14.464667320251465,20.3331241607666
2014-04-02,16.91343879699707,65.4800033569336,17.097999572753906,,28.04215431213379,43.89495849609375,34.48606872558594,5.184000015258789,15.352666854858398,20.44171905517578
2014-04-03,16.79623031616211,62.45000076293945,16.680999755859375,,28.177663803100586,44.025596618652344,34.20249938964844,5.066999912261963,15.026666641235352,20.515878677368164
2014-04-04,16.578948974609375,61.31999969482422,16.149999618530273,,26.86210823059082,43.40870666503906,33.25172805786133,4.818714141845703,14.148667335510254,20.47614860534668
2014-04-07,16.318647384643555,60.470001220703125,15.887999534606934,,26.615318298339844,42.82081985473633,33.193359375,4.82857084274292,13.834667205810547,20.47614860534668
2014-04-08,16.317705154418945,61.81999969482422,16.353500366210938,,27.443721771240234,42.71195983886719,33.210044860839844,4.984142780303955,14.36400032043457,20.706579208374023
2014-04-09,16.532184600830078,63.459999084472656,16.590499877929688,,27.900707244873047,43.01677322387695,33.75214767456055,5.043285846710205,14.461999893188477,20.650959014892578
2014-04-10,16.318954467773438,61.4900016784668,15.855500221252441,,26.753795623779297,41.659576416015625,32.82639694213867,4.781857013702393,13.612667083740234,20.364912033081055
2014-04-11,16.19831085205078,60.5,15.58650016784668,,26.24191665649414,40.13544845581055,32.70130920410156,4.667285919189453,13.585332870483398,20.26161766052246
2014-04-14,16.262842178344727,61.38999938964844,15.795499801635742,,26.33687400817871,39.88869094848633,32.676265716552734,4.736856937408447,13.206000328063965,20.494693756103516
2014-04-15,16.14687156677246,62.11000061035156,15.803999900817871,,26.530746459960938,39.772560119628906,33.15165328979492,4.660999774932861,12.927332878112793,20.36225700378418
2014-04-16,16.17960548400879,63.040000915527344,16.18400001525879,,27.52483558654785,40.106407165527344,33.69375991821289,4.734428882598877,13.27400016784668,20.452308654785156
2014-04-17,16.364463806152344,64.04000091552734,16.245500564575195,,26.51392936706543,40.077396392822266,33.368499755859375,4.939143180847168,13.208000183105469,20.56885528564453
2014-04-21,16.558687210083008,64.30000305175781,16.543500900268555,,26.143991470336914,39.93947982788086,33.310123443603516,4.978428840637207,13.625332832336426,20.552963256835938
2014-04-22,16.575206756591797,64.4800033569336,16.465999603271484,,26.450130462646484,40.505592346191406,33.35181427001953,5.32714319229126,14.576000213623047,20.542369842529297
2014-04-23,16.358545303344727,64.38999938964844,16.229000091552734,,26.060901641845703,40.679786682128906,33.101627349853516,5.050000190734863,13.866000175476074,20.66950225830078
2014-04-24,17.699647903442383,63.220001220703125,16.857500076293945,,25.972871780395508,40.7813720703125,33.24339294433594,4.915286064147949,13.857333183288574,20.74100685119629
2014-04-25,17.82965660095215,61.61000061035156,15.191499710083008,,25.52874755859375,40.42575454711914,33.285099029541016,4.601142883300781,13.323332786560059,20.823110580444336
2014-04-28,18.520143508911133,60.400001525878906,14.829000473022461,,25.576723098754883,40.27334213256836,34.08574676513672,4.488714218139648,13.234000205993652,21.12505531311035
2014-04-29,18.465282440185547,60.90999984741211,15.019000053405762,,26.098493576049805,40.716064453125,33.78549575805664,4.569571018218994,13.79466724395752,21.101219177246094
2014-04-30,18.39545440673828,61.689998626708984,15.206500053405762,,26.047054290771484,40.62897872924805,33.69375991821289,4.600571155548096,13.859333038330078,21.11180305480957
2014-05-01,18.43878936767578,62.59000015258789,15.394499778747559,,26.279008865356445,40.44028854370117,33.36014175415039,4.80742883682251,13.84866714477539,21.109163284301758
2014-05-02,18.473073959350586,61.560001373291016,15.400500297546387,,26.1098690032959,40.33866500854492,33.101627349853516,4.866428852081299,14.060667037963867,20.955537796020508
2014-05-05,18.734315872192383,61.439998626708984,15.5024995803833,,26.103933334350586,39.35160446166992,32.88477325439453,4.919713973999023,14.440667152404785,20.823110580444336
2014-05-06,18.530126571655273,59.439998626708984,14.869000434875488,,25.477310180664062,38.712913513183594,32.57619857788086,4.659856796264648,13.8186674118042,20.66155242919922
2014-05-07,18.465282440185547,58.630001068115234,14.635499954223633,,25.22112274169922,39.228233337402344,32.87641906738281,4.579143047332764,13.423333168029785,20.776145935058594
2014-05-08,18.432371139526367,59.08000183105469,14.416000366210938,,25.272558212280273,39.45322036743164,33.05991744995117,4.595142841339111,11.906000137329102,20.97068977355957
2014-05-09,18.355562210083008,59.59000015258789,14.612000465393066,,25.654861450195312,39.19918441772461,32.97651290893555,4.693571090698242,12.150667190551758,21.106603622436523
2014-05-12,18.584095001220703,60.70000076293945,15.142999649047852,,26.20828628540039,39.6637077331543,33.335140228271484,4.934999942779541,12.311332702636719,21.093284606933594
2014-05-13,18.613248825073242,60.810001373291016,15.232000350952148,,26.36506462097168,39.64192581176758,33.9482536315918,4.959143161773682,12.677332878112793,21.090612411499023
2014-05-14,18.61669158935547,60.880001068115234,14.880999565124512,,26.04656219482422,39.45322036743164,33.79706573486328,5.026856899261475,12.708000183105469,20.984010696411133
2014-05-15,18.45838737487793,60.20000076293945,14.759499549865723,,25.71668243408203,38.8363151550293,33.259552001953125,4.916999816894531,12.572667121887207,20.47500228881836
2014-05-16,18.73080062866211,61.63999938964844,14.885000228881836,,25.74883270263672,38.6911506652832,33.45272445678711,4.99828577041626,12.77066707611084,20.522974014282227
2014-05-19,18.952747344970703,62.20000076293945,14.838000297546387,,26.155860900878906,39.06855773925781,33.385528564453125,5.2071428298950195,13.072667121887207,20.41637420654297
2014-05-20,18.956504821777344,61.709999084472656,15.059499740600586,,26.20086669921875,38.988731384277344,33.32672882080078,5.309570789337158,13.020000457763672,20.17119598388672
2014-05-21,19.00666046142578,62.470001220703125,15.250499725341797,,26.65439224243164,39.27901840209961,33.889469146728516,5.579999923706055,13.296667098999023,20.163198471069336
2014-05-22,19.03675651550293,63.150001525878906,15.245499610900879,,26.957069396972656,39.59112548828125,33.67948913574219,5.597143173217773,13.658666610717773,20.091249465942383
2014-05-23,19.251808166503906,64.30000305175781,15.612000465393066,,27.334918975830078,39.57660675048828,33.69628143310547,5.747857093811035,13.819999694824219,20.149877548217773
2014-05-27,19.6123104095459,65.25,15.541000366210938,,27.99022674560547,40.019325256347656,33.75509262084961,5.697286128997803,14.104000091552734,20.14455223083496
2014-05-28,19.5615234375,64.83999633789062,15.508000373840332,,27.779041290283203,40.24431228637695,33.60390090942383,5.73199987411499,14.015999794006348,20.128557205200195
2014-05-29,19.91795539855957,65.44999694824219,15.689000129699707,,27.69991111755371,40.44028854370117,33.88106155395508,5.931428909301758,14.015999794006348,20.24848175048828
2014-05-30,19.843334197998047,64.54000091552734,15.6274995803833,,27.690515518188477,40.3314094543457,34.38500213623047,5.968999862670898,13.851332664489746,20.459012985229492
2014-06-02,19.70698356628418,64.63999938964844,15.442000389099121,,27.395748138427734,40.171749114990234,34.259029388427734,6.029428958892822,13.646666526794434,20.456356048583984
2014-06-03,19.98566436767578,64.08999633789062,15.35949993133545,,26.95113182067871,40.35317611694336,33.839073181152344,5.965285778045654,13.662667274475098,20.443021774291992
2014-06-04,20.21388053894043,64.16999816894531,15.33899974822998,,26.93728256225586,40.41123580932617,33.864261627197266,6.045856952667236,13.599332809448242,20.554948806762695
2014-06-05,20.293193817138672,65.47000122070312,16.178499221801758,,27.394264221191406,41.10072708129883,34.61176300048828,6.119286060333252,13.793333053588867,20.605587005615234
2014-06-06,20.237398147583008,66.91000366210938,16.48349952697754,,27.514450073242188,41.347503662109375,34.83853530883789,6.144713878631592,13.878000259399414,20.576271057128906
2014-06-09,20.561214447021484,66.93000030517578,16.375,,27.80080223083496,41.67409133911133,34.66215133666992,6.044143199920654,13.687333106994629,20.522974014282227
2014-06-10,20.68191146850586,66.95999908447266,16.620500564575195,,27.72315788269043,42.02246856689453,34.52778625488281,6.118429183959961,13.486666679382324,20.419042587280273
2014-06-11,20.596324920654297,67.45999908447266,16.760000228881836,,27.63858413696289,41.56523132324219,34.31780242919922,6.142857074737549,13.631333351135254,20.296451568603516
2014-06-12,20.251815795898438,66.55999755859375,16.295499801635742,,27.268152236938477,41.3983039855957,34.082645416259766,6.034999847412109,13.567999839782715,20.18186378479004
2014-06-13,20.03017234802246,66.81999969482422,16.313499450683594,,27.28842544555664,41.3983039855957,34.62854766845703,6.110143184661865,13.761333465576172,20.061931610107422
2014-06-16,20.232057571411133,67.62000274658203,16.381000518798828,,26.918489456176758,41.274925231933594,34.855350494384766,6.146571159362793,14.973999977111816,20.077922821044922
2014-06-17,20.205730438232422,67.54000091552734,16.2810001373291,,26.855676651000977,41.67409133911133,35.00651931762695,6.337856769561768,15.444666862487793,19.984657287597656
2014-06-18,20.227670669555664,73.08000183105469,16.7189998626709,,27.36805534362793,41.93536376953125,34.981319427490234,6.409714221954346,15.141332626342773,20.173860549926758
2014-06-19,20.15745735168457,72.94999694824219,16.350000381469727,,27.443721771240234,41.586997985839844,34.86372756958008,6.30557107925415,15.185999870300293,20.21916389465332
2014-06-20,19.94898796081543,72.61000061035156,16.209999084472656,,27.515932083129883,41.76845932006836,35.00651931762695,6.288286209106445,15.305999755859375,20.168533325195312
2014-06-23,19.931432723999023,72.88999938964844,16.36199951171875,,27.940767288208008,42.23295974731445,35.26688003540039,6.278857231140137,15.814666748046875,20.197843551635742
2014-06-24,19.810747146606445,72.37999725341797,16.20800018310547,,27.9244441986084,41.67409133911133,35.065303802490234,6.2337141036987305,15.5,20.24581527709961
2014-06-25,19.828292846679688,72.44000244140625,16.371999740600586,,28.618328094482422,41.75393295288086,35.30046844482422,6.3458571434021,15.792667388916016,20.15254020690918
2014-06-26,19.946800231933594,72.8499984741211,16.284500122070312,,28.48727035522461,41.65231704711914,35.04011535644531,6.280142784118652,15.706666946411133,19.96332550048828
2014-06-27,20.18379020690918,72.0,16.228500366210938,,28.548593521118164,41.75393295288086,35.48524475097656,6.315429210662842,15.937333106994629,20.077922821044922
2014-06-30,20.392253875732422,72.36000061035156,16.23900032043457,,28.451658248901367,41.819252014160156,35.0233268737793,6.294285774230957,16.003999710083008,20.00596809387207
2014-07-01,20.52172088623047,73.01000213623047,16.61949920654297,,28.81714630126953,42.07506561279297,35.16609191894531,6.758571147918701,15.981332778930664,20.061931610107422
2014-07-02,20.512937545776367,72.76000213623047,16.642499923706055,,28.80057716369629,41.63654327392578,35.191287994384766,6.6677141189575195,15.295332908630371,20.15254020690918
2014-07-03,20.633634567260742,73.56999969482422,16.874500274658203,,28.91902732849121,41.69499588012695,35.107295989990234,6.747857093811035,15.283332824707031,20.187183380126953
2014-07-07,21.059341430664062,72.68000030517578,16.677499771118164,,28.79637336730957,41.41728973388672,35.26688003540039,6.580286026000977,14.843999862670898,20.272470474243164
2014-07-08,20.92328643798828,71.13999938964844,16.190500259399414,,28.244430541992188,40.752201080322266,35.09050750732422,6.3578572273254395,14.604666709899902,20.427026748657227
2014-07-09,20.93206214904785,71.56999969482422,16.49850082397461,,28.49122428894043,40.94223403930664,34.998104095458984,6.32857084274292,14.870667457580566,20.576271057128906
2014-07-10,20.855260848999023,71.69999694824219,16.395999908447266,,28.24492645263672,40.60603713989258,35.01490783691406,6.264999866485596,14.630666732788086,20.53630256652832
2014-07-11,20.89476203918457,72.26000213623047,17.309999465942383,,28.644542694091797,40.781429290771484,35.35086441040039,6.28514289855957,14.541999816894531,20.472333908081055
2014-07-14,21.1646728515625,72.87999725341797,17.766000747680664,,28.925947189331055,41.13955307006836,35.392860412597656,6.465428829193115,15.113332748413086,20.400392532348633
2014-07-15,20.916706085205078,72.29000091552734,17.722000122070312,,28.921499252319336,42.58664321899414,35.65324020385742,6.415571212768555,14.638667106628418,20.477663040161133
2014-07-16,20.79820442199707,72.37999725341797,17.795000076293945,,28.816652297973633,42.9082145690918,37.022247314453125,6.349143028259277,14.477333068847656,20.482999801635742
2014-07-17,20.427364349365234,71.38999938964844,17.622499465942383,,28.375,42.28699493408203,37.40019989013672,6.276570796966553,14.359999656677246,20.41637420654297
2014-07-18,20.721405029296875,72.55000305175781,17.933000564575195,,29.430910110473633,42.55740737915039,37.534568786621094,6.345285892486572,14.668000221252441,20.544292449951172
2014-07-21,20.6138858795166,71.95999908447266,17.988000869750977,,29.153453826904297,42.564727783203125,37.660552978515625,6.4564290046691895,14.702667236328125,20.459012985229492
2014-07-22,20.785037994384766,72.26000213623047,18.04199981689453,,29.414093017578125,42.87898254394531,37.65216827392578,6.158429145812988,14.638667106628418,20.424365997314453
2014-07-23,21.32704734802246,72.04000091552734,17.906999588012695,,29.475418090820312,43.12016296386719,37.685760498046875,6.112856864929199,14.832667350769043,20.517641067504883
2014-07-24,21.291940689086914,72.80000305175781,17.930500030517578,,29.345348358154297,43.244407653808594,37.2910041809082,6.076857089996338,14.902667045593262,20.347084045410156
2014-07-25,21.432376861572266,72.62000274658203,16.20050048828125,,29.131195068359375,43.127471923828125,37.375,6.026570796966553,14.904666900634766,20.24581527709961
2014-07-28,21.728614807128906,72.69999694824219,16.02050018310547,,29.209341049194336,43.25901794433594,36.929847717285156,6.066571235656738,14.98799991607666,20.1765193939209
2014-07-29,21.588180541992188,72.2699966430664,16.0,,28.962553024291992,42.8570671081543,36.8626594543457,6.061142921447754,15.000666618347168,20.104568481445312
2014-07-30,21.537710189819336,71.88999938964844,16.125499725341797,,29.052066802978516,43.05439758300781,36.6023063659668,6.205142974853516,15.261333465576172,19.928686141967773
2014-07-31,20.9781494140625,69.25,15.649499893188477,,28.269655227661133,42.14813995361328,36.24954605102539,6.0388569831848145,14.886667251586914,19.608884811401367
2014-08-01,21.094449996948242,68.94000244140625,15.352999687194824,,27.99616050720215,41.278438568115234,35.99757385253906,6.07714319229126,15.5513334274292,19.598224639892578
2014-08-04,20.975954055786133,68.7699966430664,15.682499885559082,,28.346317291259766,41.40266799926758,36.42593002319336,6.038570880889893,15.90133285522461,19.598224639892578
2014-08-05,20.872819900512695,68.97000122070312,15.616000175476074,,27.946701049804688,40.971458435058594,36.18234634399414,6.040713787078857,15.899333000183105,19.5449275970459
2014-08-06,20.83771324157715,68.2300033569336,15.694499969482422,,28.011194229125977,41.09571075439453,35.89680862426758,6.1471428871154785,16.595333099365234,19.904388427734375
2014-08-07,20.83550262451172,67.83000183105469,15.572500228881836,,27.86212921142578,40.861839294433594,36.308326721191406,6.42385721206665,16.826000213623047,19.837322235107422
2014-08-08,20.892839431762695,68.38999938964844,15.84000015258789,,28.12969398498535,41.17610549926758,36.283138275146484,6.369286060333252,16.54199981689453,20.030466079711914
2014-08-11,21.168502807617188,68.97000122070312,15.916500091552734,,28.085674285888672,41.1614875793457,36.283138275146484,6.450571060180664,17.288000106811523,19.94730567932129
2014-08-12,21.164091110229492,68.79000091552734,15.965999603271484,,27.830970764160156,41.183414459228516,36.55190658569336,6.377285957336426,17.33066749572754,19.909753799438477
2014-08-13,21.44415855407715,69.79000091552734,16.31399917602539,,28.42693328857422,41.453834533691406,37.022247314453125,6.4504289627075195,17.354000091552734,19.858783721923828
2014-08-14,21.501495361328125,70.05000305175781,16.660499572753906,,28.420501708984375,41.64386749267578,37.181819915771484,6.440999984741211,17.42533302307129,19.955352783203125
2014-08-15,21.60735321044922,70.06999969482422,16.681499481201172,,28.362634658813477,41.47575759887695,37.618568420410156,6.558428764343262,17.46733283996582,19.82390785217285
2014-08-18,21.867570877075195,71.05999755859375,16.726499557495117,,28.79192352294922,41.82655715942383,37.887332916259766,6.6571431159973145,17.32933235168457,19.982175827026367
2014-08-19,22.16969871520996,72.05000305175781,16.756500244140625,,29.024370193481445,42.067745208740234,38.309898376464844,6.687857151031494,17.117332458496094,20.08679962158203
2014-08-20,22.17851448059082,71.0199966430664,16.788999557495117,,28.90715980529785,42.12620162963867,37.98875045776367,6.745571136474609,17.047332763671875,20.108261108398438
2014-08-21,22.180727005004883,71.7300033569336,16.64550018310547,,28.851768493652344,42.7547492980957,38.21693420410156,6.743570804595947,16.95599937438965,20.266530990600586
2014-08-22,22.34391212463379,72.04000091552734,16.579500198364258,,28.81170654296875,42.7474250793457,38.15778350830078,6.845571041107178,17.118667602539062,20.314817428588867
2014-08-25,22.392436981201172,71.81999969482422,16.701000213623047,,28.69498634338379,43.368656158447266,38.1746711730957,6.870429039001465,17.503332138061523,20.30408477783203
2014-08-26,22.24909210205078,71.52999877929688,17.09149932861328,,28.579256057739258,43.661006927490234,38.039459228515625,6.8480000495910645,17.44933319091797,20.25848388671875
2014-08-27,22.522541046142578,71.55000305175781,17.159000396728516,,28.2399845123291,43.55136489868164,37.92113494873047,6.781428813934326,17.549999237060547,20.347007751464844
2014-08-28,22.548999786376953,71.37000274658203,17.000999450683594,,28.150957107543945,43.237098693847656,37.929595947265625,6.7887139320373535,17.590667724609375,20.360416412353516
2014-08-29,22.604135513305664,71.9000015258789,16.95199966430664,,28.269655227661133,43.449031829833984,38.394412994384766,6.823429107666016,17.979999542236328,20.253116607666016
2014-09-02,22.780563354492188,72.0999984741211,17.118999481201172,,28.55304527282715,43.6098518371582,38.1070671081543,6.808570861816406,18.941333770751953,20.320175170898438
2014-09-03,21.819061279296875,72.43000030517578,16.950000762939453,,28.583213806152344,43.631752014160156,37.99720764160156,6.819857120513916,18.746000289916992,20.38992691040039
2014-09-04,21.638225555419922,72.45999908447266,17.297500610351562,,28.78302001953125,43.63905715942383,38.25072479248047,6.752429008483887,19.069332122802734,20.53746795654297
2014-09-05,21.82567024230957,73.12999725341797,17.319000244140625,,28.985797882080078,43.785240173339844,38.800071716308594,6.795429229736328,18.492666244506836,20.79230499267578
2014-09-08,21.691160202026367,73.38999938964844,17.117000579833984,,29.165821075439453,43.77061462402344,39.273353576660156,6.847570896148682,18.80733299255371,20.5294189453125
2014-09-09,21.609554290771484,72.41999816894531,16.487499237060547,,28.735050201416016,43.164005279541016,39.518428802490234,6.8429999351501465,18.565332412719727,20.585752487182617
2014-09-10,22.273344039916992,72.33000183105469,16.566499710083008,,28.838415145874023,43.28096008300781,39.586055755615234,6.919857025146484,18.739999771118164,20.5240535736084
2014-09-11,22.36817169189453,72.41999816894531,16.525999069213867,,28.751863479614258,43.67560577392578,39.721275329589844,6.879428863525391,18.687332153320312,20.4140682220459
2014-09-12,22.418895721435547,70.9800033569336,16.559499740600586,,28.468473434448242,43.872947692871094,39.467716217041016,6.807857036590576,18.613332748413086,20.325542449951172
2014-09-15,22.412281036376953,70.2699966430664,16.194499969482422,,28.343843460083008,43.807159423828125,39.07897186279297,6.539286136627197,16.923999786376953,20.336267471313477
2014-09-16,22.24247169494629,70.7300033569336,16.38800048828125,,28.682621002197266,43.843719482421875,39.518428802490234,6.527286052703857,17.382667541503906,20.473093032836914
2014-09-17,22.401248931884766,67.30000305175781,16.200000762939453,,28.921003341674805,44.07757568359375,39.31560516357422,6.4932861328125,17.42533302307129,20.451618194580078
2014-09-18,22.44756507873535,67.91000366210938,16.25,,29.14356231689453,44.81574249267578,39.45083236694336,6.557285785675049,17.58799934387207,20.44626235961914
2014-09-19,22.264522552490234,66.94000244140625,16.56599998474121,,29.480365753173828,44.66225814819336,40.16073989868164,6.535999774932861,17.288000106811523,20.61257553100586
2014-09-22,22.286584854125977,67.19999694824219,16.225000381469727,,29.049592971801758,44.516090393066406,39.771968841552734,6.3254289627075195,16.66866683959961,20.47039222717285
2014-09-23,22.6350154876709,67.79000091552734,16.181499481201172,,28.740983963012695,44.53801727294922,39.34941864013672,6.341429233551025,16.694000244140625,20.27994155883789
2014-09-24,22.438737869262695,69.02999877929688,16.410499572753906,,29.080259323120117,45.04229736328125,39.788875579833984,6.43657112121582,16.80933380126953,20.676958084106445
2014-09-25,21.583099365234375,67.70999908447266,16.096500396728516,,28.44077491760254,43.96065139770508,38.90994644165039,6.335570812225342,16.463333129882812,20.419431686401367
2014-09-26,22.21820640563965,68.36000061035156,16.160499572753906,,28.541667938232422,44.26029586791992,39.22263717651367,6.410714149475098,16.440000534057617,20.518692016601562
2014-09-29,22.07707405090332,69.22000122070312,16.090999603271484,,28.50507354736328,44.092185974121094,39.24800491333008,6.422286033630371,16.35066795349121,20.40870475769043
2014-09-30,22.21820640563965,69.19000244140625,16.121999740600586,,28.554529190063477,44.02642059326172,39.18038558959961,6.445428848266602,16.178667068481445,20.51331901550293
2014-10-01,21.871986389160156,67.54000091552734,15.873000144958496,,28.104965209960938,43.68291091918945,38.791622161865234,6.268570899963379,16.016000747680664,20.419431686401367
2014-10-02,22.0307674407959,67.05999755859375,15.920499801635742,,28.194480895996094,43.292964935302734,38.67331314086914,6.428286075592041,16.761333465576172,20.448944091796875
2014-10-03,21.969022750854492,68.4000015258789,16.136999130249023,,28.451658248901367,44.3671989440918,38.95220184326172,6.564857006072998,17.013999938964844,20.741336822509766
2014-10-06,21.969022750854492,67.66999816894531,16.110000610351562,,28.554033279418945,44.27889633178711,38.95220184326172,6.621142864227295,17.374666213989258,20.749380111694336
2014-10-07,21.777151107788086,65.95999908447266,15.848999977111816,,27.880922317504883,43.60934829711914,38.478919982910156,6.517857074737549,17.30466651916504,20.735971450805664
2014-10-08,22.229244232177734,67.98999786376953,16.135000228881836,,28.314165115356445,44.44076919555664,39.53534698486328,6.669428825378418,17.28533363342285,20.988128662109375
2014-10-09,22.27775764465332,65.66000366210938,15.768500328063965,,27.739477157592773,43.469547271728516,38.749359130859375,6.594571113586426,17.134000778198242,20.886199951171875
2014-10-10,22.21381187438965,63.290000915527344,15.569499969482422,,26.928874969482422,43.05750274658203,37.21122741699219,6.458285808563232,15.793999671936035,21.001544952392578
2014-10-13,22.010921478271484,61.68000030517578,15.322500228881836,,26.371000289916992,42.79263687133789,36.89006423950195,6.2654290199279785,14.97266674041748,20.80571746826172
2014-10-14,21.777151107788086,60.880001068115234,15.415499687194824,,26.60493278503418,42.66756057739258,36.95769119262695,6.415999889373779,15.137332916259766,20.918386459350586
2014-10-15,21.510318756103516,62.189998626708984,15.298500061035156,,26.213727951049805,40.857547760009766,36.52665328979492,6.408429145812988,15.313332557678223,20.172643661499023
2014-10-16,21.228044509887695,62.86000061035156,15.142999649047852,,25.940723419189453,40.52643966674805,36.12101364135742,5.167142868041992,15.09000015258789,19.802448272705078
2014-10-17,21.538982391357422,64.5199966430664,15.182000160217285,,25.28096580505371,41.35052490234375,36.87316131591797,5.101285934448242,15.165332794189453,19.877561569213867
2014-10-20,21.99989128112793,64.68000030517578,15.310500144958496,,25.75921630859375,41.666900634765625,37.25347900390625,5.1317138671875,15.364666938781738,20.156545639038086
2014-10-21,22.59752082824707,66.43000030517578,15.766500473022461,,26.041120529174805,42.62340545654297,37.929595947265625,5.228428840637207,15.689332962036133,20.392606735229492
2014-10-22,22.712200164794922,65.04000091552734,15.648500442504883,,26.346269607543945,42.27023696899414,37.50701141357422,5.352142810821533,15.40666675567627,20.39529037475586
2014-10-23,23.117963790893555,65.91999816894531,15.659000396728516,,26.903654098510742,42.71906661987305,38.047916412353516,5.4720001220703125,15.685999870300293,20.454309463500977
2014-10-24,23.203975677490234,67.01000213623047,14.352999687194824,,26.695934295654297,43.21937942504883,38.98601150512695,5.500286102294922,15.682666778564453,20.489181518554688
2014-10-27,23.179712295532227,67.02999877929688,14.498499870300293,,26.744895935058594,43.145816802978516,38.800071716308594,5.420000076293945,14.777999877929688,20.545515060424805
2014-10-28,23.539180755615234,68.37000274658203,14.779500007629395,,27.14698028564453,43.87422180175781,39.29026412963867,5.517428874969482,16.184667587280273,20.481136322021484
2014-10-29,23.671493530273438,67.93000030517578,14.706000328063965,,27.168245315551758,43.62405776977539,39.400115966796875,5.401429176330566,15.873332977294922,20.491865158081055
2014-10-30,23.59210777282715,68.56999969482422,14.953499794006348,,27.216712951660156,43.69762420654297,38.918392181396484,5.414429187774658,15.910667419433594,20.50795555114746
2014-10-31,23.817047119140625,70.12000274658203,15.27299976348877,,27.650453567504883,44.49962615966797,39.679012298583984,5.611000061035156,16.113332748413086,20.459671020507812
2014-11-03,24.12578582763672,69.91000366210938,15.28600025177002,,27.459548950195312,44.793941497802734,40.09312438964844,5.5487141609191895,16.172666549682617,20.462352752685547
2014-11-04,23.949356079101562,71.06999969482422,15.14050006866455,,27.404651641845703,44.33040237426758,40.20299530029297,5.468286037445068,15.928667068481445,20.72524070739746
2014-11-05,24.00669288635254,71.37000274658203,14.826000213623047,,26.99959945678711,44.99259567260742,40.44807815551758,5.434000015258789,15.39799976348877,20.843273162841797
2014-11-06,24.075359344482422,72.0999984741211,14.831999778747559,,26.807706832885742,45.051456451416016,41.15800094604492,5.475714206695557,16.08133316040039,20.872785568237305
2014-11-07,24.144012451171875,71.5999984741211,14.993000030517578,,26.756765365600586,45.22804641723633,41.1411018371582,5.48799991607666,16.01333236694336,21.130300521850586
2014-11-10,24.104150772094727,71.69999694824219,15.255499839782715,,27.077245712280273,45.56650924682617,41.31858825683594,5.532429218292236,16.1286678314209,21.310035705566406
2014-11-11,24.296842575073242,71.69999694824219,15.600500106811523,,27.215728759765625,45.15447998046875,41.301658630371094,5.465000152587891,16.738666534423828,21.194686889648438
2014-11-12,24.64015007019043,71.41000366210938,15.575499534606934,,27.068342208862305,44.5584831237793,41.225616455078125,5.4837141036987305,16.606666564941406,21.245655059814453
2014-11-13,24.987873077392578,71.72000122070312,15.824000358581543,,26.972890853881836,44.315670013427734,41.92707443237305,5.420143127441406,16.780000686645508,22.24892234802246
2014-11-14,25.289093017578125,71.41999816894531,16.391000747680664,,26.92442512512207,44.35247039794922,41.9017219543457,5.514856815338135,17.245332717895508,22.254283905029297
2014-11-17,25.247013092041016,69.97000122070312,16.15250015258789,,26.534208297729492,44.42605209350586,41.80030059814453,5.444857120513916,16.93199920654297,22.41792106628418
2014-11-18,25.57480812072754,70.83000183105469,16.24650001525879,,26.461013793945312,44.536415100097656,41.45161819458008,5.443285942077637,17.18000030517578,22.4769344329834
2014-11-19,25.397626876831055,70.81999969482422,16.32699966430664,,26.55794906616211,44.587921142578125,41.009368896484375,5.187142848968506,16.516000747680664,22.79883575439453
2014-11-20,25.760854721069336,70.44000244140625,16.527000427246094,,26.451120376586914,44.23476028442383,41.41758728027344,5.259142875671387,16.58066749572754,22.688858032226562
2014-11-21,25.796289443969727,71.31999969482422,16.631500244140625,,26.58316993713379,44.4775505065918,40.80525207519531,5.146856784820557,16.185333251953125,22.707632064819336
2014-11-24,26.274690628051758,71.22000122070312,16.781999588012695,,26.67070770263672,44.8527946472168,40.473567962646484,5.092429161071777,16.447999954223633,22.90882682800293
2014-11-25,26.046567916870117,72.0,16.75200080871582,,26.76022720336914,44.3671989440918,40.371517181396484,4.985570907592773,16.53933334350586,22.788110733032227
2014-11-26,26.356647491455078,72.9800033569336,16.678499221801758,,26.725112915039062,44.39662551879883,40.609642028808594,5.016571044921875,16.562667846679688,22.796161651611328
2014-11-28,26.341144561767578,73.68000030517578,16.93199920654297,,26.797319412231445,44.26417922973633,40.660667419433594,4.9512858390808105,16.301332473754883,23.48288345336914
2014-12-01,25.4862117767334,73.75,16.299999237060547,,26.400178909301758,44.146461486816406,41.34954833984375,4.882999897003174,15.442667007446289,23.128787994384766
2014-12-02,25.388755798339844,73.47000122070312,16.315500259399414,,26.397708892822266,44.941097259521484,41.21348571777344,5.0329999923706055,15.428667068481445,23.177078247070312
2014-12-03,25.67669105529785,73.18000030517578,15.824999809265137,,26.27752685546875,45.279544830322266,40.890296936035156,5.073143005371094,15.286666870117188,22.9127197265625
2014-12-04,25.57923698425293,73.02999877929688,15.846500396728516,,26.573772430419922,45.161834716796875,41.536651611328125,5.008571147918701,15.218667030334473,22.864164352416992
2014-12-05,25.47071075439453,72.4000015258789,15.631500244140625,,25.97781753540039,46.133056640625,41.1794548034668,5.013143062591553,14.913999557495117,22.6915225982666
2014-12-08,24.894851684570312,72.05000305175781,15.331999778747559,,26.062883377075195,46.1109733581543,40.56713104248047,4.8497138023376465,14.290666580200195,22.721193313598633
2014-12-09,25.275798797607422,71.56999969482422,15.625,,26.37891387939453,45.949100494384766,40.473567962646484,4.911142826080322,14.459333419799805,22.54046630859375
2014-12-10,24.795183181762695,69.8499984741211,15.291999816894531,,26.01738166809082,44.64678192138672,39.886749267578125,4.776000022888184,13.989333152770996,22.383996963500977
2014-12-11,24.722097396850586,69.73999786376953,15.368000030517578,,26.130146026611328,44.98524475097656,40.11638641357422,4.780428886413574,13.925333023071289,22.613298416137695
2014-12-12,24.30348777770996,76.0199966430664,15.366000175476074,,25.651399612426758,44.1758918762207,39.92927932739258,4.778285980224609,13.800000190734863,22.60790252685547
2014-12-15,23.971261978149414,73.04000091552734,15.303500175476074,,25.41103744506836,43.528411865234375,39.69114303588867,4.671999931335449,13.602666854858398,22.642969131469727
2014-12-16,23.643470764160156,72.31999969482422,14.753000259399414,,24.500534057617188,42.99129867553711,38.406944274902344,4.520571231842041,13.187333106994629,22.37860870361328
2014-12-17,24.23261070251465,74.0,14.944000244140625,,24.970375061035156,43.97721862792969,38.90021514892578,4.7664289474487305,13.721332550048828,22.721193313598633
2014-12-18,24.95021629333496,74.88999938964844,14.886500358581543,,25.27750587463379,45.235408782958984,40.41405487060547,4.777429103851318,14.550666809082031,23.182464599609375
2014-12-19,24.75753402709961,74.44999694824219,14.994999885559082,,25.537155151367188,45.56650924682617,40.533103942871094,4.858857154846191,14.619333267211914,22.97206687927246
2014-12-22,25.014453887939453,74.5,15.32699966430664,,25.958528518676758,45.57386779785156,40.80525207519531,4.809713840484619,14.84000015258789,23.301158905029297
2014-12-23,24.925853729248047,74.37999725341797,15.314499855041504,,26.241422653198242,45.97118377685547,41.20497131347656,4.806142807006836,14.731332778930664,23.376699447631836
2014-12-24,24.808475494384766,74.73999786376953,15.15149974822998,,26.15140724182129,45.97118377685547,40.94132995605469,4.887143135070801,14.817333221435547,23.314651489257812
2014-12-26,25.247013092041016,74.66999816894531,15.454500198364258,,26.41155242919922,46.022674560546875,40.72021484375,4.8578572273254395,15.187999725341797,23.44413185119629
2014-12-29,25.229293823242188,74.12999725341797,15.60200023651123,,26.228565216064453,46.3243408203125,40.35451126098633,4.884714126586914,15.047332763671875,23.371294021606445
2014-12-30,24.921428680419922,73.08000183105469,15.515000343322754,,26.233013153076172,46.46416091918945,39.98881149291992,4.903285980224609,14.815333366394043,23.411762237548828
2014-12-31,24.447452545166016,72.69999694824219,15.517499923706055,,26.034196853637695,46.044761657714844,39.50404739379883,4.880143165588379,14.827333450317383,23.166282653808594
2015-01-02,24.214893341064453,72.33999633789062,15.425999641418457,,25.9555606842041,46.274314880371094,39.767677307128906,4.984857082366943,14.620667457580566,23.171682357788086
2015-01-05,23.5327205657959,71.9800033569336,15.10949993133545,,25.414499282836914,44.837730407714844,39.40199279785156,4.731142997741699,14.005999565124512,23.104244232177734
2015-01-06,23.53493309020996,70.52999877929688,14.76449966430664,,24.825469970703125,43.67513656616211,38.82367706298828,4.650143146514893,14.085332870483398,23.282276153564453
2015-01-07,23.864946365356445,71.11000061035156,14.920999526977539,,24.782934188842773,43.74177551269531,39.31694030761719,4.674285888671875,14.063332557678223,23.900007247924805
2015-01-08,24.781890869140625,72.91999816894531,15.02299976348877,,24.86107635498047,44.7192497253418,40.473567962646484,4.7779998779296875,14.041333198547363,24.404447555541992
2015-01-09,24.808475494384766,71.83999633789062,14.846500396728516,,24.539112091064453,43.94171905517578,40.133392333984375,4.704143047332764,13.77733325958252,24.102323532104492
2015-01-12,24.197168350219727,71.12000274658203,14.570500373840332,,24.360076904296875,43.56405258178711,39.63159942626953,4.554714202880859,13.480667114257812,24.283052444458008
2015-01-13,24.41200828552246,70.58999633789062,14.737000465393066,,24.53960609436035,43.57146072387695,39.4275016784668,4.625570774078369,13.616666793823242,24.09153938293457
2015-01-14,24.318988800048828,69.98999786376953,14.66349983215332,,24.771560668945312,42.06821823120117,39.08730697631836,4.631999969482422,12.845999717712402,23.36320686340332
2015-01-15,23.658966064453125,70.29000091552734,14.34749984741211,,24.817060470581055,40.72050094604492,38.67909240722656,4.625143051147461,12.791333198547363,23.570907592773438
2015-01-16,23.475130081176758,71.7300033569336,14.536999702453613,,25.128143310546875,41.41658020019531,39.32545852661133,4.819142818450928,12.871333122253418,23.4063663482666
2015-01-20,24.079784393310547,71.48999786376953,14.472000122070312,,25.06978416442871,41.253665924072266,39.45301055908203,4.9828572273254395,12.795332908630371,23.384782791137695
2015-01-21,24.263628005981445,71.54000091552734,14.862500190734863,,25.620737075805664,41.386966705322266,39.05329132080078,5.846857070922852,13.104666709899902,23.371294021606445
2015-01-22,24.894851684570312,73.4800033569336,15.515999794006348,,26.429359436035156,42.645835876464844,40.08234786987305,6.120571136474609,13.441332817077637,23.8190860748291
2015-01-23,25.0233097076416,74.05999755859375,15.619500160217285,,26.7043399810791,41.97196960449219,40.1248779296875,6.249429225921631,13.419333457946777,23.875730514526367
2015-01-26,25.049890518188477,72.73999786376953,15.482999801635742,,26.469913482666016,42.038604736328125,39.980308532714844,6.379428863525391,13.770000457763672,23.90810203552246
2015-01-27,24.172805786132812,71.45999908447266,15.337499618530273,,25.649917602539062,41.61652755737305,36.28079605102539,6.488142967224121,13.732000350952148,23.611379623413086
2015-01-28,25.53936767578125,70.25,15.195500373840332,,25.223100662231445,40.54279327392578,35.03059387207031,6.320857048034668,13.291333198547363,23.419849395751953
2015-01-29,26.33449935913086,71.63999938964844,15.58899974822998,,25.2557430267334,41.22404861450195,35.727989196777344,6.340000152587891,13.680000305175781,23.66263771057129
2015-01-30,25.949111938476562,70.12999725341797,17.726499557495117,,26.435791015625,40.26879119873047,34.35873031616211,6.311429023742676,13.573332786560059,22.92351531982422
2015-02-02,26.274690628051758,71.11000061035156,18.223499298095703,,26.137069702148438,41.075958251953125,35.10714340209961,6.301000118255615,14.062666893005371,23.12042999267578
2015-02-03,26.279132843017578,71.91999816894531,18.177499771118164,,26.174654006958008,42.001583099365234,35.37929153442383,6.527429103851318,14.557332992553711,23.249910354614258
2015-02-04,26.48067855834961,72.27999877929688,18.237499237060547,,25.85417366027832,41.74981689453125,35.583404541015625,6.41014289855957,14.569999694824219,23.37399673461914
2015-02-05,26.6696834564209,73.0999984741211,18.694499969482422,,26.092554092407227,42.038604736328125,36.102195739746094,6.413000106811523,14.732666969299316,23.543941497802734
2015-02-06,26.445104598999023,72.54000091552734,18.714000701904297,,26.261701583862305,42.867977142333984,36.06816864013672,6.3480000495910645,14.490667343139648,23.55742835998535
2015-02-09,26.620763778686523,72.33000183105469,18.527999877929688,,26.104921340942383,42.81614303588867,36.02565383911133,6.329570770263672,14.498666763305664,23.17437744140625
2015-02-10,27.132186889648438,72.76000213623047,18.649999618530273,,26.55547332763672,43.290069580078125,36.22975540161133,6.485000133514404,14.419333457946777,23.546632766723633
2015-02-11,27.768129348754883,73.01000213623047,18.756999969482422,,26.50750160217285,43.223426818847656,36.04264831542969,6.498428821563721,14.186667442321777,23.29037857055664
2015-02-12,28.119457244873047,74.58999633789062,18.85849952697754,,26.851722717285156,44.11204147338867,36.64647674560547,6.52471399307251,13.525333404541016,23.16899299621582
2015-02-13,28.257328033447266,76.51000213623047,19.09149932861328,,27.152420043945312,44.18608474731445,37.309852600097656,6.658570766448975,13.584667205810547,23.147403717041016
2015-02-17,28.42409896850586,77.12999725341797,18.771499633789062,,26.847270965576172,44.50450897216797,37.32697296142578,6.713714122772217,13.623332977294922,23.187870025634766
2015-02-18,28.62199592590332,77.7300033569336,18.668500900268555,,26.69197654724121,43.96391296386719,37.284156799316406,6.786571025848389,13.630666732788086,23.27688980102539
2015-02-19,28.561952590942383,77.7300033569336,18.950000762939453,,26.848756790161133,43.86026382446289,37.25846481323242,6.78000020980835,14.11400032043457,22.52967071533203
2015-02-20,28.795434951782227,78.55000305175781,19.183000564575195,,26.654882431030273,44.282344818115234,37.566802978515625,6.8314290046691895,14.473999977111816,22.740083694458008
2015-02-23,29.57368278503418,78.0999984741211,19.006999969482422,,26.30670738220215,43.94911193847656,37.81520462036133,6.740571022033691,13.822667121887207,22.821006774902344
2015-02-24,29.389129638671875,77.68000030517578,18.929500579833984,,26.513437271118164,45.03767395019531,37.76380157470703,6.783999919891357,13.607333183288574,22.812908172607422
2015-02-25,28.637554168701172,78.06999969482422,19.26849937438965,,26.898212432861328,45.27463150024414,37.67814636230469,6.833285808563232,13.583999633789062,22.543161392211914
2015-02-26,28.999998092651367,78.95999908447266,19.239999771118164,,27.47240447998047,45.600460052490234,37.738121032714844,6.900428771972656,13.812666893005371,22.605201721191406
2015-02-27,28.564176559448242,79.0999984741211,19.007999420166016,,27.616825103759766,45.3782958984375,37.5582389831543,6.78442907333374,13.555999755859375,22.64027214050293
2015-03-02,28.704259872436523,79.79000091552734,19.283000946044922,,28.256799697875977,45.74114227294922,37.58393096923828,6.860713958740234,13.155332565307617,22.648365020751953
2015-03-03,28.764307022094727,78.98999786376953,19.230499267578125,,28.37055015563965,45.88925552368164,37.07001495361328,6.781570911407471,13.303999900817871,22.48920440673828
2015-03-04,28.58196258544922,77.62999725341797,19.13599967956543,,28.357194900512695,46.00773239135742,36.881587982177734,6.710999965667725,13.496000289916992,22.276098251342773
2015-03-05,28.10834503173828,78.62000274658203,19.39150047302246,,28.454130172729492,45.91147232055664,36.92441940307617,6.680714130401611,13.375332832336426,22.543161392211914
2015-03-06,28.150585174560547,77.55000305175781,19.004499435424805,,28.076030731201172,45.08949661254883,36.28202819824219,6.487429141998291,12.925333023071289,22.27880859375
2015-03-09,28.27066421508789,77.93000030517578,18.92799949645996,,28.133651733398438,45.54121017456055,36.70172119140625,6.366143226623535,12.725333213806152,22.357027053833008
2015-03-10,27.685861587524414,76.01000213623047,18.475500106811523,,27.44916343688965,44.40082550048828,35.9993782043457,6.215143203735352,12.687999725341797,22.138530731201172
2015-03-11,27.181106567382812,76.01000213623047,18.318500518798828,,27.25974464416504,44.60817337036133,35.95656967163086,6.288428783416748,12.916000366210938,21.89701271057129
2015-03-12,27.672515869140625,77.4000015258789,18.711999893188477,,27.473892211914062,45.44495391845703,35.13429641723633,6.404571056365967,12.73799991607666,22.225366592407227
2015-03-13,27.481300354003906,77.62000274658203,18.52899932861328,,27.068838119506836,45.170955657958984,35.4426383972168,6.262856960296631,12.578666687011719,22.225366592407227
2015-03-16,27.783706665039062,78.33000183105469,18.667499542236328,,27.424434661865234,45.80039596557617,35.59680938720703,6.028142929077148,13.046667098999023,22.602577209472656
2015-03-17,28.248428344726562,79.66000366210938,18.59600067138672,,27.242929458618164,45.62267303466797,35.71672439575195,5.978857040405273,12.982000350952148,22.420757293701172
2015-03-18,28.56639862060547,76.88999938964844,18.756999969482422,,27.671222686767578,45.72632598876953,36.40192794799805,6.0445709228515625,13.380666732788086,22.396333694458008
2015-03-19,28.3507137298584,77.13999938964844,18.66200065612793,,27.596548080444336,45.319061279296875,36.22208023071289,6.074429035186768,13.043333053588867,22.122243881225586
2015-03-20,27.99493980407715,77.36000061035156,18.92449951171875,,27.71375846862793,45.72632598876953,36.727420806884766,6.118570804595947,13.20533275604248,22.589006423950195
2015-03-23,28.28622817993164,76.3499984741211,18.75550079345703,,27.637100219726562,45.27463150024414,36.71028137207031,6.0714287757873535,13.308667182922363,22.60800552368164
2015-03-24,28.17060661315918,75.44999694824219,18.704500198364258,,28.199922561645508,44.771080017089844,36.74454879760742,6.261143207550049,13.447999954223633,22.537446975708008
2015-03-25,27.434595108032227,73.12999725341797,18.54800033569336,,27.635866165161133,44.141658782958984,35.51116180419922,6.025000095367432,12.953332901000977,22.067970275878906
2015-03-26,27.625829696655273,72.97000122070312,18.36750030517578,,27.457077026367188,44.08982467651367,35.29703903198242,5.975142955780029,12.694000244140625,22.22265625
2015-03-27,27.405691146850586,73.30999755859375,18.527999877929688,,27.119287490844727,44.097225189208984,35.09147262573242,5.925285816192627,12.333333015441895,22.076122283935547
2015-03-30,28.09945297241211,73.5999984741211,18.72949981689453,,27.301780700683594,45.141334533691406,35.08290481567383,6.03671407699585,12.704667091369629,22.396333694458008
2015-03-31,27.668073654174805,73.94000244140625,18.604999542236328,,27.10247230529785,44.85994338989258,34.82594680786133,5.952713966369629,12.584667205810547,22.32035255432129
2015-04-01,27.628055572509766,75.06999969482422,18.51300048828125,,26.833423614501953,44.68849563598633,34.87733840942383,5.901713848114014,12.505999565124512,21.90243911743164
2015-04-02,27.865968704223633,75.68000030517578,18.612499237060547,,26.485740661621094,45.11338424682617,34.509033203125,5.91542911529541,12.733332633972168,21.907865524291992
2015-04-06,28.317358016967773,76.2300033569336,18.851999282836914,,26.546815872192383,45.07612228393555,35.58824920654297,6.0329999923706055,13.539999961853027,21.978424072265625
2015-04-07,28.019405364990234,75.6500015258789,18.720500946044922,,26.559429168701172,45.359375,35.57112503051758,6.049428939819336,13.550000190734863,21.84544563293457
2015-04-08,27.928232192993164,75.44000244140625,19.059999465942383,,26.78643798828125,45.50846862792969,35.47690963745117,6.304999828338623,13.844667434692383,21.989276885986328
2015-04-09,28.141700744628906,76.33000183105469,19.177000045776367,,26.74538803100586,45.82154846191406,35.528297424316406,6.278571128845215,14.005999565124512,21.937713623046875
2015-04-10,28.261770248413086,76.52999877929688,19.13249969482422,,26.707307815551758,45.99298858642578,35.73386764526367,6.493856906890869,14.0600004196167,21.886159896850586
2015-04-13,28.2061824798584,76.0199966430664,19.118000030517578,,26.66576385498047,46.2688102722168,35.76811981201172,6.7811431884765625,13.985333442687988,21.78845977783203
2015-04-14,28.08388328552246,75.94999694824219,19.25550079345703,,26.231531143188477,46.99188232421875,35.67391586303711,6.838714122772217,13.830666542053223,21.750469207763672
2015-04-15,28.190610885620117,76.02999877929688,19.172500610351562,,26.337369918823242,47.864017486572266,36.19638442993164,6.792285919189453,13.85533332824707,21.639209747314453
2015-04-16,28.054977416992188,75.1500015258789,19.302000045776367,,26.400178909301758,47.56584930419922,36.1107292175293,8.02928638458252,13.779999732971191,21.50351905822754
2015-04-17,27.739233016967773,73.1500015258789,18.777999877929688,,25.9179744720459,46.8427848815918,35.64820861816406,8.164999961853027,13.78600025177002,21.134458541870117
2015-04-20,28.372949600219727,73.91999816894531,19.475500106811523,,26.478322982788086,47.140953063964844,36.75312042236328,8.105570793151855,13.684666633605957,21.205015182495117
2015-04-21,28.219524383544922,74.62000274658203,19.55900001525879,,26.408588409423828,46.447696685791016,36.521854400634766,8.006285667419434,13.96066665649414,21.17515754699707
2015-04-22,28.59975242614746,75.5,19.489999771118164,,26.675405502319336,46.917320251464844,36.82161331176758,7.966856956481934,14.629332542419434,21.283708572387695
2015-04-23,28.83323097229004,76.5199966430664,19.499500274658203,,27.053014755249023,46.8129768371582,37.12140655517578,7.986570835113525,14.573332786560059,21.48723602294922
2015-04-24,28.9688720703125,76.54000091552734,22.2549991607666,,27.946208953857422,46.663883209228516,41.00143051147461,7.977142810821533,14.562000274658203,21.666343688964844
2015-04-27,29.495851516723633,76.55000305175781,21.92799949645996,,27.542375564575195,46.470069885253906,41.138465881347656,8.086856842041016,15.436667442321777,21.53879737854004
2015-04-28,29.03113555908203,76.0199966430664,21.465499877929688,,27.458566665649414,46.78316116333008,42.10633850097656,8.043713569641113,15.36533260345459,21.465532302856445
2015-04-29,28.604196548461914,76.6500015258789,21.4685001373291,,27.230440139770508,47.4093132019043,42.02069854736328,8.040714263916016,15.49666690826416,21.134458541870117
2015-04-30,27.82817268371582,76.05999755859375,21.089000701904297,,26.64822006225586,47.15586471557617,41.660945892333984,7.949999809265137,15.069999694824219,21.180585861206055
2015-05-01,28.673131942749023,76.43000030517578,21.14349937438965,,26.675992965698242,47.416778564453125,41.67808151245117,7.957571029663086,15.0686674118042,21.329845428466797
2015-05-04,28.61754035949707,75.8499984741211,21.152000427246094,,26.818817138671875,48.24418640136719,41.31835174560547,7.927143096923828,15.36733341217041,21.48723602294922
2015-05-05,27.972705841064453,75.0,21.059499740600586,,26.323883056640625,48.005653381347656,40.770164489746094,8.079285621643066,15.529999732971191,21.202295303344727
2015-05-06,27.79703712463379,74.4800033569336,20.954999923706055,,25.997560501098633,47.64784240722656,39.63957595825195,8.00771427154541,15.362000465393066,21.20503044128418
2015-05-07,27.968969345092773,74.7300033569336,21.3439998626709,,26.318925857543945,48.08018493652344,39.999305725097656,8.074856758117676,15.786666870117188,21.308801651000977
2015-05-08,28.495935440063477,76.30999755859375,21.684499740600586,,26.691862106323242,48.81816101074219,40.898643493652344,8.208571434020996,15.77400016784668,21.445341110229492
2015-05-11,28.20566177368164,76.79000091552734,21.642499923706055,,26.5668888092041,48.78835678100586,40.57316589355469,8.427857398986816,15.965999603271484,21.32791519165039
2015-05-12,28.105178833007812,76.56999969482422,21.551000595092773,,26.23659896850586,48.72126770019531,40.55603790283203,8.337714195251465,16.31599998474121,21.562772750854492
2015-05-13,28.136442184448242,77.08000183105469,21.3435001373291,,26.265363693237305,48.84053039550781,40.795860290527344,8.287285804748535,16.211999893188477,21.344303131103516
2015-05-14,28.792903900146484,79.43000030517578,21.61400032043457,,26.700788497924805,49.23561477661133,41.72945785522461,8.383570671081543,16.273332595825195,21.49722671508789
2015-05-15,28.75271224975586,78.91999816894531,21.299999237060547,,26.475141525268555,49.1088981628418,41.369728088378906,8.760713577270508,16.589332580566406,21.639236450195312
2015-05-18,29.069782257080078,79.41000366210938,21.261999130249023,,26.398271560668945,49.51141357421875,41.12135314941406,8.826713562011719,16.583332061767578,21.824928283691406
2015-05-19,29.042987823486328,79.62000274658203,21.085500717163086,,26.649211883544922,49.95121765136719,41.017887115478516,8.806857109069824,16.47599983215332,20.871856689453125
2015-05-20,29.040754318237305,79.61000061035156,21.19300079345703,,26.743934631347656,49.55613708496094,41.017887115478516,8.878999710083008,16.290000915527344,20.72712516784668
2015-05-21,29.337717056274414,80.55999755859375,21.581499099731445,,26.90461540222168,49.68286895751953,40.87996292114258,8.900285720825195,16.374666213989258,20.784481048583984
2015-05-22,29.594501495361328,80.04000091552734,21.381500244140625,,26.78559112548828,49.548702239990234,40.43167495727539,8.883856773376465,16.51533317565918,20.71621322631836
2015-05-26,28.942506790161133,79.36000061035156,21.273500442504883,,26.39926528930664,48.997074127197266,40.16443634033203,8.799285888671875,16.497333526611328,20.45404624938965
2015-05-27,29.482860565185547,80.16000366210938,21.570999145507812,,26.76972007751465,49.548702239990234,41.04375457763672,8.985713958740234,16.495332717895508,20.53324317932129
2015-05-28,29.424802780151367,80.0199966430664,21.328500747680664,,26.769227981567383,49.34742736816406,40.90582275390625,8.950714111328125,16.76333236694336,20.43766212463379
2015-05-29,29.089879989624023,79.08999633789062,21.46150016784668,,26.38884925842285,49.03435134887695,40.397193908691406,8.915143013000488,16.719999313354492,20.281999588012695
2015-06-01,29.147926330566406,79.87000274658203,21.54599952697754,,26.482080459594727,49.25796890258789,40.716163635253906,8.900285720825195,16.6299991607666,20.407621383666992
2015-06-02,29.0184268951416,79.81999969482422,21.54949951171875,,26.739473342895508,49.213253021240234,40.44892501831055,8.913000106811523,16.55666732788086,20.353002548217773
2015-06-03,29.054153442382812,80.12999725341797,21.829500198364258,,26.795509338378906,49.72014617919922,40.388572692871094,8.880857467651367,16.599332809448242,20.45132064819336
2015-06-04,28.884456634521484,78.75,21.538999557495117,,26.616477966308594,49.444339752197266,39.966148376464844,8.934857368469238,16.39466667175293,20.249231338500977
2015-06-05,28.72591781616211,78.86000061035156,21.34749984741211,,26.44935417175293,50.256839752197266,39.77649688720703,9.045999526977539,16.609333038330078,19.951568603515625
2015-06-08,28.536121368408203,78.16000366210938,21.174999237060547,,26.12700080871582,49.86177444458008,39.42305374145508,8.960429191589355,17.086000442504883,19.828683853149414
2015-06-09,28.451271057128906,77.9000015258789,21.27400016784668,,26.12005615234375,50.077945709228516,39.35407638549805,9.244999885559082,17.066667556762695,19.790447235107422
2015-06-10,28.777278900146484,79.55999755859375,21.53849983215332,,26.61598777770996,50.88300704956055,40.18166732788086,9.587142944335938,16.713333129882812,19.916065216064453
2015-06-11,28.7125186920166,79.6500015258789,21.648500442504883,,26.51283073425293,51.07683563232422,40.03511428833008,9.509428977966309,16.76066780090332,19.918804168701172
2015-06-12,28.39545249938965,79.86000061035156,21.496000289916992,,26.39975929260254,50.87556076049805,39.629940032958984,9.44185733795166,16.71266746520996,19.779525756835938
2015-06-15,28.33962631225586,78.9000015258789,21.183500289916992,,26.145347595214844,50.6817512512207,39.207523345947266,9.343143463134766,16.691999435424805,19.64298439025879
2015-06-16,28.49146842956543,79.94000244140625,21.363000869750977,,26.192461013793945,50.96500015258789,39.509254455566406,9.5272855758667,16.874666213989258,19.757680892944336
2015-06-17,28.424480438232422,77.91000366210938,21.390499114990234,,26.247509002685547,50.7935676574707,39.629940032958984,9.427143096923828,17.360666275024414,19.8614559173584
2015-06-18,28.553985595703125,79.38999938964844,21.969499588012695,,26.617969512939453,51.2706298828125,40.27649688720703,9.474286079406738,17.459333419799805,19.92972755432129
2015-06-19,28.268173217773438,79.69999694824219,21.746000289916992,,26.61598777770996,50.74883270263672,39.74202346801758,9.3871431350708,17.500667572021484,19.86418914794922
2015-06-22,28.493701934814453,82.27999877929688,21.81450080871582,,26.69037437438965,51.404815673828125,39.85407638549805,9.64142894744873,17.319332122802734,19.877830505371094
2015-06-23,28.364192962646484,83.55000305175781,22.29949951171875,,26.803943634033203,51.99372482299805,39.57822036743164,9.73128604888916,17.844667434692383,19.817758560180664
2015-06-24,28.605342864990234,83.4000015258789,22.04199981689453,,26.673017501831055,51.44954299926758,39.345455169677734,9.694429397583008,17.67799949645996,19.765865325927734
2015-06-25,28.469141006469727,83.94000244140625,22.0049991607666,,26.5435791015625,51.173736572265625,39.35407638549805,9.489143371582031,17.91933250427246,19.623868942260742
2015-06-26,28.301671981811523,82.73999786376953,21.905000686645508,,26.368019104003906,51.39735794067383,39.01784896850586,9.308856964111328,17.805999755859375,19.694868087768555
2015-06-29,27.805973052978516,81.27999877929688,21.493000030517578,,25.86366081237793,50.092857360839844,38.250587463378906,9.223142623901367,17.468000411987305,19.50371551513672
2015-06-30,28.006933212280273,81.01000213623047,21.704500198364258,,25.81357192993164,50.510292053222656,38.06096267700195,9.384857177734375,17.884000778198242,19.36989974975586
2015-07-01,28.268173217773438,80.94000244140625,21.86949920654297,,25.87952995300293,51.073036193847656,38.31957244873047,9.363571166992188,17.94333267211914,19.62932586669922
2015-07-02,28.23245620727539,80.75,21.885499954223633,,25.956893920898438,50.66035842895508,38.2764778137207,9.40442943572998,18.667999267578125,19.623868942260742
2015-07-06,28.134204864501953,80.5,21.802000045776367,,25.930112838745117,50.51781463623047,38.26784133911133,9.45714282989502,18.648000717163086,19.806838989257812
2015-07-07,28.06498908996582,80.58999633789062,21.836000442504883,,26.037235260009766,50.12014389038086,38.19026565551758,9.409143447875977,17.858667373657227,20.15092658996582
2015-07-08,27.368330001831055,79.98999786376953,21.485000610351562,,25.63106918334961,49.09223556518555,38.138526916503906,9.350713729858398,16.997333526611328,19.951568603515625
2015-07-09,26.810115814208984,80.47000122070312,21.719499588012695,,25.822004318237305,49.60243225097656,38.37990951538086,9.572713851928711,17.19466781616211,19.875110626220703
2015-07-10,27.52686309814453,80.58999633789062,22.175500869750977,,26.290653228759766,50.30771255493164,38.45751190185547,9.722857475280762,17.27666664123535,19.967954635620117
2015-07-13,28.058286666870117,81.44000244140625,22.778499603271484,,27.104969024658203,51.0880241394043,39.25924301147461,10.10871410369873,17.477333068847656,20.175495147705078
2015-07-14,28.047122955322266,81.88999938964844,23.278499603271484,,27.82654571533203,51.800819396972656,39.328216552734375,10.037142753601074,17.709999084472656,20.15092658996582
2015-07-15,28.317298889160156,82.12000274658203,23.059499740600586,,27.78290367126465,51.91337203979492,39.44890594482422,9.812999725341797,17.542667388916016,20.11269760131836
2015-07-16,28.694656372070312,82.5199966430664,23.77400016784668,,28.756410598754883,52.19096374511719,40.22476577758789,11.581000328063965,17.778667449951172,20.161842346191406
2015-07-17,28.942506790161133,82.0999984741211,24.15049934387207,,33.37251663208008,51.928375244140625,40.19029235839844,11.47700023651123,18.310667037963867,20.04168701171875
2015-07-20,29.489559173583984,82.08999633789062,24.405000686645508,,32.881046295166016,51.96586990356445,40.44892501831055,11.055000305175781,18.817333221435547,19.962491989135742
2015-07-21,29.194820404052734,81.19000244140625,24.399999618530273,,32.8453483581543,51.845829010009766,40.75926208496094,11.25100040435791,17.784666061401367,19.86418914794922
2015-07-22,27.960044860839844,80.7300033569336,24.41349983215332,,32.835426330566406,52.58113098144531,39.25924301147461,11.149999618530273,17.857999801635742,19.97887420654297
2015-07-23,27.946640014648438,80.63999938964844,24.108999252319336,,31.951677322387695,52.25099182128906,39.75062942504883,11.010000228881836,17.81333351135254,19.801376342773438
2015-07-24,27.799278259277344,80.9800033569336,26.47100067138672,,30.924116134643555,51.70326614379883,39.60408401489258,10.934000015258789,17.694000244140625,19.547407150268555
2015-07-27,27.412982940673828,79.93000030517578,26.570499420166016,,31.10761070251465,51.02800750732422,39.0954475402832,10.642999649047852,16.867332458496094,19.492788314819336
2015-07-28,27.5491886138916,80.58999633789062,26.30150032043457,,31.144309997558594,51.05803680419922,39.08683395385742,10.6899995803833,17.654666900634766,19.68941307067871
2015-07-29,27.462108612060547,80.25,26.450000762939453,,31.33920669555664,51.72576904296875,39.905799865722656,10.708000183105469,17.58799934387207,19.724910736083984
2015-07-30,27.32366943359375,81.29000091552734,26.83799934387207,,31.371936798095703,51.800819396972656,40.4144172668457,11.156000137329102,17.785999298095703,19.705791473388672
2015-07-31,27.084758758544922,81.98999786376953,26.8075008392334,,31.025781631469727,51.41816711425781,40.259254455566406,11.430999755859375,17.74333381652832,19.656635284423828
2015-08-03,26.446151733398438,81.4000015258789,26.75149917602539,,31.303499221801758,51.41816711425781,40.354087829589844,11.255999565124512,17.332666397094727,19.71125602722168
2015-08-04,25.597665786743164,82.05999755859375,26.594999313354492,,31.206300735473633,51.365638732910156,40.98341751098633,12.114999771118164,17.75200080871582,19.730375289916992
2015-08-05,25.767356872558594,83.37999725341797,26.850500106811523,,31.926881790161133,51.568214416503906,41.017887115478516,12.371000289916992,18.0086669921875,20.211528778076172
2015-08-06,25.823434829711914,82.19000244140625,26.472999572753906,,31.872329711914062,51.20808410644531,40.19029235839844,12.645000457763672,16.408666610717773,20.013566970825195
2015-08-07,25.910905838012695,82.69000244140625,26.131000518798828,,31.50633430480957,51.05803680419922,40.293739318847656,12.35200023651123,16.167333602905273,19.59014892578125
2015-08-10,26.85296058654785,83.62000274658203,26.200000762939453,,31.42847442626953,51.68827819824219,40.802371978759766,12.303000450134277,16.076000213623047,19.653379440307617
2015-08-11,25.45557975769043,83.9000015258789,26.37299919128418,,32.76996612548828,51.193092346191406,40.00925064086914,12.27400016784668,15.824666976928711,19.777118682861328
2015-08-12,25.848114013671875,83.81999969482422,26.295499801635742,,32.70945739746094,50.45026779174805,40.293739318847656,12.050999641418457,15.878000259399414,19.955827713012695
2015-08-13,25.827922821044922,84.30999755859375,26.482999801635742,,32.55522537231445,50.6828727722168,40.28512191772461,12.373000144958496,16.167333602905273,19.82660484313965
2015-08-14,26.009593963623047,86.12000274658203,26.576000213623047,,32.58845138549805,50.93797302246094,40.51789093017578,12.33899974822998,16.209999084472656,19.900840759277344
2015-08-17,26.27875328063965,86.7699966430664,26.76099967956543,,32.77442169189453,51.073036193847656,40.793758392333984,12.53600025177002,16.999332427978516,19.771617889404297
2015-08-18,26.130725860595703,86.44999694824219,26.750999450683594,,32.53934860229492,51.17806625366211,41.019371032714844,12.404999732971191,17.381332397460938,19.103483200073242
2015-08-19,25.79652214050293,85.4800033569336,26.645999908447266,,32.775917053222656,50.72038650512695,40.44664764404297,12.206000328063965,17.016666412353516,18.853282928466797
2015-08-20,25.267173767089844,82.69000244140625,25.788999557495117,,32.0781364440918,49.47488784790039,39.62226104736328,11.24899959564209,16.14533233642578,18.814783096313477
2015-08-21,23.721769332885742,78.87000274658203,24.723499298095703,,30.374624252319336,47.719181060791016,37.3747444152832,10.395999908447266,15.38466739654541,18.295135498046875
2015-08-24,23.129613876342773,74.2699966430664,23.168500900268555,,29.240436553955078,45.20566177368164,36.16855239868164,9.687999725341797,14.591333389282227,17.583023071289062
2015-08-25,23.268674850463867,74.56999969482422,23.318500518798828,,28.866010665893555,44.950557708740234,35.118560791015625,10.152000427246094,14.66866683959961,17.34930992126465
2015-08-26,24.603252410888672,77.33000183105469,25.03849983215332,,31.175052642822266,47.201473236083984,37.062339782714844,11.012999534606934,14.989333152770996,17.824974060058594
2015-08-27,25.327735900878906,78.91000366210938,25.918500900268555,,31.620895385742188,48.37944412231445,38.0949821472168,11.765999794006348,16.19933319091797,18.168655395507812
2015-08-28,25.41072654724121,79.4000015258789,25.90049934387207,,31.262338638305664,48.1168212890625,38.12102508544922,11.762999534606934,16.565332412719727,17.855209350585938
2015-08-31,25.29184341430664,78.56999969482422,25.644500732421875,,30.660776138305664,48.094322204589844,37.76525115966797,11.503000259399414,16.604000091552734,17.797473907470703
2015-09-01,24.1613826751709,75.98999786376953,24.82699966430664,,29.646108627319336,46.10603713989258,36.290042877197266,10.579000473022461,15.908666610717773,17.547273635864258
2015-09-02,25.19763946533203,77.25,25.52750015258789,,30.466867446899414,46.94637680053711,37.626399993896484,10.543999671936035,16.512666702270508,17.717744827270508
2015-09-03,24.755773544311523,78.31999969482422,25.236000061035156,,30.065664291381836,47.02889633178711,37.747894287109375,10.105999946594238,16.3713321685791,17.833215713500977
2015-09-04,24.509044647216797,76.88999938964844,24.950000762939453,,29.790422439575195,46.14354705810547,36.97556686401367,9.878999710083008,16.1286678314209,17.566518783569336
2015-09-08,25.1909122467041,79.77999877929688,25.87700080871582,,30.48274040222168,47.38904571533203,38.086326599121094,9.494999885559082,16.544666290283203,18.251144409179688
2015-09-09,24.706430435180664,78.5199966430664,25.844499588012695,,30.38652801513672,46.65374755859375,37.3747444152832,9.918000221252441,16.5939998626709,17.904708862304688
2015-09-10,25.249229431152344,78.69999694824219,26.11199951171875,,30.814512252807617,47.0139045715332,37.56565856933594,9.947999954223633,16.565332412719727,17.6297550201416
2015-09-11,25.617080688476562,79.19000244140625,26.472000122070312,,31.033716201782227,46.93886184692383,37.73052978515625,9.75100040435791,16.682666778564453,17.775480270385742
2015-09-14,25.86380386352539,78.45999908447266,26.069000244140625,,30.908245086669922,46.80379867553711,37.34870910644531,9.569000244140625,16.87933349609375,17.67374610900879
2015-09-15,26.081378936767578,79.52999877929688,26.118499755859375,,31.49839973449707,47.70417022705078,38.16442108154297,9.916000366210938,16.904666900634766,17.68475341796875
2015-09-16,26.110536575317383,80.52999877929688,26.36949920654297,,31.54006004333496,48.124332427978516,38.44209671020508,10.407999992370605,17.483333587646484,17.786481857299805
2015-09-17,25.55202865600586,80.30999755859375,26.943500518798828,,31.883241653442383,47.00639343261719,38.39872360229492,10.420999526977539,17.471332550048828,17.725988388061523
2015-09-18,25.446613311767578,81.25,27.01300048828125,,31.206300735473633,45.72337341308594,37.73052978515625,10.26200008392334,17.374666213989258,17.41529655456543
2015-09-21,25.84137535095215,83.31999969482422,27.41950035095215,,31.51327896118164,46.10603713989258,38.2772216796875,10.029999732971191,17.613332748413086,17.519775390625
2015-09-22,25.435405731201172,84.66000366210938,26.920000076293945,,30.880970001220703,45.70085906982422,38.0949821472168,9.847000122070312,17.395999908447266,17.48403549194336
2015-09-23,25.64175033569336,85.5,26.803499221801758,,30.864604949951172,45.498291015625,38.06895446777344,9.807000160217285,17.40399932861328,17.519775390625
2015-09-24,25.794281005859375,83.91000366210938,26.6875,,31.03520393371582,45.18315887451172,38.103675842285156,10.37600040435791,17.541332244873047,17.550024032592773
2015-09-25,25.72922706604004,83.12999725341797,26.212499618530273,,30.34933090209961,46.12104034423828,38.129703521728516,10.223999977111816,17.12733268737793,17.536273956298828
2015-09-28,25.220075607299805,80.5199966430664,25.202999114990234,,29.502286911010742,45.003082275390625,37.56565856933594,9.946999549865723,16.562000274658203,17.503280639648438
2015-09-29,24.461942672729492,79.83000183105469,24.803499221801758,,29.506256103515625,44.89804458618164,37.69581985473633,9.835000038146973,16.44333267211914,17.536273956298828
2015-09-30,24.740081787109375,82.22000122070312,25.594499588012695,,30.173282623291016,45.745887756347656,38.407386779785156,10.326000213623047,16.559999465942383,17.82772445678711
2015-10-01,24.578584671020508,83.75,26.035999298095703,,30.31561279296875,46.083526611328125,38.71112060546875,10.597999572753906,15.991999626159668,17.671001434326172
2015-10-02,24.758020401000977,83.98999786376953,26.62700080871582,,31.090253829956055,45.955047607421875,39.544158935546875,10.611000061035156,16.504667282104492,17.86621856689453
2015-10-05,24.84773063659668,85.83999633789062,27.18400001525879,,31.812326431274414,46.86946487426758,40.46400451660156,11.125,16.40999984741211,18.110918045043945
2015-10-06,24.966617584228516,85.1500015258789,26.874000549316406,,32.00920104980469,46.89213943481445,40.56813049316406,10.833000183105469,16.097333908081055,18.05867576599121
2015-10-07,24.84773063659668,80.6500015258789,27.097000122070312,,31.856460571289062,46.952598571777344,40.611515045166016,10.8100004196167,15.46399974822998,18.245643615722656
2015-10-08,24.56063461303711,82.26000213623047,26.658000946044922,,31.69776153564453,46.952598571777344,41.175575256347656,11.493000030517578,15.114666938781738,18.38862419128418
2015-10-09,25.14829444885254,83.81999969482422,26.989999771118164,,31.918455123901367,46.80144500732422,40.88051986694336,11.333000183105469,14.712667465209961,18.33637809753418
2015-10-12,25.031658172607422,83.91999816894531,27.50950050354004,,32.07020950317383,46.64274597167969,40.78506851196289,11.345000267028809,14.371999740600586,18.402366638183594
2015-10-13,25.074270248413086,83.6500015258789,27.44499969482422,,32.34941101074219,46.51427459716797,40.68961715698242,10.972999572753906,14.616666793823242,18.34737205505371
2015-10-14,24.719890594482422,83.80000305175781,27.241500854492188,,32.292877197265625,45.33536911010742,40.507389068603516,11.02299976348877,14.458666801452637,16.505210876464844
2015-10-15,25.089984893798828,86.7699966430664,28.121999740600586,,32.817569732666016,46.771217346191406,40.79375076293945,10.109000205993652,14.753999710083008,16.3127498626709
2015-10-16,24.906063079833984,88.66999816894531,28.538000106811523,,32.84038162231445,47.1793098449707,41.22764205932617,9.89900016784668,15.133999824523926,16.191768646240234
2015-10-19,25.060823440551758,88.4000015258789,28.657499313354492,,33.033790588378906,47.020606994628906,41.32308578491211,10.168999671936035,15.206666946411133,16.18077850341797
2015-10-20,25.51839256286621,86.83999633789062,28.04400062561035,,32.249237060546875,47.247318267822266,41.45326614379883,9.89900016784668,14.20199966430664,16.153274536132812
2015-10-21,25.516141891479492,86.12999725341797,27.78849983215332,,31.868858337402344,46.89970016479492,40.95863723754883,9.795999526977539,14.005999565124512,16.123031616210938
2015-10-22,25.906421661376953,88.45999908447266,28.195499420166016,,32.324119567871094,47.75364303588867,41.678863525390625,9.732000350952148,14.114666938781738,16.194522857666016
2015-10-23,26.70941734313965,87.86000061035156,29.951499938964844,,34.814178466796875,48.267520904541016,45.878875732421875,10.003999710083008,13.939332962036133,16.0295467376709
2015-10-26,25.857080459594727,88.83999633789062,30.430500030517578,,35.348793029785156,48.29021072387695,47.076385498046875,10.303999900817871,14.350666999816895,15.95256233215332
2015-10-27,25.693340301513672,88.05000305175781,30.550500869750977,,35.13603591918945,48.09372329711914,46.5904426574707,10.307000160217285,14.023332595825195,15.80409049987793
2015-10-28,26.752023696899414,88.5,30.854999542236328,,35.35721969604492,49.49934768676758,46.84209442138672,10.579999923706055,14.197333335876465,15.848084449768066
2015-10-29,27.034643173217773,88.12000274658203,31.327499389648438,,35.55410385131836,49.28019714355469,46.304073333740234,10.51200008392334,14.108667373657227,15.93606185913086
2015-10-30,26.803617477416992,88.66000366210938,31.295000076293945,,35.25109100341797,48.554710388183594,45.67927932739258,10.838000297546387,13.795332908630371,15.738105773925781
2015-11-02,27.180438995361328,89.91000366210938,31.417499542236328,,35.761898040771484,49.52958297729492,46.19994354248047,10.763999938964844,14.252667427062988,15.83983039855957
2015-11-03,27.492212295532227,90.36000061035156,31.265499114990234,,35.813968658447266,49.71095657348633,46.989620208740234,10.973999977111816,13.890000343322754,15.977312088012695
2015-11-04,27.364364624023438,91.01000213623047,32.04750061035156,,36.109046936035156,49.76385498046875,47.206565856933594,11.404999732971191,15.442000389099121,16.048797607421875
2015-11-05,27.238222122192383,90.55000305175781,32.782501220703125,,36.26476287841797,50.20973205566406,47.1891975402832,11.350000381469727,15.451333045959473,16.114791870117188
2015-11-06,27.26974868774414,90.69000244140625,32.96849822998047,,36.38924026489258,51.736263275146484,47.65778732299805,11.406000137329102,15.490667343139648,16.161527633666992
2015-11-09,27.159374237060547,89.80000305175781,32.77450180053711,,35.94935989379883,50.927650451660156,46.998294830322266,10.986000061035156,15.022000312805176,16.08179473876953
2015-11-10,26.303394317626953,90.27999877929688,32.98400115966797,,36.11945724487305,51.14680480957031,46.434234619140625,11.270000457763672,14.433333396911621,16.134029388427734
2015-11-11,26.15471839904785,91.20999908447266,33.662498474121094,,36.4705810546875,50.897438049316406,46.55573272705078,11.28600025177002,14.60533332824707,15.831585884094238
2015-11-12,26.066869735717773,90.83999633789062,33.279998779296875,,36.2637825012207,49.87721633911133,46.26934814453125,10.892000198364258,14.196000099182129,15.658368110656738
2015-11-13,25.305503845214844,89.0199966430664,32.11750030517578,,35.55807113647461,49.54469680786133,45.852840423583984,10.364999771118164,13.812666893005371,15.51264476776123
2015-11-16,25.71997833251953,89.7699966430664,32.390499114990234,,36.15120315551758,50.26262664794922,46.65986633300781,11.135000228881836,14.287332534790039,15.9113187789917
2015-11-17,25.609600067138672,90.29000091552734,32.165000915527344,,35.969688415527344,49.975460052490234,46.27547836303711,11.710000038146973,14.266667366027832,16.4749755859375
2015-11-18,26.4205322265625,91.2699966430664,33.176998138427734,,36.698707580566406,50.972991943359375,47.04425048828125,12.062999725341797,14.73799991607666,16.752670288085938
2015-11-19,26.75615882873535,91.76000213623047,33.063499450683594,,36.61985397338867,51.13170623779297,47.122867584228516,12.022000312805176,14.786666870117188,16.689430236816406
2015-11-20,26.873300552368164,91.80999755859375,33.42250061035156,,37.52194595336914,51.04100036621094,47.341285705566406,12.383999824523926,14.667332649230957,16.51621437072754
2015-11-23,26.524152755737305,91.95999908447266,33.949501037597656,,37.4911994934082,50.542259216308594,47.341285705566406,12.503000259399414,14.516667366027832,16.568452835083008
2015-11-24,26.77869415283203,92.0,33.557498931884766,,37.10933303833008,50.4666633605957,47.393699645996094,12.331000328063965,14.550000190734863,16.4749755859375
2015-11-25,26.58721923828125,91.7699966430664,33.766998291015625,,37.10289001464844,50.52712631225586,46.90446853637695,12.416000366210938,15.309332847595215,16.562950134277344
2015-11-27,26.53765869140625,92.16999816894531,33.66299819946289,,37.20752716064453,50.76139450073242,47.1141471862793,12.543999671936035,15.440667152404785,16.466726303100586
2015-11-30,26.648040771484375,91.45999908447266,33.2400016784668,,36.82765197753906,50.39108657836914,47.48105239868164,12.333000183105469,15.350666999816895,16.178024291992188
2015-12-01,26.431795120239258,92.55000305175781,33.952999114990234,,38.039695739746094,51.093902587890625,48.241111755371094,12.536999702453613,15.812666893005371,16.219270706176758
2015-12-02,26.193017959594727,92.0199966430664,33.800498962402344,,37.80859375,50.3759765625,48.232357025146484,12.892999649047852,15.465999603271484,16.17768096923828
2015-12-03,25.949737548828125,89.91000366210938,33.3125,,37.32059860229492,49.7260627746582,47.35000991821289,12.680999755859375,15.513999938964844,16.36897850036621
2015-12-04,26.812480926513672,92.58000183105469,33.63199996948242,,38.028289794921875,51.30551528930664,48.84389877319336,13.093000411987305,15.358667373657227,16.54088020324707
2015-12-07,26.643543243408203,89.5999984741211,33.49150085449219,,37.85173797607422,50.6329345703125,48.75654220581055,12.53600025177002,15.408666610717773,16.773773193359375
2015-12-08,26.632274627685547,91.72000122070312,33.86650085449219,,37.80809783935547,49.84698486328125,48.739078521728516,12.697999954223633,15.114666938781738,16.52701759338379
2015-12-09,26.044347763061523,89.55999755859375,33.239498138427734,,37.27448272705078,49.4691162109375,48.03143310546875,12.420000076293945,14.968000411987305,16.393932342529297
2015-12-10,26.168243408203125,88.95999908447266,33.11600112915039,,37.167850494384766,49.58249282836914,48.28478240966797,12.291000366210938,15.137999534606934,16.51315689086914
2015-12-11,25.494714736938477,91.41999816894531,32.00749969482422,,36.642662048339844,48.418678283691406,47.22771453857422,11.890999794006348,14.468000411987305,16.45769500732422
2015-12-14,25.337039947509766,93.26000213623047,32.89550018310547,,37.084041595458984,48.569828033447266,48.17121505737305,12.067000389099121,14.571999549865723,16.743268966674805
2015-12-15,24.88877296447754,94.0199966430664,32.93199920654297,,36.86731719970703,49.952781677246094,48.22362518310547,11.859999656677246,14.739333152770996,16.53533172607422
2015-12-16,25.080238342285156,95.55999755859375,33.78850173950195,,37.5958366394043,51.033451080322266,49.03608322143555,12.263999938964844,15.633999824523926,16.71832275390625
2015-12-17,24.54863929748535,94.19999694824219,33.532501220703125,,37.16636657714844,50.088809967041016,48.66044998168945,12.25100040435791,15.559332847595215,16.35234260559082
2015-12-18,23.88412094116211,91.30999755859375,33.207000732421875,,36.664485931396484,48.66806411743164,47.28886795043945,11.802000045776367,15.36400032043457,16.316307067871094
2015-12-21,24.17695426940918,91.62000274658203,33.22549819946289,,37.084041595458984,49.52958297729492,47.9004020690918,11.663000106811523,15.503999710083008,16.51038360595703
2015-12-22,24.154436111450195,93.81999969482422,33.157501220703125,,37.194637298583984,49.63538360595703,48.354671478271484,11.62399959564209,15.329999923706055,16.784862518310547
2015-12-23,24.46529197692871,94.69999694824219,33.185001373291016,,37.21001052856445,50.42887878417969,48.76527404785156,11.815999984741211,15.313332557678223,16.937345504760742
2015-12-24,24.334638595581055,94.30000305175781,33.13949966430664,,37.11528396606445,50.330631256103516,48.634246826171875,11.732999801635742,15.371333122253418,16.865262985229492
2015-12-28,24.06207847595215,94.19999694824219,33.7599983215332,,37.81504440307617,50.164371490478516,48.87884521484375,11.711000442504883,15.263333320617676,16.84308624267578
2015-12-29,24.49457359313965,95.33000183105469,34.69850158691406,,38.51380157470703,50.68583297729492,49.40302276611328,11.911999702453613,15.812666893005371,17.08152198791504
2015-12-30,24.174713134765625,95.27999877929688,34.45349884033203,,38.236083984375,50.32308578491211,49.1933479309082,11.670999526977539,15.87266731262207,17.100929260253906
2015-12-31,23.71068000793457,93.94000244140625,33.794498443603516,,37.6350212097168,49.89987564086914,48.4682502746582,11.437999725341797,16.000667572021484,16.995574951171875
2016-01-04,23.730945587158203,91.97000122070312,31.84950065612793,,36.789955139160156,48.4011344909668,47.87417221069336,10.996000289916992,14.894000053405762,17.039936065673828
2016-01-05,23.136260986328125,92.33999633789062,31.68950080871582,,36.82665252685547,48.48482131958008,48.092586517333984,10.765999794006348,14.895333290100098,17.444717407226562
2016-01-06,22.683496475219727,91.0199966430664,31.63249969482422,,36.878231048583984,47.784908294677734,47.218990325927734,11.767999649047852,14.602666854858398,17.6193904876709
2016-01-07,21.72614288330078,89.11000061035156,30.39699935913086,,36.02375030517578,45.852508544921875,45.57658004760742,11.456000328063965,14.376667022705078,18.029722213745117
2016-01-08,21.841026306152344,87.8499984741211,30.352500915527344,,35.43259811401367,44.825443267822266,45.71635437011719,11.138999938964844,14.066666603088379,17.616621017456055
2016-01-11,22.194683074951172,89.37999725341797,30.886999130249023,,35.50996398925781,44.75697708129883,45.690155029296875,11.496999740600586,13.856666564941406,17.805152893066406
2016-01-12,22.516815185546875,89.81999969482422,30.894500732421875,,36.007877349853516,44.855857849121094,46.10947799682617,11.657999992370605,13.998000144958496,17.638805389404297
2016-01-13,21.937894821166992,88.30000305175781,29.090499877929688,,34.74276351928711,43.62339782714844,45.113555908203125,10.656000137329102,13.354000091552734,17.16746711730957
2016-01-14,22.417692184448242,89.80000305175781,29.649999618530273,,35.44499588012695,44.27767562866211,46.39777755737305,10.706000328063965,13.745332717895508,17.483537673950195
2016-01-15,21.87932586669922,89.16999816894531,28.509000778198242,,34.439754486083984,43.39516830444336,44.54569625854492,10.404000282287598,13.666000366210938,17.170242309570312
2016-01-19,21.773452758789062,89.18000030517578,28.724000930786133,,34.80376434326172,43.372344970703125,44.17005157470703,10.788999557495117,13.64799976348877,17.344913482666016
2016-01-20,21.802734375,87.94000244140625,28.588499069213867,,34.63812255859375,42.23116683959961,44.3709831237793,10.77400016784668,13.24666690826416,16.8680362701416
2016-01-21,21.692365646362305,88.0,28.750999450683594,,35.041805267333984,42.033363342285156,44.100162506103516,10.234999656677246,13.33133316040039,17.156381607055664
2016-01-22,22.845685958862305,89.62999725341797,29.819000244140625,,35.96721649169922,43.32670211791992,45.68141174316406,10.071999549865723,13.50333309173584,17.380956649780273
2016-01-25,22.399673461914062,86.7699966430664,29.826499938964844,,35.29374313354492,42.34528732299805,45.244598388671875,9.911999702453613,13.092000007629395,17.591665267944336
2016-01-26,22.5235652923584,86.88999938964844,30.0625,,35.3616828918457,43.42561340332031,45.57658004760742,9.782999992370605,12.904000282287598,17.74415397644043
2016-01-27,21.043621063232422,84.8499984741211,29.167499542236328,,34.71449279785156,43.39516830444336,44.746639251708984,9.114999771118164,12.538000106811523,17.730295181274414
2016-01-28,21.19454002380371,84.5199966430664,31.767499923706055,,36.250389099121094,43.57775115966797,45.4804801940918,9.440999984741211,12.646666526794434,17.805152893066406
2016-01-29,21.9266300201416,89.12999725341797,29.350000381469727,,36.845008850097656,45.26670837402344,48.12754440307617,9.184000015258789,12.74666690826416,18.398473739624023
2016-02-01,21.72163963317871,89.61000061035156,28.74049949645996,,37.2938232421875,44.7797966003418,47.795570373535156,9.409000396728516,13.129332542419434,18.71453285217285
2016-02-02,21.282390594482422,87.94999694824219,27.604999542236328,,37.92116928100586,43.38756561279297,46.301692962646484,9.14900016784668,12.185333251953125,18.537097930908203
2016-02-03,21.703624725341797,87.98999786376953,26.553499221801758,,36.051517486572266,43.676658630371094,45.56782913208008,9.074000358581543,11.565333366394043,18.373517990112305
2016-02-04,21.878013610839844,86.36000061035156,26.812999725341797,,35.11222839355469,44.42984390258789,45.428070068359375,8.970999717712402,11.688667297363281,18.41510772705078
2016-02-05,21.293689727783203,79.19999694824219,25.10650062561035,,33.90018081665039,43.93532943725586,43.820613861083984,8.279000282287598,10.84000015258789,18.575908660888672
2016-02-08,21.517911911010742,74.94000244140625,24.405000686645508,,33.8590202331543,43.0147819519043,43.1653938293457,8.331999778747559,9.866000175476074,18.548187255859375
2016-02-09,21.513378143310547,73.8499984741211,24.103500366210938,,33.6294059753418,42.7561149597168,43.05179977416992,8.61299991607666,9.883333206176758,18.2459774017334
2016-02-10,21.350311279296875,75.52999877929688,24.52400016784668,,33.92746353149414,42.23877716064453,43.42747497558594,8.845000267028809,9.57800006866455,18.240434646606445
2016-02-11,21.221216201782227,74.94000244140625,25.19099998474121,,33.87736129760742,40.374847412109375,43.41000747680664,8.635000228881836,10.031332969665527,18.110130310058594
2016-02-12,21.286903381347656,76.66999816894531,25.354000091552734,,33.842159271240234,43.73752212524414,44.11764144897461,8.739999771118164,10.06933307647705,18.34856605529785
2016-02-16,21.887073516845703,78.87999725341797,26.05500030517578,,34.268653869628906,44.39179992675781,44.953521728515625,8.904999732971191,10.344667434692383,18.270936965942383
2016-02-17,22.222265243530273,81.8499984741211,26.704999923706055,,35.13157272338867,44.71132278442383,46.12378692626953,9.47599983215332,11.245332717895508,18.329160690307617
2016-02-18,21.801010131835938,80.52999877929688,26.25,,34.58357620239258,43.980979919433594,45.92140197753906,9.048999786376953,11.118000030517578,17.777423858642578
2016-02-19,21.751184463500977,80.87000274658203,26.7450008392334,,34.76012420654297,43.98857879638672,45.59585189819336,8.92300033569336,11.10533332824707,17.92713737487793
2016-02-22,21.941421508789062,83.80000305175781,27.975000381469727,,35.035362243652344,44.55917739868164,46.326148986816406,9.192999839782715,11.849332809448242,18.19607925415039
2016-02-23,21.4454402923584,83.06999969482422,27.64699935913086,,34.509185791015625,42.695247650146484,45.03272247314453,8.911999702453613,11.814000129699707,18.431743621826172
2016-02-24,21.764766693115234,83.41999816894531,27.70199966430664,,34.693172454833984,42.71046447753906,45.191104888916016,9.16100025177002,11.933333396911621,18.609180450439453
2016-02-25,21.91425132751465,86.68000030517578,27.75749969482422,,35.000152587890625,43.372344970703125,45.84221267700195,9.45300006866455,12.495332717895508,18.86425018310547
2016-02-26,21.948219299316406,86.5999984741211,27.761499404907227,,34.9664306640625,43.775550842285156,45.138309478759766,9.479000091552734,12.689332962036133,18.4400634765625
2016-02-29,21.898395538330078,85.1500015258789,27.625999450683594,,34.604400634765625,42.83218765258789,44.768760681152344,9.340999603271484,12.795332908630371,18.392921447753906
2016-03-01,22.76807975769043,88.37000274658203,28.95199966430664,,35.647830963134766,45.038475036621094,46.264556884765625,9.829999923706055,12.423333168029785,18.42618751525879
2016-03-02,22.81790542602539,88.38999938964844,29.010499954223633,,35.64981460571289,45.464500427246094,46.590126037597656,9.76099967956543,12.555999755859375,18.35688591003418
2016-03-03,22.987764358520508,87.20999908447266,28.874500274658203,,35.3309326171875,45.61667251586914,46.062198638916016,9.793000221252441,13.049332618713379,18.33746910095215
2016-03-04,23.329757690429688,86.18000030517578,28.756999969482422,,35.25505828857422,45.68513488769531,45.78063201904297,10.157999992370605,13.402667045593262,18.51491928100586
2016-03-07,23.07156753540039,85.11000061035156,28.139999389648438,,34.4749641418457,45.6014404296875,44.90073776245117,9.548999786376953,13.685999870300293,18.822662353515625
2016-03-08,22.88132095336914,84.3499984741211,28.01300048828125,,34.415950775146484,44.718936920166016,45.4462776184082,9.623000144958496,13.506667137145996,18.86425018310547
2016-03-09,22.901708602905273,85.2699966430664,27.973499298095703,,34.974857330322266,44.977603912353516,46.49333572387695,9.800000190734863,13.914667129516602,18.861465454101562
2016-03-10,22.91303062438965,84.8499984741211,27.946500778198242,,35.35076904296875,44.58959197998047,45.798240661621094,9.736000061035156,13.678667068481445,18.827939987182617
2016-03-11,23.15989112854004,86.0,28.480499267578125,,36.04507064819336,45.14497375488281,46.695709228515625,9.765999794006348,13.833333015441895,18.76091194152832
2016-03-14,23.21877670288086,87.01000213623047,28.668500900268555,,36.227081298828125,44.977603912353516,46.78369140625,9.812999725341797,14.34333324432373,18.81397819519043
2016-03-15,23.68532943725586,86.83000183105469,28.85099983215332,,36.119956970214844,45.038475036621094,47.15325164794922,9.78600025177002,14.555999755859375,19.01786994934082
2016-03-16,24.00013542175293,88.16999816894531,28.713499069213867,,36.50480270385742,44.825443267822266,47.82196807861328,9.9350004196167,14.795332908630371,18.98994255065918
2016-03-17,23.961637496948242,89.95999908447266,27.972000122070312,,36.58860778808594,44.69611358642578,48.094730377197266,9.972000122070312,15.092000007629395,18.83911895751953
2016-03-18,23.98880958557129,93.41999816894531,27.604000091552734,,36.57967758178711,46.01226806640625,47.06526184082031,10.112000465393066,15.515999794006348,18.699462890625
2016-03-21,23.986547470092773,92.5,27.698999404907227,,36.80235290527344,45.99704360961914,47.39082336425781,10.105999946594238,15.887999534606934,18.984352111816406
2016-03-22,24.16999626159668,92.55999755859375,28.02400016784668,,36.735897064208984,45.82968521118164,47.57561111450195,9.984000205993652,15.616000175476074,18.9564266204834
2016-03-23,24.036375045776367,92.16000366210938,28.48150062561035,,36.60249328613281,45.6014404296875,47.487606048583984,9.958999633789062,14.838666915893555,18.841917037963867
2016-03-24,23.932186126708984,92.5199966430664,29.147499084472656,,36.465614318847656,45.2514762878418,47.69878005981445,9.836000442504883,15.183333396911621,18.99273681640625
2016-03-28,23.82347869873047,92.4000015258789,28.993499755859375,,36.37784194946289,45.19062423706055,47.109256744384766,10.121000289916992,15.350666999816895,19.026254653930664
2016-03-29,24.387413024902344,93.22000122070312,29.69300079345703,,36.935264587402344,44.90911865234375,48.13872528076172,10.413000106811523,15.342000007629395,19.001115798950195
2016-03-30,24.813199996948242,93.77999877929688,29.934499740600586,,37.22092056274414,45.426456451416016,48.437896728515625,10.218999862670898,15.12600040435791,19.216176986694336
2016-03-31,24.684101104736328,93.80000305175781,29.68199920654297,,36.94419479370117,45.053688049316406,48.59626770019531,10.222999572753906,15.317999839782715,19.129596710205078
2016-04-01,24.91058921813965,95.16000366210938,29.924999237060547,,37.19016647338867,45.54820251464844,48.89543151855469,10.569999694824219,15.839332580566406,19.288799285888672
2016-04-04,25.166513442993164,94.5,29.659500122070312,,36.961055755615234,45.371925354003906,48.77223587036133,10.4350004196167,16.465999603271484,19.299970626831055
2016-04-05,24.86981964111328,94.16999816894531,29.30699920654297,,36.589603424072266,44.72811508178711,48.006752014160156,10.494000434875488,17.031333923339844,19.171491622924805
2016-04-06,25.130273818969727,95.4000015258789,30.104000091552734,,36.98088455200195,45.07301712036133,48.499488830566406,10.482999801635742,17.69466781616211,19.283214569091797
2016-04-07,24.58219337463379,93.77999877929688,29.571500778198242,,36.71258544921875,43.931053161621094,47.91874694824219,10.444999694824219,17.14666748046875,19.054183959960938
2016-04-08,24.60936737060547,94.06999969482422,29.729999542236328,,36.65655517578125,44.25293731689453,47.88356018066406,10.380999565124512,16.67133331298828,19.009496688842773
2016-04-11,24.690898895263672,92.94999694824219,29.796499252319336,,36.50529479980469,44.605491638183594,47.786766052246094,10.267999649047852,16.661333084106445,18.825153350830078
2016-04-12,25.012496948242188,93.41999816894531,30.15850067138672,,36.85194396972656,45.433223724365234,48.0859489440918,10.697999954223633,16.521333694458008,19.216176986694336
2016-04-13,25.37487030029297,94.52999877929688,30.740999221801758,,37.27993392944336,47.3569221496582,48.70184326171875,10.96500015258789,16.968666076660156,19.313934326171875
2016-04-14,25.388456344604492,94.44000244140625,31.037500381469727,,37.353328704833984,47.97007751464844,48.71065902709961,11.041999816894531,16.790666580200195,19.216176986694336
2016-04-15,24.878877639770508,95.16000366210938,31.29450035095215,,37.64097595214844,47.41823959350586,48.9658317565918,11.151000022888184,16.96733283996582,19.288799285888672
2016-04-18,24.342113494873047,96.55000305175781,31.767499923706055,,38.018375396728516,47.72481918334961,49.678531646728516,10.84000015258789,16.92533302307129,19.512243270874023
2016-04-19,24.213027954101562,96.5199966430664,31.395000457763672,,37.389530181884766,48.529544830322266,49.616943359375,9.434000015258789,16.4913330078125,19.487110137939453
2016-04-20,24.26285171508789,96.33000183105469,31.649499893188477,,37.327049255371094,49.23466110229492,48.91304016113281,9.677000045776367,16.6646671295166,19.3306941986084
2016-04-21,24.00013542175293,96.37000274658203,31.549999237060547,,37.647918701171875,48.7441520690918,49.0802116394043,9.498000144958496,16.55266761779785,19.124008178710938
2016-04-22,23.934457778930664,94.79000091552734,31.024999618530273,,35.64584732055664,49.02772903442383,45.56064987182617,9.59000015258789,16.916667938232422,19.193832397460938
2016-04-25,23.798566818237305,95.80000305175781,31.309999465942383,,35.863067626953125,48.7441520690918,45.85102462768555,9.355999946594238,16.788000106811523,19.4033203125
2016-04-26,23.63323402404785,96.1500015258789,30.8439998626709,,35.118675231933594,48.99706268310547,45.26148223876953,9.243000030517578,16.916000366210938,19.3558349609375
2016-04-27,22.154315948486328,95.63999938964844,30.328500747680664,,35.00461196899414,49.13501739501953,44.82154846191406,9.104000091552734,16.764667510986328,19.38934898376465
2016-04-28,21.477142333984375,93.63999938964844,30.100000381469727,,34.269649505615234,48.7441520690918,43.906463623046875,9.027999877929688,16.513999938964844,19.24690055847168
2016-04-29,21.23027992248535,94.22000122070312,32.97949981689453,,34.36833953857422,48.43759536743164,43.880062103271484,9.003000259399414,16.05066680908203,18.677120208740234
2016-05-02,21.207630157470703,94.9000015258789,34.192501068115234,,34.626224517822266,48.88977813720703,44.531192779541016,9.310999870300293,16.1200008392334,18.878219604492188
2016-05-03,21.556419372558594,93.66000366210938,33.566001892089844,,34.33610534667969,47.947078704833984,43.800872802734375,9.154000282287598,15.48799991607666,18.71343231201172
2016-05-04,21.332195281982422,92.94000244140625,33.54499816894531,,34.501739501953125,47.18833541870117,43.880062103271484,9.079000473022461,14.837332725524902,18.766504287719727
2016-05-05,21.245609283447266,93.5,32.954498291015625,,34.78590393066406,46.93540954589844,43.94166946411133,8.937000274658203,14.10200023651123,18.77208709716797
2016-05-06,21.12711524963379,94.30000305175781,33.6974983215332,,35.26646423339844,47.2113151550293,44.33761215209961,9.083999633789062,14.328666687011719,19.06256103515625
2016-05-09,21.1430721282959,94.61000061035156,33.98749923706055,,35.354740142822266,46.91242218017578,44.05604934692383,9.053999900817871,13.928000450134277,19.258075714111328
2016-05-10,21.286623001098633,96.5199966430664,35.153499603271484,,35.86455154418945,47.548545837402344,44.89193344116211,9.288999557495117,13.912667274475098,19.2133846282959
2016-05-11,21.079275131225586,96.0999984741211,35.6614990234375,,35.4732666015625,47.37226867675781,44.91834259033203,9.001999855041504,13.93066692352295,18.684444427490234
2016-05-12,20.584814071655273,95.95999908447266,35.89649963378906,,35.37507629394531,47.341609954833984,45.32308578491211,8.77400016784668,13.8186674118042,18.80824089050293
2016-05-13,20.625825881958008,95.97000122070312,35.49599838256836,,35.2520866394043,46.904754638671875,44.94473648071289,8.788000106811523,13.840666770935059,18.27086067199707
2016-05-16,21.391433715820312,97.2300033569336,35.53300094604492,,35.532779693603516,47.25730514526367,45.604652404785156,8.911999702453613,13.88599967956543,18.57472038269043
2016-05-17,21.302566528320312,95.93000030517578,34.76350021362305,,35.023963928222656,47.25730514526367,44.75405502319336,8.86299991607666,13.644000053405762,18.315885543823242
2016-05-18,21.5463809967041,96.69999694824219,34.872501373291016,,35.04379653930664,49.08137893676758,45.019859313964844,9.050000190734863,14.07800006866455,17.76724624633789
2016-05-19,21.4643497467041,95.87999725341797,34.92599868774414,,34.730857849121094,48.58319854736328,44.58571243286133,8.954999923706055,14.347332954406738,19.469411849975586
2016-05-20,21.696765899658203,96.87999725341797,35.13999938964844,,35.198028564453125,48.675167083740234,44.85150146484375,9.24899959564209,14.685333251953125,19.655107498168945
2016-05-23,21.97247314453125,96.62000274658203,34.837501525878906,,34.925262451171875,48.63684844970703,44.32874298095703,9.48900032043457,14.414667129516602,19.55381965637207
2016-05-24,22.307435989379883,99.62999725341797,35.209999084472656,,35.71131134033203,49.46458435058594,45.71097183227539,9.788999557495117,14.52733325958252,19.76201820373535
2016-05-25,22.699352264404297,99.61000061035156,35.41749954223633,,35.968204498291016,50.21567153930664,46.18057632446289,10.020000457763672,14.638667106628418,19.82954216003418
2016-05-26,22.87936019897461,99.37000274658203,35.74549865722656,,35.91117477416992,49.84012222290039,45.976783752441406,10.281000137329102,15.008000373840332,19.933645248413086
2016-05-27,22.865692138671875,100.13999938964844,35.61199951171875,,36.334693908691406,50.146697998046875,46.357791900634766,10.329999923706055,14.869333267211914,19.905506134033203
2016-05-31,22.75403594970703,99.47000122070312,36.13949966430664,,36.486446380615234,50.02406692504883,46.96029281616211,10.256999969482422,14.881999969482422,19.913944244384766
2016-06-01,22.43503189086914,100.04000091552734,35.97200012207031,,36.40858459472656,50.34597396850586,46.827392578125,10.151000022888184,14.637332916259766,19.83517074584961
2016-06-02,22.266416549682617,100.16999816894531,36.4119987487793,,36.22261428833008,50.43794250488281,46.49954605102539,10.125,14.597332954406738,19.96177101135254
2016-06-03,22.311992645263672,98.69999694824219,36.277000427246094,,35.822898864746094,49.541221618652344,45.888187408447266,9.958999633789062,14.599332809448242,19.939268112182617
2016-06-06,22.473772048950195,99.12000274658203,36.33649826049805,,35.5357551574707,50.03174591064453,46.18943405151367,10.074000358581543,14.711999893188477,19.989910125732422
2016-06-07,22.564910888671875,98.5199966430664,36.1870002746582,,35.54071807861328,49.863121032714844,46.16285705566406,9.98900032043457,15.489333152770996,19.98428726196289
2016-06-08,22.544404983520508,98.68000030517578,36.332000732421875,,36.11748504638672,50.00874328613281,46.10969924926758,9.78600025177002,15.701333045959473,20.05462074279785
2016-06-09,22.70619010925293,98.06999969482422,36.38249969482422,,36.13235855102539,49.625518798828125,45.7375602722168,9.708999633789062,15.290666580200195,20.00116539001465
2016-06-10,22.51934242248535,97.08999633789062,35.89550018310547,,35.677589416503906,48.928096771240234,45.61349868774414,9.375,14.586000442504883,20.015226364135742
2016-06-13,22.179834365844727,96.95999908447266,35.762001037597656,,35.625518798828125,48.49122619628906,44.42621612548828,9.385000228881836,14.524666786193848,19.843612670898438
2016-06-14,22.20717430114746,96.9800033569336,35.96500015258789,,35.62105178833008,47.57919692993164,44.15155029296875,9.411999702453613,14.330666542053223,19.96177101135254
2016-06-15,22.134258270263672,97.0199966430664,35.7130012512207,,35.653282165527344,47.49489974975586,44.027496337890625,9.428999900817871,14.513333320617676,20.009605407714844
2016-06-16,22.227684020996094,97.19000244140625,35.8754997253418,,35.22877502441406,47.686492919921875,44.647727966308594,9.543999671936035,14.528667449951172,20.06025505065918
2016-06-17,21.721830368041992,95.58000183105469,35.31949996948242,,34.30436325073242,47.732479095458984,44.4173583984375,9.444999694824219,14.364666938781738,19.96177101135254
2016-06-20,21.66942024230957,97.98999786376953,35.70050048828125,,34.403053283691406,47.801456451416016,44.364192962646484,9.380000114440918,14.646666526794434,20.003978729248047
2016-06-21,21.85399627685547,99.72000122070312,35.79100036621094,,34.51364517211914,48.245975494384766,45.35655212402344,9.098999977111816,14.640666961669922,20.105266571044922
2016-06-22,21.7719669342041,94.01000213623047,35.529998779296875,,34.58903121948242,48.062042236328125,45.179351806640625,9.00100040435791,13.11066722869873,20.18686294555664
2016-06-23,21.897281646728516,96.20999908447266,36.104000091552734,,34.80772399902344,49.08905029296875,45.9945182800293,9.166000366210938,13.09333324432373,20.28533172607422
2016-06-24,21.28207015991211,92.19999694824219,34.948001861572266,,33.486083984375,45.67847442626953,44.15155029296875,8.843999862670898,12.876667022705078,20.245943069458008
2016-06-27,20.972179412841797,90.8499984741211,34.56800079345703,,33.14091110229492,44.15331268310547,42.91108322143555,8.532999992370605,13.236666679382324,20.116519927978516
2016-06-28,21.325359344482422,92.45999908447266,35.397499084472656,,33.72511672973633,45.61717224121094,43.805973052978516,8.79699993133545,13.452667236328125,20.11932945251465
2016-06-29,21.509929656982422,94.38999938964844,35.779998779296875,,33.926963806152344,46.904754638671875,44.780635833740234,9.105999946594238,14.012666702270508,20.386615753173828
2016-06-30,21.783357620239258,95.79000091552734,35.78099822998047,,34.32320785522461,47.62517547607422,45.33884048461914,9.14799976348877,14.152000427246094,20.54416847229004
2016-07-01,21.849437713623047,95.31999969482422,36.284000396728516,,34.675811767578125,47.316219329833984,45.32999038696289,9.666999816894531,14.433333396911621,20.485092163085938
2016-07-05,21.64436149597168,94.7300033569336,36.404998779296875,,34.46455001831055,45.99544906616211,45.33884048461914,9.791000366210938,14.26533317565918,20.577938079833984
2016-07-06,21.767406463623047,95.18000030517578,36.88050079345703,,34.604400634765625,46.48977279663086,45.52490234375,9.460000038146973,14.295999526977539,20.769248962402344
2016-07-07,21.8608341217041,95.13999938964844,36.82849884033203,,34.48487854003906,46.79099655151367,45.52490234375,9.510000228881836,14.395999908447266,20.68766212463379
2016-07-08,22.02943992614746,96.79000091552734,37.29050064086914,,34.994197845458984,47.75648498535156,46.34005355834961,9.706000328063965,14.45199966430664,20.774877548217773
2016-07-11,22.097803115844727,97.13999938964844,37.68899917602539,,35.463348388671875,48.096336364746094,46.59701156616211,9.467000007629395,14.985333442687988,20.836776733398438
2016-07-12,22.198060989379883,97.54000091552734,37.410499572753906,,35.73858642578125,48.814659118652344,47.14636993408203,9.597000122070312,14.976667404174805,20.6145076751709
2016-07-13,22.07274055480957,97.33999633789062,37.131500244140625,,35.55708312988281,48.78376007080078,47.412166595458984,9.642999649047852,14.835332870483398,20.712984085083008
2016-07-14,22.51022720336914,97.69999694824219,37.060001373291016,,35.75395965576172,49.52525329589844,47.61595916748047,9.802000045776367,14.768667221069336,20.735485076904297
2016-07-15,22.507946014404297,97.83000183105469,36.77199935913086,,35.69941329956055,49.571590423583984,47.580535888671875,9.83899974822998,14.69333267211914,20.727048873901367
2016-07-18,22.74720001220703,97.79000091552734,36.80350112915039,,36.39023971557617,49.401668548583984,47.8109016418457,9.880999565124512,15.083333015441895,20.774877548217773
2016-07-19,22.75631332397461,97.79000091552734,36.997501373291016,,36.54794692993164,49.32442855834961,47.0400390625,8.583999633789062,15.017333030700684,20.724233627319336
2016-07-20,22.77682876586914,98.4000015258789,37.2859992980957,,36.75772476196289,49.37849426269531,49.5386848449707,8.791000366210938,15.223999977111816,20.760812759399414
2016-07-21,22.656057357788086,96.33999633789062,37.221500396728516,,36.63075637817383,49.1931266784668,49.44120788574219,8.598999977111816,14.699999809265137,20.684844970703125
2016-07-22,22.480607986450195,98.05999755859375,37.24300003051758,,36.8345947265625,49.46345520019531,50.12347412109375,8.58899974822998,14.817999839782715,20.693286895751953
2016-07-25,22.179834365844727,97.31999969482422,36.980499267578125,,36.68729782104492,49.3321418762207,50.26523208618164,8.765999794006348,15.333999633789062,20.74955940246582
2016-07-26,22.02716827392578,97.91000366210938,36.77949905395508,,36.62034606933594,49.532958984375,50.29182815551758,9.140999794006348,15.300666809082031,20.743932723999023
2016-07-27,23.45812225341797,97.93000030517578,36.833499908447266,,36.78648376464844,49.68745040893555,49.78676223754883,9.204000473022461,15.232666969299316,20.62858009338379
2016-07-28,23.774845123291016,98.44000244140625,37.63050079345703,,36.99180221557617,49.509796142578125,49.80449295043945,9.164999961853027,15.37399959564209,20.606067657470703
2016-07-29,23.745237350463867,97.86000061035156,37.94049835205078,,38.12648010253906,49.40938949584961,50.2209358215332,9.125,15.652667045593262,20.530101776123047
2016-08-01,24.164487838745117,97.72000122070312,38.387001037597656,,38.329322814941406,49.278079986572266,50.1323356628418,9.437000274658203,15.333999633789062,20.757993698120117
2016-08-02,23.80674934387207,96.05000305175781,38.02899932861328,,38.23954772949219,49.162227630615234,50.1323356628418,9.355999946594238,15.146666526794434,20.575122833251953
2016-08-03,24.105241775512695,96.66999816894531,37.731998443603516,,38.34419631958008,49.94233322143555,50.47789764404297,9.3100004196167,15.052666664123535,20.521665573120117
2016-08-04,24.254148483276367,97.08999633789062,38.03850173950195,,38.26633071899414,49.86509323120117,50.850032806396484,9.343999862670898,15.37399959564209,20.62295150756836
2016-08-05,24.62299156188965,99.04000091552734,38.29899978637695,,38.792518615722656,51.20903396606445,51.35507583618164,9.70300006866455,15.335332870483398,20.75237274169922
2016-08-08,24.826887130737305,98.48999786376953,38.327999114990234,,38.76970291137695,51.05457305908203,51.443668365478516,9.51099967956543,15.077333450317383,20.63420295715332
2016-08-09,24.927688598632812,98.87000274658203,38.41550064086914,,38.8936882019043,50.876914978027344,51.56770706176758,9.39900016784668,15.272000312805176,20.69046974182129
2016-08-10,24.74212074279785,100.62000274658203,38.428001403808594,,38.914512634277344,50.42121887207031,51.40822982788086,9.392999649047852,15.043333053588867,20.948257446289062
2016-08-11,24.72608757019043,101.66999816894531,38.5620002746582,,38.92294692993164,50.56024169921875,51.656333923339844,9.58899974822998,14.994000434875488,20.905765533447266
2016-08-12,24.783363342285156,101.04000091552734,38.62799835205078,,38.842105865478516,50.45210647583008,51.33735656738281,9.659000396728516,15.040666580200195,20.93126106262207
2016-08-15,25.0811824798584,100.93000030517578,38.42449951171875,,38.803428649902344,50.76106643676758,51.496826171875,9.531000137329102,15.03933334350586,20.769790649414062
2016-08-16,25.05826759338379,100.5999984741211,38.20199966430664,,38.54057693481445,50.75334167480469,51.21153259277344,9.51200008392334,14.907333374023438,20.64798355102539
2016-08-17,25.02161407470703,99.69999694824219,38.23149871826172,,38.677955627441406,50.89236831665039,51.31852722167969,9.63700008392334,14.88266658782959,20.65931510925293
2016-08-18,24.989545822143555,100.66999816894531,38.222999572753906,,38.55843734741211,50.938697814941406,51.35418701171875,9.616000175476074,14.900667190551758,21.047407150268555
2016-08-19,25.053691864013672,100.31999969482422,37.865501403808594,,38.455284118652344,50.869178771972656,51.37201690673828,9.586999893188477,15.0,20.625320434570312
2016-08-22,24.858966827392578,100.23999786376953,37.9739990234375,,38.29310989379883,50.82284927368164,51.416595458984375,9.526000022888184,14.862000465393066,20.594161987304688
2016-08-23,24.936847686767578,101.13999938964844,38.122501373291016,,38.28964614868164,50.799686431884766,51.61272430419922,9.593999862670898,14.989333152770996,20.387374877929688
2016-08-24,24.748992919921875,101.13999938964844,37.86249923706055,,38.16864013671875,50.938697814941406,51.666236877441406,9.517999649047852,14.841333389282227,20.461021423339844
2016-08-25,24.643613815307617,101.69000244140625,37.96099853515625,,38.15723419189453,51.031394958496094,51.86237716674805,9.732000350952148,14.730667114257812,20.174909591674805
2016-08-26,24.49928855895996,102.05999755859375,38.45000076293945,,38.16368103027344,51.147254943847656,51.73755645751953,9.758000373840332,14.666000366210938,20.152252197265625
2016-08-29,24.47179412841797,102.30000305175781,38.56449890136719,,38.29310989379883,51.71108627319336,51.799964904785156,9.729999542236328,14.346667289733887,20.225900650024414
2016-08-30,24.2839412689209,102.0,38.37900161743164,,38.14136505126953,52.135894775390625,51.61272430419922,9.744999885559082,14.089332580566406,20.200408935546875
2016-08-31,24.30685043334961,102.30999755859375,38.45800018310547,,38.040191650390625,52.135894775390625,51.229366302490234,9.744999885559082,14.133999824523926,20.23723793029785
2016-09-01,24.451181411743164,102.9000015258789,38.53099822998047,,38.1259880065918,51.91191101074219,51.34526824951172,9.73799991607666,13.38466739654541,20.633821487426758
2016-09-02,24.680269241333008,103.56999969482422,38.62200164794922,,38.258907318115234,52.128177642822266,51.416595458984375,9.73799991607666,13.185333251953125,20.537498474121094
2016-09-06,24.67340087890625,103.5,39.44350051879883,,38.68638229370117,52.089576721191406,51.36310577392578,10.008999824523926,13.522000312805176,20.679141998291016
2016-09-07,24.824600219726562,103.0,39.2239990234375,,38.69977951049805,51.8733024597168,51.407676696777344,9.914999961853027,13.447333335876465,20.41286277770996
2016-09-08,24.173969268798828,101.87999725341797,39.202999114990234,,38.450321197509766,51.94279861450195,51.20262145996094,9.965999603271484,13.157333374023438,20.347715377807617
2016-09-09,23.626441955566406,99.37999725341797,38.00699996948242,,37.673702239990234,51.479373931884766,50.11491394042969,9.649999618530273,12.964667320251465,19.914287567138672
2016-09-12,24.155649185180664,100.31999969482422,38.574501037597656,,38.13789367675781,51.79604721069336,50.86381912231445,9.904999732971191,13.220000267028809,20.378868103027344
2016-09-13,24.73067283630371,98.7699966430664,38.050498962402344,,37.67518997192383,51.38668441772461,50.40021514892578,9.609000205993652,13.069999694824219,20.242900848388672
2016-09-14,25.605802536010742,98.79000091552734,38.054500579833984,,37.81404495239258,51.286277770996094,50.15949249267578,9.701000213623047,13.093999862670898,20.259899139404297
2016-09-15,26.476364135742188,99.62000274658203,38.484500885009766,,38.273773193359375,51.47164535522461,50.988643646240234,9.734000205993652,13.361332893371582,20.50917625427246
2016-09-16,26.327449798583984,98.93000030517578,38.92599868774414,,38.130950927734375,50.83830261230469,51.04212951660156,9.947999954223633,13.69333267211914,20.64232063293457
2016-09-19,26.020469665527344,99.68000030517578,38.755001068115234,,37.973243713378906,51.12408447265625,50.75684356689453,9.805999755859375,13.755999565124512,20.421361923217773
2016-09-20,26.01817512512207,100.62000274658203,39.01100158691406,,38.25640869140625,51.332618713378906,50.64986038208008,9.824999809265137,13.642666816711426,20.387374877929688
2016-09-21,26.01359748840332,107.77999877929688,39.48699951171875,,38.49496078491211,51.6260986328125,51.496826171875,9.48799991607666,13.6813325881958,20.44969367980957
2016-09-22,26.25872802734375,107.91999816894531,40.23500061035156,,39.03998565673828,52.050941467285156,51.55033493041992,9.583000183105469,13.76200008392334,20.472349166870117
2016-09-23,25.82115364074707,107.47000122070312,40.287498474121094,,39.02461242675781,51.94279861450195,51.20262145996094,9.593999862670898,13.829999923706055,20.495018005371094
2016-09-26,25.8601016998291,107.26000213623047,39.95800018310547,,38.39527130126953,50.807403564453125,50.73009490966797,9.456000328063965,13.932666778564453,20.288219451904297
2016-09-27,25.908214569091797,109.69999694824219,40.80550003051758,,38.83169174194336,51.25538635253906,51.666236877441406,9.706999778747559,13.720666885375977,20.489355087280273
2016-09-28,26.105228424072266,109.48999786376953,41.43600082397461,,38.75978469848633,51.52571487426758,51.73755645751953,9.748000144958496,13.751333236694336,20.33637809753418
2016-09-29,25.699729919433594,107.80000305175781,41.45249938964844,,38.43495559692383,50.70698928833008,51.175880432128906,9.666999816894531,13.380000114440918,20.036102294921875
2016-09-30,25.899049758911133,108.54000091552734,41.865501403808594,,38.54801940917969,51.43305206298828,51.35418701171875,9.854999542236328,13.60200023651123,20.42986297607422
2016-10-03,25.777626037597656,108.44999694824219,41.83700180053711,,38.31344223022461,51.371246337890625,51.193702697753906,10.262999534606934,14.24666690826416,20.398700714111328
2016-10-04,25.887588500976562,108.38999938964844,41.701499938964844,,38.50537109375,51.814697265625,51.03322982788086,10.234000205993652,14.093999862670898,20.325054168701172
2016-10-05,25.899049758911133,108.80000305175781,42.21799850463867,,38.50735855102539,52.662715911865234,51.38985061645508,10.628000259399414,13.897333145141602,20.302387237548828
2016-10-06,26.091489791870117,108.55999755859375,42.08300018310547,,38.52669906616211,52.80274963378906,51.47901153564453,10.506999969482422,13.399999618530273,19.64802360534668
2016-10-07,26.130430221557617,108.63999938964844,41.971500396728516,,38.43842315673828,52.989479064941406,51.532501220703125,10.482000350952148,13.107333183288574,19.461055755615234
2016-10-10,26.586326599121094,109.23999786376953,42.08549880981445,,38.97700119018555,53.40182113647461,51.74647903442383,10.333000183105469,13.396666526794434,19.257097244262695
2016-10-11,26.643600463867188,107.37000274658203,41.54999923706055,,38.83467102050781,53.14507293701172,50.988643646240234,10.059000015258789,13.34000015258789,19.0899600982666
2016-10-12,26.88186264038086,108.05000305175781,41.704498291015625,,38.98691940307617,53.00503921508789,50.91730880737305,9.949999809265137,13.434000015258789,19.10979652404785
2016-10-13,26.79938507080078,108.01000213623047,41.4640007019043,,38.59265899658203,52.70161437988281,50.7479133605957,10.02299976348877,13.349332809448242,19.327917098999023
2016-10-14,26.948293685913086,107.83999633789062,41.14799880981445,,38.60952377319336,52.530452728271484,51.193702697753906,10.147000312805176,13.100666999816895,19.390243530273438
2016-10-17,26.929977416992188,107.48999786376953,40.647499084472656,,38.68043518066406,52.25816345214844,51.01539993286133,9.979999542236328,12.93066692352295,19.32508087158203
2016-10-18,26.91164207458496,108.41999816894531,40.88249969482422,,39.439205169677734,52.67049789428711,51.407676696777344,11.878999710083008,13.273332595825195,19.509212493896484
2016-10-19,26.831457138061523,108.38999938964844,40.884498596191406,,39.7486686706543,53.176177978515625,51.291770935058594,12.187000274658203,13.570667266845703,19.514877319335938
2016-10-20,26.817710876464844,109.02999877929688,40.51599884033203,,39.52400588989258,53.106178283691406,51.04212951660156,12.335000038146973,13.273332595825195,19.46955108642578
2016-10-21,26.712329864501953,109.02999877929688,40.949501037597656,,39.643035888671875,53.285118103027344,53.19081115722656,12.75,13.339332580566406,19.35907554626465
2016-10-24,26.952882766723633,110.80999755859375,41.90449905395508,,40.324440002441406,53.580772399902344,54.3855094909668,12.732999801635742,13.517333030700684,19.599864959716797
2016-10-25,27.090333938598633,109.02999877929688,41.75899887084961,,40.054649353027344,53.52628707885742,54.3765983581543,12.651000022888184,13.489333152770996,19.64802360534668
2016-10-26,26.48094367980957,107.97000122070312,41.12950134277344,,39.62815475463867,53.783042907714844,54.05562973022461,12.696999549865723,13.482666969299316,19.713171005249023
2016-10-27,26.226654052734375,107.06999969482422,40.917999267578125,,39.443668365478516,53.86083221435547,53.583099365234375,12.647000312805176,13.600666999816895,19.78115463256836
2016-10-28,26.052539825439453,107.5999984741211,38.816001892089844,,39.444664001464844,53.767459869384766,53.37803268432617,12.656999588012695,13.33133316040039,19.82648277282715
2016-10-31,26.011302947998047,107.51000213623047,39.49100112915039,,38.907569885253906,53.884185791015625,53.4226188659668,12.487000465393066,13.182000160217285,19.83498191833496
2016-11-01,25.541662216186523,106.87000274658203,39.27050018310547,,38.861446380615234,53.65856170654297,53.315616607666016,12.329999923706055,12.719332695007324,19.63102149963379
2016-11-02,25.5645694732666,105.88999938964844,38.27799987792969,,38.12202072143555,53.43292999267578,52.985748291015625,12.234000205993652,12.534667015075684,19.67350959777832
2016-11-03,25.290550231933594,107.16999816894531,38.35150146484375,,37.79619216918945,53.19953536987305,52.78961181640625,12.21399974822998,12.494667053222656,19.724504470825195
2016-11-04,25.062580108642578,106.19999694824219,37.752498626708984,,37.790740966796875,52.7171745300293,52.34381866455078,12.20300006866455,12.704000473022461,19.59136199951172
2016-11-07,25.424110412597656,108.66000366210938,39.246498107910156,,38.80739212036133,54.366519927978516,53.868404388427734,12.458000183105469,12.880666732788086,19.766996383666992
2016-11-08,25.573781967163086,108.38999938964844,39.38750076293945,,39.20363998413086,54.48323440551758,53.912986755371094,12.434000015258789,12.996000289916992,19.76982307434082
2016-11-09,25.532337188720703,107.86000061035156,38.59400177001953,,38.94575500488281,56.98839569091797,53.64551544189453,12.218999862670898,12.670666694641113,20.140913009643555
2016-11-10,24.820798873901367,104.08000183105469,37.11899948120117,,37.81752014160156,59.63358688354492,52.334903717041016,11.541999816894531,12.356666564941406,20.22307014465332
2016-11-11,24.968172073364258,103.68000030517578,36.95050048828125,,37.39399719238281,59.66470718383789,52.62020492553711,11.477999687194824,12.570667266845703,20.17774772644043
2016-11-14,24.341838836669922,102.41999816894531,35.95349884033203,,36.504302978515625,61.85866165161133,51.81779861450195,11.338000297546387,12.096667289733887,19.968116760253906
2016-11-15,24.664213180541992,103.66000366210938,37.1619987487793,,37.61567306518555,61.741947174072266,52.84103775024414,11.359000205993652,12.251333236694336,20.2315731048584
2016-11-16,25.327396392822266,104.08000183105469,37.324501037597656,,37.91273498535156,60.21707534790039,53.54117965698242,11.519000053405762,12.26200008392334,20.22307014465332
2016-11-17,25.318180084228516,105.80999755859375,37.81999969482422,,38.24748992919922,60.69944763183594,54.42978286743164,11.503000259399414,12.577333450317383,19.599864959716797
2016-11-18,25.34351348876953,105.0199966430664,38.007999420166016,,37.71734619140625,60.45827102661133,54.16948318481445,11.520999908447266,12.334667205810547,19.415729522705078
2016-11-21,25.728063583374023,105.6500015258789,39.0,,38.14681625366211,60.72278594970703,54.627262115478516,11.795999526977539,12.3013334274292,19.65085792541504
2016-11-22,25.74418067932129,105.20999908447266,39.26649856567383,,38.10070037841797,61.09621047973633,54.86062240600586,11.803999900817871,12.744667053222656,19.86330223083496
2016-11-23,25.61292839050293,104.20999908447266,39.00600051879883,,37.739654541015625,61.35295867919922,54.2143669128418,11.769000053405762,12.87600040435791,20.064437866210938
2016-11-25,25.741884231567383,105.0199966430664,39.01850128173828,,37.77387619018555,61.329612731933594,54.3310432434082,11.741000175476074,13.109999656677246,20.17774772644043
2016-11-28,25.69121551513672,104.5,38.3385009765625,,38.099205017089844,60.93284225463867,54.40286636352539,11.692999839782715,13.074666976928711,20.166406631469727
2016-11-29,25.6658935546875,104.94999694824219,38.125999450683594,,38.2281494140625,61.39963912963867,54.83369064331055,11.75100040435791,12.637999534606934,20.217409133911133
2016-11-30,25.449440002441406,102.80999755859375,37.528499603271484,,37.593360900878906,62.372154235839844,54.08869552612305,11.699999809265137,12.626667022705078,19.951122283935547
2016-12-01,25.21225357055664,99.51000213623047,37.182498931884766,,37.09148025512695,63.63249206542969,53.13726043701172,11.722000122070312,12.125332832336426,20.01911163330078
2016-12-02,25.306669235229492,99.7300033569336,37.016998291015625,,37.21942901611328,63.484676361083984,53.18212890625,12.081000328063965,12.097999572753906,20.07859992980957
2016-12-05,25.124752044677734,101.94999694824219,37.96799850463867,,37.8155403137207,64.77617645263672,54.05280303955078,11.916000366210938,12.453332901000977,19.81231689453125
2016-12-06,25.318180084228516,101.55000305175781,38.236000061035156,,37.646427154541016,65.11067962646484,53.81045150756836,12.456999778747559,12.390000343322754,19.931293487548828
2016-12-07,25.566879272460938,103.36000061035156,38.520999908447266,,38.24551010131836,65.40633392333984,55.085018157958984,12.538999557495117,12.876667022705078,20.142412185668945
2016-12-08,25.817869186401367,103.5,38.36650085449219,,38.50487518310547,66.22322845458984,54.76189422607422,12.324000358581543,12.81933307647705,20.068239212036133
2016-12-09,26.239259719848633,104.30999755859375,38.43299865722656,,39.14314270019531,66.51109313964844,55.62356948852539,12.288000106811523,12.812000274658203,19.994062423706055
2016-12-12,26.089584350585938,105.16000366210938,38.00600051879883,,39.142147064208984,65.91983032226562,55.803096771240234,12.282999992370605,12.828666687011719,20.447694778442383
2016-12-13,26.524799346923828,106.1500015258789,38.71699905395508,,39.480865478515625,65.9431381225586,56.530147552490234,12.378000259399414,13.210000038146973,20.484779357910156
2016-12-14,26.524799346923828,105.80999755859375,38.441001892089844,,39.52897262573242,65.91983032226562,56.2608642578125,12.343999862670898,13.246000289916992,20.353546142578125
2016-12-15,26.66986846923828,105.0999984741211,38.04999923706055,,39.56765365600586,66.90788269042969,56.171112060546875,12.5,13.17199993133545,20.279361724853516
2016-12-16,26.70441246032715,103.55000305175781,37.88850021362305,,39.21802520751953,66.08318328857422,55.91978073120117,12.42199993133545,13.499333381652832,20.25083351135254
2016-12-19,26.858684539794922,105.29000091552734,38.29999923706055,,39.38663864135742,66.46439361572266,57.104591369628906,12.545000076293945,13.51533317565918,20.422016143798828
2016-12-20,26.930070877075195,105.7699966430664,38.56100082397461,,39.496734619140625,67.32020568847656,57.03279113769531,12.51200008392334,13.919333457946777,20.49048614501953
2016-12-21,26.95540428161621,105.51000213623047,38.529998779296875,,39.40449142456055,67.4913558959961,57.03279113769531,12.649999618530273,13.846667289733887,20.32501983642578
2016-12-22,26.778093338012695,104.72000122070312,38.31700134277344,,39.2408332824707,67.60028076171875,57.0417594909668,12.557999610900879,13.896666526794434,19.854257583618164
2016-12-23,26.831052780151367,105.0199966430664,38.02949905395508,,39.17388153076172,67.72477722167969,56.763519287109375,12.559000015258789,14.22266674041748,19.839990615844727
2016-12-27,27.001455307006836,104.9800033569336,38.56999969482422,,39.25522232055664,67.7870101928711,56.799400329589844,12.835000038146973,14.635333061218262,19.885643005371094
2016-12-28,26.88632583618164,103.7699966430664,38.60649871826172,,38.932865142822266,67.29686737060547,56.53912353515625,12.58899974822998,14.649333000183105,19.77437973022461
2016-12-29,26.879413604736328,103.68000030517578,38.25749969482422,,38.82078170776367,66.82229614257812,56.45833206176758,12.532999992370605,14.312000274658203,19.760108947753906
2016-12-30,26.66986846923828,102.94999694824219,37.493499755859375,,38.27675247192383,67.13348388671875,55.77615737915039,12.380000114440918,14.246000289916992,19.720172882080078
2017-01-03,26.745853424072266,103.4800033569336,37.68349838256836,,38.98691940307617,67.86479949951172,56.171112060546875,12.74899959564209,14.465999603271484,19.58892822265625
2017-01-04,26.71592140197754,104.13999938964844,37.85900115966797,,39.02461242675781,67.98998260498047,55.91978073120117,12.940999984741211,15.13266658782959,19.70305061340332
2017-01-05,26.85178565979004,105.91000366210938,39.022499084472656,,39.377716064453125,67.36412811279297,55.91978073120117,13.180999755859375,15.116666793823242,19.745845794677734
2017-01-06,27.151134490966797,108.30000305175781,39.79949951171875,,39.97927474975586,67.3719711303711,56.40447235107422,13.107000350952148,15.267333030700684,19.474802017211914
2017-01-09,27.399822235107422,108.56999969482422,39.84600067138672,,40.004066467285156,67.41889190673828,56.2249641418457,13.095000267028809,15.41866683959961,19.603195190429688
2017-01-10,27.427446365356445,108.26000213623047,39.79499816894531,,39.911827087402344,67.6144790649414,56.20701217651367,12.98900032043457,15.324666976928711,19.46624755859375
2017-01-11,27.5748233795166,108.98999786376953,39.95100021362305,,40.066558837890625,68.12297058105469,56.718631744384766,13.050000190734863,15.315333366394043,19.551837921142578
2017-01-12,27.459692001342773,108.58999633789062,40.68199920654297,,39.989681243896484,67.4658203125,56.198028564453125,12.918000221252441,15.305999755859375,19.392072677612305
2017-01-13,27.411333084106445,108.52999877929688,40.856998443603516,,40.06507110595703,67.82569122314453,56.27881622314453,13.369999885559082,15.850000381469727,19.152420043945312
2017-01-17,27.632394790649414,108.0,40.486000061035156,,39.90290069580078,65.36144256591797,56.126224517822266,13.288999557495117,15.70533275604248,19.520458221435547
2017-01-18,27.630090713500977,108.79000091552734,40.374000549316406,,39.97530746459961,65.66653442382812,56.09929656982422,13.326000213623047,15.890666961669922,19.432016372680664
2017-01-19,27.581735610961914,109.79000091552734,40.45199966430664,,39.782142639160156,65.1658706665039,55.91978073120117,13.840999603271484,16.250667572021484,19.292221069335938
2017-01-20,27.632394790649414,110.70999908447266,40.416500091552734,,39.92323303222656,65.45532989501953,56.31472396850586,13.859999656677246,16.315332412719727,19.166685104370117
2017-01-23,27.650815963745117,110.97000122070312,40.89400100708008,,40.63191223144531,65.48661804199219,56.512176513671875,13.73900032043457,16.594667434692383,19.015470504760742
2017-01-24,27.625492095947266,113.72000122070312,41.12200164794922,,40.85805892944336,66.2767333984375,57.01483917236328,14.01099967956543,16.974000930786133,19.22945213317871
2017-01-25,28.0653018951416,114.25,41.82600021362305,,41.44325637817383,67.30155181884766,57.1584587097168,13.95199966430664,16.96466636657715,19.08394432067871
2017-01-26,28.079120635986328,112.87999725341797,41.95750045776367,,41.2686882019043,67.86478424072266,57.68802261352539,13.895999908447266,16.833999633789062,19.03829574584961
2017-01-27,28.081417083740234,113.98999786376953,41.78850173950195,,40.830284118652344,68.00559997558594,59.04338455200195,14.244999885559082,16.863332748413086,18.733022689819336
2017-01-30,28.007734298706055,113.81999969482422,41.51900100708008,,39.78933334350586,67.30155181884766,58.45995330810547,14.121999740600586,16.708667755126953,18.949851989746094
2017-01-31,27.943260192871094,113.37999725341797,41.17399978637695,,39.515079498291016,66.2063217163086,58.02911376953125,14.071000099182129,16.795333862304688,19.041147232055664
2017-02-01,29.64725112915039,113.36000061035156,41.61750030517578,,39.46078109741211,66.45663452148438,57.06869125366211,14.07800006866455,16.615999221801758,18.895647048950195
2017-02-02,29.596601486206055,113.16000366210938,41.997501373291016,,39.60136795043945,66.17501831054688,56.7006721496582,13.920000076293945,16.770000457763672,19.029739379882812
2017-02-03,29.723247528076172,115.16999816894531,40.5099983215332,,39.7481689453125,68.201171875,57.1584587097168,14.024999618530273,16.755332946777344,18.97267723083496
2017-02-06,30.001867294311523,114.45999908447266,40.38199996948242,,39.74073028564453,67.88043212890625,57.12255859375,14.097000122070312,17.184667587280273,18.944149017333984
2017-02-07,30.28740882873535,114.95999908447266,40.625,,40.01993942260742,67.8413314819336,56.93406295776367,14.399999618530273,17.165332794189453,19.08394432067871
2017-02-08,30.40484046936035,116.12999725341797,40.98550033569336,,40.08987045288086,67.24678802490234,56.853271484375,14.473999977111816,17.472000122070312,19.346420288085938
2017-02-09,30.624547958374023,116.44000244140625,41.06800079345703,,40.148380279541016,68.21683502197266,57.49953842163086,14.413999557495117,17.946666717529297,19.70876121520996
2017-02-10,30.55516815185547,116.8499984741211,41.37300109863281,,40.35220718383789,68.06039428710938,57.4456901550293,14.482000350952148,17.948667526245117,19.40633201599121
2017-02-13,30.825740814208984,117.6500015258789,41.826499938964844,,40.628448486328125,68.96002960205078,58.0919303894043,14.319999694824219,18.706666946411133,19.33501434326172
2017-02-14,31.225849151611328,117.58000183105469,41.81949996948242,,40.68844985961914,70.06305694580078,58.308685302734375,14.081999778747559,18.73200035095215,19.58892822265625
2017-02-15,31.339162826538086,118.7300033569336,42.1349983215332,,40.61555099487305,70.86885070800781,58.27253723144531,14.22700023651123,18.650667190551758,19.597490310668945
2017-02-16,31.302169799804688,118.93000030517578,42.207000732421875,,40.872440338134766,70.8219223022461,58.26351547241211,14.201000213623047,17.93000030517578,19.64884376525879
2017-02-17,31.387727737426758,119.66999816894531,42.253501892089844,,41.066349029541016,70.58723449707031,58.35382843017578,14.222000122070312,18.148666381835938,19.791500091552734
2017-02-21,31.614376068115234,119.62999725341797,42.821998596191406,,41.244384765625,71.19741821289062,58.236427307128906,14.260000228881836,18.492666244506836,20.384933471679688
2017-02-22,31.709196090698242,119.47000122070312,42.78049850463867,,41.19975280761719,71.23653411865234,58.11904525756836,14.38599967956543,18.233999252319336,20.4591064453125
2017-02-23,31.57505989074707,118.83000183105469,42.609500885009766,,41.22801971435547,71.29129028320312,58.35382843017578,14.277999877929688,17.06599998474121,20.344982147216797
2017-02-24,31.605127334594727,119.30999755859375,42.262001037597656,,41.09461212158203,70.66544342041016,58.35382843017578,14.324999809265137,17.133333206176758,20.653108596801758
2017-02-27,31.667556762695312,118.77999877929688,42.43199920654297,,41.1263542175293,70.74369049072266,58.00164031982422,14.340999603271484,16.415332794189453,20.467670440673828
2017-02-28,31.681447982788086,118.33999633789062,42.25199890136719,,40.8253288269043,70.892333984375,57.775882720947266,14.213000297546387,16.666000366210938,20.23656463623047
2017-03-01,32.3289909362793,120.3499984741211,42.65399932861328,,41.42192840576172,73.22357940673828,58.64278793334961,14.265000343322754,16.667999267578125,20.09962272644043
2017-03-02,32.13704299926758,119.9000015258789,42.445499420166016,,41.19330978393555,72.08142852783203,57.8029670715332,13.95300006866455,16.698667526245117,20.188066482543945
2017-03-03,32.32667922973633,120.04000091552734,42.49399948120117,,41.11643600463867,72.5977554321289,58.019710540771484,13.913999557495117,16.771333694458008,19.979793548583984
2017-03-06,32.22492980957031,120.1500015258789,42.330501556396484,,41.051963806152344,71.9093246459961,58.03775405883789,14.194000244140625,16.747333526611328,19.937000274658203
2017-03-07,32.266571044921875,119.9800033569336,42.30099868774414,,41.25678634643555,71.51036071777344,58.155155181884766,14.142999649047852,16.57266616821289,19.93414878845215
2017-03-08,32.14628982543945,119.5999984741211,42.525001525878906,,41.428375244140625,71.3538818359375,58.68793869018555,14.031999588012695,16.45800018310547,20.060606002807617
2017-03-09,32.07229232788086,119.91000366210938,42.650001525878906,,41.59252166748047,71.6355209350586,58.453155517578125,14.053000450134277,16.32666778564453,20.077842712402344
2017-03-10,32.17866897583008,121.08999633789062,42.62300109863281,,41.81916427612305,71.40863800048828,58.63378143310547,14.08899974822998,16.246000289916992,20.146818161010742
2017-03-13,32.19253921508789,121.80000305175781,42.72949981689453,,41.93273162841797,71.47122192382812,58.43510437011719,14.35200023651123,16.411333084106445,20.10371208190918
2017-03-14,32.14398193359375,121.44000244140625,42.62649917602539,,41.93669891357422,71.58857727050781,58.16419219970703,14.319000244140625,17.200000762939453,20.325016021728516
2017-03-15,32.48395538330078,122.11000061035156,42.64849853515625,,42.01506805419922,71.76067352294922,58.471221923828125,14.524999618530273,17.048667907714844,20.284774780273438
2017-03-16,32.53714370727539,122.3499984741211,42.67100143432617,,42.093406677246094,71.69027709960938,58.371891021728516,14.439000129699707,17.469999313354492,20.24454116821289
2017-03-17,32.375247955322266,127.01000213623047,42.615501403808594,,42.25905990600586,70.93925476074219,58.579566955566406,14.51099967956543,17.433332443237305,20.086469650268555
2017-03-20,32.715213775634766,126.30999755859375,42.8484992980957,,42.07456970214844,70.43074798583984,58.63378143310547,14.583000183105469,17.461332321166992,20.11233139038086
2017-03-21,32.34054946899414,125.06999969482422,42.15999984741211,,41.184871673583984,68.365478515625,57.98357391357422,14.241999626159668,16.711999893188477,20.089344024658203
2017-03-22,32.70597457885742,126.20999908447266,42.40299987792969,,41.141727447509766,68.47500610351562,58.72407150268555,14.265000343322754,17.000667572021484,20.189929962158203
2017-03-23,32.59033966064453,126.87000274658203,42.36899948120117,,40.54612350463867,68.365478515625,58.579566955566406,14.184000015258789,16.985332489013672,20.077842712402344
2017-03-24,32.52558898925781,127.69999694824219,42.28049850463867,,40.3899040222168,68.2872543334961,58.67891311645508,14.20199966430664,17.54400062561035,20.005996704101562
2017-03-27,32.58106994628906,128.25,42.340999603271484,,40.64182662963867,68.24815368652344,58.78727722167969,14.406000137329102,18.014667510986328,20.020370483398438
2017-03-28,33.25639724731445,128.69000244140625,42.79999923706055,,40.711761474609375,69.31207275390625,58.95885467529297,14.517000198364258,18.496667861938477,20.210052490234375
2017-03-29,33.33038330078125,129.5800018310547,43.715999603271484,,41.23198699951172,69.05390930175781,59.121395111083984,14.647000312805176,18.492000579833984,20.330760955810547
2017-03-30,33.28645324707031,129.61000061035156,43.81700134277344,,41.2364501953125,69.64846801757812,59.338138580322266,14.805999755859375,18.527999877929688,20.575056076049805
2017-03-31,33.2239990234375,130.1300048828125,44.32699966430664,,41.14024353027344,68.71751403808594,59.47357940673828,14.781000137329102,18.553333282470703,20.715877532958984
2017-04-03,33.23326873779297,129.58999633789062,44.57550048828125,,41.586082458496094,68.46717834472656,59.19365310668945,14.692000389099121,19.90133285522461,20.644031524658203
2017-04-04,33.480716705322266,130.0399932861328,45.34149932861328,,41.38869857788086,68.69534301757812,59.356197357177734,14.550000190734863,20.246667861938477,20.69576072692871
2017-04-05,33.30725860595703,129.88999938964844,45.4640007019043,,41.23198699951172,67.81415557861328,59.202674865722656,14.362000465393066,19.666667938232422,20.592296600341797
2017-04-06,33.2239990234375,130.14999389648438,44.91400146484375,,41.05692672729492,68.04230499267578,59.356197357177734,14.37399959564209,19.913333892822266,20.529069900512695
2017-04-07,33.14999008178711,130.22000122070312,44.74399948120117,,40.89773178100586,67.8062744140625,59.311038970947266,14.310999870300293,20.16933250427246,20.951547622680664
2017-04-10,33.11068344116211,130.16000366210938,45.35200119018555,,40.90070724487305,67.57023620605469,59.175594329833984,14.385000228881836,20.826000213623047,20.997529983520508
2017-04-11,32.7545280456543,129.9499969482422,45.11800003051758,,40.832275390625,67.45219421386719,59.13043975830078,14.4350004196167,20.58066749572754,21.103864669799805
2017-04-12,32.793861389160156,129.3800048828125,44.811500549316406,,40.880374908447266,67.19258117675781,58.904693603515625,14.383000373840332,19.78933334350586,21.106740951538086
2017-04-13,32.620391845703125,129.0500030517578,44.23350143432617,,40.84268569946289,66.40576934814453,58.651832580566406,14.291999816894531,20.266666412353516,21.023395538330078
2017-04-17,32.80078125,129.99000549316406,45.0994987487793,,41.517642974853516,67.55448913574219,59.13043975830078,14.725000381469727,20.09600067138672,21.12111473083496
2017-04-18,32.65509033203125,129.80999755859375,45.18899917602539,,41.50028991699219,67.00373840332031,59.049156188964844,14.336000442504883,20.016666412353516,21.236072540283203
2017-04-19,32.53482437133789,130.22000122070312,44.959999084472656,,41.569217681884766,66.45296478271484,58.73310089111328,13.97599983215332,20.368000030517578,21.287813186645508
2017-04-20,32.94184875488281,131.4199981689453,45.10300064086914,,41.73981857299805,67.31057739257812,59.14847946166992,14.118000030517578,20.167333602905273,21.49760627746582
2017-04-21,32.90253448486328,131.52000427246094,44.92649841308594,,41.816192626953125,66.50018310546875,59.96123123168945,14.286999702453613,20.373332977294922,21.537837982177734
2017-04-24,33.21938705444336,132.88999938964844,45.37049865722656,,42.78672409057617,68.8448486328125,60.98163604736328,14.383000373840332,20.53533363342285,21.49185562133789
2017-04-25,33.425209045410156,133.49000549316406,45.38100051879883,,43.25984191894531,69.44279479980469,61.33381271362305,15.215999603271484,20.91933250427246,21.569459915161133
2017-04-26,33.228633880615234,132.7899932861328,45.464500427246094,,43.23157501220703,69.5765609741211,61.25255584716797,15.017000198364258,20.67799949645996,21.67867088317871
2017-04-27,33.25407028198242,133.3800048828125,45.91899871826172,,43.356544494628906,68.93140411376953,61.649871826171875,15.307999610900879,20.575332641601562,21.681547164916992
2017-04-28,33.221702575683594,133.74000549316406,46.2495002746582,,44.929134368896484,68.45144653320312,61.821449279785156,15.220000267028809,20.937999725341797,21.606822967529297
2017-05-01,33.89930725097656,135.11000061035156,47.4114990234375,,45.25694274902344,68.49864959716797,62.679344177246094,15.53499984741211,21.52199935913086,21.621192932128906
2017-05-02,34.114383697509766,135.0,47.34700012207031,,45.44886779785156,68.05802917480469,62.580013275146484,15.645000457763672,21.25933265686035,21.704544067382812
2017-05-03,34.01031494140625,134.85000610351562,47.05149841308594,,45.974552154541016,68.45144653320312,62.38134765625,15.559000015258789,20.73466682434082,21.773513793945312
2017-05-04,33.88774871826172,134.61000061035156,46.87649917602539,,46.203670501708984,68.53011322021484,62.137535095214844,15.725000381469727,19.69733238220215,21.94020652770996
2017-05-05,34.4497184753418,134.83999633789062,46.70750045776367,,45.97901153564453,68.45144653320312,62.309078216552734,15.65999984741211,20.55666732788086,21.98619270324707
2017-05-08,35.3863639831543,135.1199951171875,47.45199966430664,,46.334598541259766,68.53011322021484,62.25490188598633,15.637999534606934,20.479333877563477,21.87697982788086
2017-05-09,35.61301040649414,135.60000610351562,47.64099884033203,,46.228965759277344,68.2547378540039,62.345237731933594,15.746000289916992,21.417333602905273,22.049413681030273
2017-05-10,35.44417190551758,136.14999389648438,47.4474983215332,,46.06084442138672,68.789794921875,62.589012145996094,16.027999877929688,21.681333541870117,22.19118881225586
2017-05-11,35.75071334838867,136.2899932861328,47.38100051879883,,46.151100158691406,68.57733917236328,61.821449279785156,15.854000091552734,21.540000915527344,22.026275634765625
2017-05-12,36.24998474121094,136.83999633789062,48.067501068115234,,46.231441497802734,68.38848876953125,61.74922561645508,16.08099937438965,21.65399932861328,21.904762268066406
2017-05-15,36.1571044921875,137.60000610351562,47.89849853515625,,46.47246551513672,68.71894836425781,61.794349670410156,16.00200080871582,21.058666229248047,22.07256317138672
2017-05-16,36.103694915771484,138.02999877929688,48.30350112915039,,46.76605224609375,68.93140411376953,63.03861999511719,15.940999984741211,21.134000778198242,21.73116111755371
2017-05-17,34.89148712158203,134.3300018310547,47.237998962402344,,45.6065788269043,66.3034896850586,61.285789489746094,15.319999694824219,20.407333374023438,21.734054565429688
2017-05-18,35.423274993896484,134.5399932861328,47.92449951171875,,46.13325119018555,66.0595703125,61.49467086791992,15.569999694824219,20.87066650390625,22.434223175048828
2017-05-19,35.544036865234375,136.42999267578125,47.992000579833984,,46.320213317871094,66.70476531982422,61.47648620605469,15.70199966430664,20.722000122070312,22.79008674621582
2017-05-22,35.760009765625,138.86000061035156,48.53350067138672,,46.70951843261719,66.64181518554688,62.16674041748047,15.715999603271484,20.690000534057617,22.726438522338867
2017-05-23,35.715877532958984,139.52000427246094,48.57699966430664,,47.054683685302734,67.47581481933594,62.375633239746094,15.795000076293945,20.257333755493164,22.709081649780273
2017-05-24,35.60905838012695,141.1199951171875,49.01750183105469,,47.359188079833984,67.43646240234375,62.457366943359375,15.774999618530273,20.681333541870117,22.610706329345703
2017-05-25,35.73213195800781,142.85000610351562,49.66899871826172,,48.08224868774414,67.15324401855469,63.229331970214844,16.30500030517578,21.121999740600586,22.656997680664062
2017-05-26,35.67176818847656,141.88999938964844,49.78900146484375,,48.17796325683594,67.16109466552734,63.53811264038086,16.243000030517578,21.676000595092773,22.604923248291016
2017-05-30,35.68569564819336,142.41000366210938,49.834999084472656,,48.396663665771484,66.01236724853516,63.94683837890625,16.32200050354004,22.34000015258789,22.610706329345703
2017-05-31,35.474369049072266,141.86000061035156,49.73099899291992,,47.850154876708984,64.63548278808594,63.42913818359375,16.30699920654297,22.733999252319336,22.740907669067383
2017-06-01,35.5719108581543,141.3800048828125,49.79750061035156,,47.95379638671875,65.3514633178711,63.66529846191406,16.298999786376953,22.691333770751953,23.090986251831055
2017-06-02,36.099063873291016,143.47999572753906,50.33649826049805,,48.38277816772461,65.02100372314453,65.17290496826172,16.51799964904785,22.656667709350586,23.036012649536133
2017-06-05,35.74607467651367,143.58999633789062,50.56700134277344,,48.78348922729492,65.13904571533203,65.64517211914062,16.506000518798828,23.154666900634766,23.22117805480957
2017-06-06,35.86682891845703,143.02999877929688,50.150001525878906,,48.43088150024414,65.27279663085938,65.8631362915039,16.517000198364258,23.523332595825195,22.836376190185547
2017-06-07,36.080474853515625,143.6199951171875,50.503501892089844,,48.647605895996094,66.02025604248047,65.7450942993164,16.56100082397461,23.976667404174805,22.9000301361084
2017-06-08,35.99222946166992,142.6300048828125,50.51350021362305,,48.770103454589844,66.83849334716797,65.34547424316406,16.58799934387207,24.666667938232422,22.836376190185547
2017-06-09,34.59656524658203,138.0500030517578,48.91550064086914,,47.104774475097656,68.41998291015625,63.8651008605957,15.803000450134277,23.821332931518555,22.9781494140625
2017-06-12,33.76985168457031,137.25,48.24549865722656,,46.7610969543457,68.43572998046875,63.3746337890625,15.144000053405762,23.93400001525879,22.92607307434082
2017-06-13,34.04155731201172,139.08999633789062,49.03950119018555,,47.28181838989258,68.66389465332031,64.16478729248047,15.272000312805176,25.06333351135254,23.007081985473633
2017-06-14,33.7094841003418,138.25,48.82350158691406,,47.15089416503906,68.52225494384766,63.819664001464844,15.220000267028809,25.37733268737793,23.11702537536621
2017-06-15,33.5074462890625,137.52000427246094,48.208499908447266,,46.731834411621094,68.11312103271484,63.48363494873047,15.175999641418457,25.022666931152344,22.830596923828125
2017-06-16,33.0383415222168,137.83999633789062,49.385501861572266,,46.60636520385742,67.8062744140625,63.5744743347168,15.23799991607666,24.760000228881836,21.768774032592773
2017-06-19,33.983497619628906,140.35000610351562,49.75849914550781,,47.478702545166016,69.29331970214844,64.3646240234375,15.34000015258789,24.65333366394043,21.844003677368164
2017-06-20,33.674644470214844,140.91000366210938,49.62950134277344,,47.14445114135742,68.8605728149414,63.49272918701172,15.204999923706055,24.81599998474121,21.855567932128906
2017-06-21,33.87435531616211,144.24000549316406,50.11149978637695,,47.58185577392578,68.54586791992188,63.819664001464844,15.503000259399414,25.093332290649414,22.058095932006836
2017-06-22,33.818626403808594,143.69000244140625,50.064998626708984,,47.46481704711914,68.46717834472656,63.810569763183594,15.48900032043457,25.507333755493164,21.84978675842285
2017-06-23,33.96955490112305,145.41000366210938,50.1870002746582,,47.886356353759766,68.3412857055664,64.67340087890625,15.802000045776367,25.56333351135254,21.653043746948242
2017-06-26,33.86274337768555,144.9600067138672,49.69900131225586,,47.22577667236328,68.64029693603516,64.05580139160156,15.75,25.166000366210938,21.844003677368164
2017-06-27,33.37739562988281,142.5399932861328,48.8390007019043,,45.98893356323242,69.27760314941406,62.85698699951172,15.102999687194824,24.158000946044922,21.99155616760254
2017-06-28,33.86507034301758,143.80999755859375,49.51649856567383,,46.64157485961914,70.67022705078125,63.392826080322266,15.340999603271484,24.749332427978516,22.136213302612305
2017-06-29,33.36579513549805,141.24000549316406,48.79650115966797,,45.51581954956055,71.7166519165039,62.20306396484375,15.008999824523926,24.049999237060547,21.968408584594727
2017-06-30,33.444740295410156,141.44000244140625,48.400001525878906,,45.066505432128906,71.9133529663086,62.60268020629883,14.940999984741211,24.107332229614258,21.896080017089844
2017-07-03,33.323978424072266,138.41000366210938,47.68299865722656,,44.569087982177734,73.37696075439453,61.912445068359375,14.616999626159668,23.507999420166016,21.803491592407227
2017-07-05,33.46100616455078,141.2100067138672,48.56999969482422,,45.21428680419922,74.11268615722656,62.73891067504883,14.76099967956543,21.805999755859375,21.791919708251953
2017-07-06,33.14516830444336,140.75,48.25699996948242,,44.96533966064453,73.87533569335938,62.27571487426758,14.625,20.588666915893555,21.835317611694336
2017-07-07,33.48190689086914,142.22000122070312,48.9379997253418,,45.55549240112305,74.24716186523438,63.08403396606445,15.017999649047852,20.881332397460938,21.794811248779297
2017-07-10,33.68625259399414,143.33999633789062,49.82350158691406,,46.06183624267578,73.72503662109375,63.55628967285156,15.267000198364258,21.06999969482422,21.187236785888672
2017-07-11,33.7953987121582,142.92999267578125,49.70650100708008,,46.12580871582031,73.44023895263672,63.565364837646484,15.432999610900879,21.814666748046875,21.256668090820312
2017-07-12,33.84416580200195,145.91000366210938,50.32550048828125,,46.80721664428711,73.18706512451172,64.61890411376953,15.875,21.968000411987305,21.392650604248047
2017-07-13,34.31557083129883,145.0500030517578,50.03150177001953,,46.97235870361328,73.6538314819336,65.18197631835938,15.821000099182129,21.560667037963867,21.71380043029785
2017-07-14,34.61049270629883,146.16000366210938,50.09049987792969,,47.4102668762207,72.98138427734375,66.09925842285156,16.11199951171875,21.851999282836914,22.087032318115234
2017-07-17,34.73127365112305,146.39999389648438,50.50199890136719,,47.28281021118164,72.3010025024414,66.6169662475586,16.170000076293945,21.30466651916504,22.095712661743164
2017-07-18,34.85202407836914,147.88999938964844,51.22249984741211,,47.87693405151367,72.04785919189453,66.57154846191406,18.360000610351562,21.882667541503906,22.046527862548828
2017-07-19,35.07030487060547,148.9199981689453,51.34349822998047,,48.14919662475586,72.15069580078125,67.08013153076172,18.38599967956543,21.68400001525879,21.951045989990234
2017-07-20,34.91239547729492,149.94000244140625,51.435001373291016,,48.01331329345703,72.15069580078125,67.40708923339844,18.360000610351562,21.994667053222656,21.994449615478516
2017-07-21,34.896141052246094,149.52000427246094,51.28350067138672,,48.24987030029297,71.90544128417969,67.01655578613281,18.854000091552734,21.893333435058594,22.03205680847168
2017-07-24,35.318782806396484,149.52999877929688,51.9474983215332,,48.61785125732422,72.21398162841797,66.84400177001953,18.791000366210938,22.834667205810547,22.246152877807617
2017-07-25,35.469722747802734,148.2100067138672,51.993499755859375,,47.14792251586914,73.41649627685547,67.37985229492188,18.69700050354004,22.639999389648438,22.717763900756836
2017-07-26,35.636932373046875,149.77999877929688,52.63999938964844,,47.00410461425781,72.72821044921875,67.25270080566406,18.908000946044922,22.92333221435547,22.82769775390625
2017-07-27,34.963478088378906,146.1999969482422,52.29999923706055,,46.32417678833008,72.42760467529297,66.44437408447266,18.26799964904785,22.297332763671875,23.082305908203125
2017-07-28,34.717315673828125,146.72999572753906,51.00199890136719,,46.693153381347656,72.21398162841797,66.33541107177734,18.40399932861328,22.33799934387207,23.090986251831055
2017-07-31,34.53850555419922,146.49000549316406,49.388999938964844,,46.146141052246094,72.6253662109375,66.02662658691406,18.166000366210938,21.564666748046875,23.14306640625
2017-08-01,34.84504318237305,147.36000061035156,49.80950164794922,,46.162506103515625,73.59844970703125,65.9176254272461,18.202999114990234,21.30466651916504,23.290618896484375
2017-08-02,36.491493225097656,147.1300048828125,49.794498443603516,,46.140689849853516,73.66175079345703,65.62699890136719,18.073999404907227,21.72599983215332,23.299297332763672
2017-08-03,36.12691879272461,147.7899932861328,49.34600067138672,,45.806427001953125,73.1791763305664,65.5271224975586,17.92300033569336,23.139333724975586,23.397672653198242
2017-08-04,36.31734085083008,147.7100067138672,49.37900161743164,,46.02017593383789,74.09687042236328,66.00846862792969,18.027000427246094,23.79400062561035,23.28483772277832
2017-08-07,36.87932586669922,148.44000244140625,49.61349868774414,,46.08960723876953,74.38167572021484,65.75415802001953,18.132999420166016,23.67799949645996,23.51629638671875
2017-08-08,37.17424392700195,147.80999755859375,49.492000579833984,,45.962154388427734,74.11268615722656,66.10836029052734,17.836000442504883,24.347999572753906,23.605989456176758
2017-08-09,37.40181350708008,148.35000610351562,49.10049819946289,,45.76923751831055,73.99403381347656,65.8177261352539,17.577999114990234,24.235332489013672,23.760290145874023
2017-08-10,36.210514068603516,144.9199981689453,47.84600067138672,,44.99261474609375,72.93390655517578,64.85501861572266,16.913999557495117,23.69333267211914,23.483707427978516
2017-08-11,36.71406173706055,146.47000122070312,48.39950180053711,,45.347206115722656,72.32472229003906,65.84496307373047,17.139999389648438,23.857999801635742,23.408000946044922
2017-08-14,37.266605377197266,149.16000366210938,49.165000915527344,,45.75782775878906,73.17125701904297,66.83490753173828,17.100000381469727,24.253332138061523,23.495351791381836
2017-08-15,37.674591064453125,150.36000061035156,49.137001037597656,,45.735511779785156,73.36111450195312,66.85316467285156,16.850000381469727,24.155332565307617,23.515731811523438
2017-08-16,37.52305221557617,151.8000030517578,48.909000396728516,,45.970584869384766,72.85480499267578,67.24578094482422,16.99799919128418,24.194000244140625,23.576868057250977
2017-08-17,36.80266189575195,148.22999572753906,48.028499603271484,,45.1780891418457,71.71556854248047,66.1044921875,16.608999252319336,23.461332321166992,23.204208374023438
2017-08-18,36.71873474121094,147.97000122070312,47.923500061035156,,45.1627197265625,71.78677368164062,66.1866226196289,16.65399932861328,23.163999557495117,23.090660095214844
2017-08-21,36.65113067626953,149.25999450683594,47.66450119018555,,44.96384811401367,71.69975280761719,65.87622833251953,16.676000595092773,22.52400016784668,23.207117080688477
2017-08-22,37.250282287597656,152.25,48.345001220703125,,45.85800552368164,72.43551635742188,66.79838562011719,16.93400001525879,22.75666618347168,23.29737091064453
2017-08-23,37.29690933227539,151.10000610351562,47.900001525878906,,45.972564697265625,72.52253723144531,66.39663696289062,16.9060001373291,23.51799964904785,23.2799015045166
2017-08-24,37.13139343261719,150.80999755859375,47.622501373291016,,45.68889236450195,72.40386199951172,66.36925506591797,16.812999725341797,23.528667449951172,22.808246612548828
2017-08-25,37.268943786621094,151.4499969482422,47.26300048828125,,45.42158889770508,72.69657135009766,66.4879379272461,16.594999313354492,23.203332901000977,22.892677307128906
2017-08-28,37.644283294677734,151.7899932861328,47.30099868774414,,45.31843566894531,72.46714782714844,66.49710083007812,16.711999893188477,23.04400062561035,22.717992782592773
2017-08-29,37.980010986328125,152.13999938964844,47.702999114990234,,45.68939208984375,72.07157135009766,66.69796752929688,16.881000518798828,23.157333374023438,22.933439254760742
2017-08-30,38.08257293701172,153.6699981689453,48.37950134277344,,46.10002517700195,72.23772430419922,67.57450103759766,17.4689998626709,23.545333862304688,22.866479873657227
2017-08-31,38.234100341796875,155.16000366210938,49.029998779296875,,46.584049224853516,71.90544128417969,68.26838684082031,17.47100067138672,23.726667404174805,22.729637145996094
2017-09-01,38.24577331542969,155.05999755859375,48.912498474121094,,46.485355377197266,72.5462646484375,67.51058197021484,17.474000930786133,23.69333267211914,22.81698226928711
2017-09-05,37.7864990234375,154.27999877929688,48.26350021362305,,46.04447937011719,70.81369018554688,67.20927429199219,17.45199966430664,23.305999755859375,23.23331642150879
2017-09-06,37.74686050415039,153.75999450683594,48.38999938964844,,46.01274108886719,71.2883529663086,67.01753234863281,17.924999237060547,22.968666076660156,23.314844131469727
2017-09-07,37.59531784057617,155.47000122070312,48.9734992980957,,46.41641616821289,70.03839111328125,67.87578582763672,17.899999618530273,23.374000549316406,23.32648468017578
2017-09-08,36.982177734375,155.33999633789062,48.29499816894531,,45.94776916503906,69.95136260986328,67.54708099365234,17.642000198364258,22.893333435058594,22.965463638305664
2017-09-11,37.65126419067383,156.8699951171875,48.89799880981445,,46.07571792602539,71.03520202636719,68.25926208496094,18.173999786376953,24.246000289916992,23.02369499206543
2017-09-12,37.50205993652344,156.30999755859375,49.12900161743164,,46.2240104675293,71.90544128417969,68.18622589111328,18.514999389648438,24.183332443237305,23.177995681762695
2017-09-13,37.219970703125,156.24000549316406,49.97999954223633,,46.37377166748047,72.11114501953125,68.6701431274414,18.36400032043457,24.415332794189453,23.250791549682617
2017-09-14,36.90058898925781,154.9499969482422,49.61050033569336,,45.87883377075195,71.96875,68.26838684082031,18.26300048828125,25.176000595092773,23.19837760925293
2017-09-15,37.27358627319336,154.49000549316406,49.339500427246094,,45.63979721069336,72.48297119140625,68.76142883300781,18.235000610351562,25.320667266845703,23.402185440063477
2017-09-18,36.99150466918945,155.77000427246094,48.70949935913086,,45.37744903564453,73.51143646240234,68.62451934814453,18.461999893188477,25.666667938232422,23.291545867919922
2017-09-19,37.0054931640625,156.60000610351562,48.49300003051758,,45.715179443359375,74.31836700439453,68.8801498413086,18.56800079345703,25.00666618347168,23.30610466003418
2017-09-20,36.38536834716797,149.9600067138672,48.660499572753906,,46.19969940185547,74.84051513671875,68.42362213134766,18.551000595092773,24.92733383178711,23.43712043762207
2017-09-21,35.76054763793945,149.3000030517578,48.23249816894531,,46.24284744262695,75.18070983886719,67.75711059570312,18.878000259399414,24.43199920654297,23.294462203979492
2017-09-22,35.41084289550781,148.5,47.755001068115234,,46.04844284057617,75.0224838256836,67.93968200683594,18.735000610351562,23.4060001373291,23.15471076965332
2017-09-25,35.09846115112305,144.57000732421875,46.989498138427734,,45.67353057861328,74.46080780029297,66.88968658447266,17.854999542236328,22.999332427978516,23.04407501220703
2017-09-26,35.702274322509766,145.39999389648438,46.93000030517578,,45.86643981933594,74.12850189208984,66.88968658447266,17.937999725341797,23.016666412353516,23.11395263671875
2017-09-27,35.95638656616211,146.42999267578125,47.54349899291992,,46.839942932128906,75.29936981201172,67.42841339111328,18.19700050354004,22.731332778930664,23.084835052490234
2017-09-28,35.73490524291992,146.8300018310547,47.81999969482422,,47.088401794433594,75.45759582519531,67.44664001464844,18.06999969482422,22.639999389648438,22.98584747314453
2017-09-29,35.93074035644531,149.17999267578125,48.067501068115234,,47.564998626708984,75.5604476928711,68.01272583007812,18.135000228881836,22.739999771118164,22.75002098083496
2017-10-02,35.85846710205078,147.94000244140625,47.95949935913086,,47.275367736816406,76.61262512207031,68.12232971191406,17.701000213623047,22.768667221069336,22.840269088745117
2017-10-03,36.01466751098633,148.60000610351562,47.85499954223633,,47.49953079223633,77.01612091064453,67.80272674560547,17.91900062561035,23.209333419799805,23.064455032348633
2017-10-04,35.78153610229492,147.9499969482422,48.272499084472656,,47.19651412963867,76.23292541503906,68.19534301757812,18.44499969482422,23.667333602905273,23.0266056060791
2017-10-05,36.226829528808594,150.25,49.04249954223633,,48.10307693481445,77.2594223022461,69.36405181884766,19.43899917602539,23.68866729736328,23.119775772094727
2017-10-06,36.20583724975586,151.1199951171875,49.479000091552734,,48.54594421386719,77.1241683959961,69.39143371582031,19.802000045776367,23.79199981689453,23.000402450561523
2017-10-09,36.33171844482422,151.5,49.54949951171875,,48.45220947265625,76.71829986572266,69.65623474121094,19.687000274658203,22.862667083740234,23.445852279663086
2017-10-10,36.345726013183594,152.14999389648438,49.36000061035156,,48.23400115966797,77.291259765625,69.65623474121094,19.507999420166016,23.70599937438965,24.49397850036621
2017-10-11,36.49726486206055,153.64999389648438,49.75,,49.05971908569336,77.06048583984375,69.77490997314453,19.4950008392334,23.639999389648438,24.959806442260742
2017-10-12,36.3690299987793,153.61000061035156,50.04650115966797,,48.98930740356445,76.38410949707031,70.41405487060547,19.586000442504883,23.711999893188477,25.067529678344727
2017-10-13,36.5998420715332,153.92999267578125,50.14699935913086,,49.081050872802734,76.2806625366211,70.75186157226562,19.948999404907227,23.704666137695312,25.21891975402832
2017-10-16,37.27358627319336,150.4600067138672,50.31700134277344,,49.19610595703125,77.8562240600586,70.89798736572266,20.26799964904785,23.373332977294922,24.96271514892578
2017-10-17,37.411136627197266,150.3800048828125,50.45650100708008,,49.20502471923828,77.68115234375,70.84320068359375,19.947999954223633,23.71666717529297,25.0325870513916
2017-10-18,37.2456169128418,153.0,49.849998474121094,,49.23627853393555,77.97560119628906,70.86144256591797,19.554000854492188,23.976667404174805,25.102462768554688
2017-10-19,36.3643684387207,171.72999572753906,49.330501556396484,,48.821678161621094,78.07108306884766,71.13534545898438,19.51300048828125,23.45400047302246,25.15487289428711
2017-10-20,36.42730712890625,175.63999938964844,49.14550018310547,,49.00764846801758,79.18513488769531,71.95709991455078,19.416000366210938,23.00666618347168,25.457666397094727
2017-10-23,36.40866470336914,172.16000366210938,48.314998626708984,,48.028194427490234,79.04985046386719,71.97537231445312,19.246999740600586,22.468000411987305,25.809947967529297
2017-10-24,36.625484466552734,171.5800018310547,48.79499816894531,,48.13184356689453,80.30717468261719,72.00276184082031,19.601999282836914,22.48933219909668,25.614879608154297
2017-10-25,36.464622497558594,171.8300018310547,48.64550018310547,,48.270206451416016,80.38671875,71.79273986816406,19.37700080871582,21.722667694091797,25.760456085205078
2017-10-26,36.69776153564453,173.75,48.621498107910156,,48.23202133178711,80.95964050292969,71.91144561767578,19.520999908447266,21.744667053222656,25.801212310791016
2017-10-27,38.01264190673828,177.3300018310547,55.04750061035156,,50.548500061035156,80.98351287841797,76.52233123779297,19.95400047302246,21.391332626342773,25.670196533203125
2017-10-30,38.86824417114258,176.02999877929688,55.54249954223633,,50.441375732421875,80.69705963134766,76.5953598022461,19.836999893188477,21.338666915893555,25.314998626708984
2017-10-31,39.40911102294922,175.16000366210938,55.263999938964844,,50.418067932128906,80.06047058105469,75.9471206665039,19.64299964904785,22.101999282836914,25.419815063476562
2017-11-01,38.90787124633789,176.25,55.183998107910156,,50.857460021972656,80.30717468261719,75.9471206665039,19.799999237060547,21.405332565307617,25.603233337402344
2017-11-02,39.19230651855469,180.94000244140625,54.71099853515625,,50.861427307128906,80.84028625488281,76.74147033691406,19.93199920654297,19.950666427612305,25.853618621826172
2017-11-03,40.21574783325195,182.3000030517578,55.58000183105469,,51.20362091064453,80.69705963134766,76.82363891601562,20.000999450683594,20.4060001373291,26.109827041625977
2017-11-06,40.62373733520508,180.8000030517578,56.03300094604492,,50.87730026245117,80.19573974609375,77.12493896484375,20.01300048828125,20.185333251953125,25.824506759643555
2017-11-07,40.754295349121094,180.8800048828125,56.15850067138672,,51.24577331542969,78.58037567138672,76.94233703613281,19.589000701904297,20.40333366394043,25.897287368774414
2017-11-08,41.08769226074219,184.05999755859375,56.64400100708008,,51.569122314453125,77.69709014892578,77.2071304321289,19.643999099731445,20.292667388916016,26.278690338134766
2017-11-09,41.00375747680664,181.9199981689453,56.45650100708008,,51.14311981201172,77.68913269042969,76.77796173095703,19.389999389648438,20.19933319091797,26.29033660888672
2017-11-10,40.86804962158203,181.72000122070312,56.26750183105469,,50.98491668701172,77.59363555908203,76.57710266113281,19.20199966430664,20.19933319091797,26.47084617614746
2017-11-13,40.70426940917969,181.85000610351562,56.458499908447266,,50.86985778808594,77.8721694946289,76.63188171386719,19.507999420166016,21.02666664123535,26.491220474243164
2017-11-14,40.08890914916992,181.32000732421875,56.84199905395508,,50.88225555419922,77.40267944335938,76.74147033691406,19.570999145507812,20.579999923706055,26.520341873168945
2017-11-15,39.560123443603516,180.0800018310547,56.33449935913086,,50.62983322143555,78.13475036621094,76.14503479003906,19.211999893188477,20.753332138061523,26.15349769592285
2017-11-16,40.032772064208984,182.3000030517578,56.864498138427734,,51.204612731933594,78.3575668334961,76.34686279296875,19.551000595092773,20.833332061767578,29.00381088256836
2017-11-17,39.810489654541016,182.24000549316406,56.49399948120117,,50.539573669433594,78.0949478149414,75.61277770996094,19.31999969482422,21.003332138061523,28.377851486206055
2017-11-20,39.770713806152344,182.33999633789062,56.31549835205078,,50.50436019897461,78.78726196289062,75.73206329345703,19.40999984741211,20.582666397094727,28.380746841430664
2017-11-21,40.510066986083984,184.14999389648438,56.9744987487793,,51.30329895019531,78.72357940673828,76.82403564453125,19.62299919128418,21.187332153320312,28.101255416870117
2017-11-22,40.93589782714844,182.89999389648438,57.80799865722656,,51.376197814941406,78.49285125732422,76.2642822265625,19.631999969482422,20.84000015258789,28.069229125976562
2017-11-24,40.93824005126953,184.4600067138672,59.29999923706055,,51.606807708740234,78.23821258544922,76.40193939208984,19.575000762939453,21.036666870117188,28.130373001098633
2017-11-27,40.73234176635742,185.0,59.791500091552734,,52.281272888183594,77.92787170410156,76.961669921875,19.5049991607666,21.12066650390625,28.130373001098633
2017-11-28,40.49370193481445,185.39999389648438,59.68000030517578,,51.94404220581055,80.65726470947266,77.88850402832031,19.917999267578125,21.170000076293945,28.174041748046875
2017-11-29,39.653724670410156,176.85000610351562,58.063499450683594,,50.66702651977539,82.54320526123047,76.47532653808594,18.815000534057617,20.502666473388672,28.404043197631836
2017-11-30,40.208248138427734,181.47000122070312,58.837501525878906,,50.65462112426758,83.17184448242188,77.23696899414062,18.757999420166016,20.59000015258789,28.307966232299805
2017-12-01,40.021080017089844,179.52000427246094,58.11750030517578,,50.09720230102539,83.38671112060547,77.31957244873047,18.68199920654297,20.435333251953125,28.34290313720703
2017-12-04,39.728607177734375,168.44000244140625,56.6974983215332,,49.527381896972656,85.10552978515625,74.40150451660156,18.40399932861328,20.34666633605957,28.243911743164062
2017-12-05,39.691158294677734,167.5399932861328,57.07849884033203,,49.848243713378906,84.12677001953125,74.86947631835938,18.42099952697754,20.246667861938477,28.482654571533203
2017-12-06,39.543758392333984,173.52000427246094,57.61750030517578,,50.50436019897461,83.49810791015625,75.96146392822266,18.530000686645508,20.884000778198242,28.32252311706543
2017-12-07,39.61628723144531,174.61000061035156,57.989498138427734,,51.12675476074219,83.25141906738281,75.69534301757812,18.520000457763672,20.749332427978516,28.325448989868164
2017-12-08,39.62799835205078,173.57000732421875,58.099998474121094,,51.430259704589844,84.29386138916016,77.22782135009766,18.854000091552734,21.0086669921875,28.258129119873047
2017-12-11,40.40011215209961,174.30999755859375,58.44599914550781,,51.63111877441406,84.04717254638672,78.20967864990234,18.621999740600586,21.92733383178711,28.36935043334961
2017-12-12,40.173160552978516,172.5399932861328,58.25400161743164,,51.60036087036133,85.02593994140625,78.53083038330078,18.572999954223633,22.735332489013672,28.302038192749023
2017-12-13,40.306514739990234,176.8300018310547,58.20650100708008,,51.606807708740234,83.95964813232422,78.31979370117188,18.785999298095703,22.601999282836914,28.612279891967773
2017-12-14,40.29481887817383,175.0,58.7130012512207,,52.030330657958984,83.28327178955078,77.71414184570312,18.95599937438965,22.525999069213867,28.427888870239258
2017-12-15,40.70426940917969,177.50999450683594,58.957000732421875,,52.776206970214844,84.46095275878906,79.69622039794922,19.011999130249023,22.89666748046875,28.42203140258789
2017-12-18,41.277503967285156,176.74000549316406,59.52899932861328,,53.41844177246094,85.11347198486328,79.26494598388672,19.04199981689453,22.591333389282227,28.653247833251953
2017-12-19,40.83762741088867,174.97000122070312,59.36899948120117,,53.09807205200195,84.7553939819336,78.76025390625,18.70199966430664,22.073333740234375,28.916662216186523
2017-12-20,40.79318618774414,174.25,58.88100051879883,,52.813907623291016,84.46095275878906,78.47579193115234,18.881999969482422,21.93199920654297,28.902029037475586
2017-12-21,40.94761276245117,174.55999755859375,58.737998962402344,,52.74843978881836,85.80577850341797,78.45744323730469,18.86199951171875,22.110666275024414,28.70008087158203
2017-12-22,40.94761276245117,175.0,58.417999267578125,,52.574371337890625,85.5033950805664,78.46659088134766,18.993999481201172,21.68000030517578,28.74398422241211
2017-12-26,39.90876770019531,174.44000244140625,58.8380012512207,,52.406742095947266,85.16124725341797,78.36566162109375,18.775999069213867,21.152666091918945,29.022024154663086
2017-12-27,39.91577911376953,175.36000061035156,59.112998962402344,,52.04124450683594,85.32038879394531,78.6501235961914,18.624000549316406,20.775999069213867,29.05129623413086
2017-12-28,40.02809524536133,175.5500030517578,59.30500030517578,,51.98024368286133,85.77395629882812,78.65929412841797,19.270999908447266,21.02400016784668,29.092269897460938
2017-12-29,39.59523391723633,175.24000549316406,58.4734992980957,,51.89395523071289,85.09757995605469,78.49413299560547,19.195999145507812,20.75666618347168,28.902029037475586
2018-01-02,40.30418014526367,177.6999969482422,59.45050048828125,,52.81637954711914,85.90127563476562,78.87035369873047,20.10700035095215,21.368667602539062,28.855201721191406
2018-01-03,40.29715347290039,181.0399932861328,60.209999084472656,,53.683265686035156,85.9887924194336,79.23741912841797,20.5049991607666,21.149999618530273,29.106895446777344
2018-01-04,40.48433303833008,183.22000122070312,60.47949981689453,,53.87766647338867,87.22061920166016,79.93480682373047,20.562999725341797,20.974666595458984,29.133243560791016
2018-01-05,40.94527053833008,185.33999633789062,61.457000732421875,,54.662723541259766,86.66072845458984,80.92585754394531,20.999000549316406,21.10533332824707,29.305917739868164
2018-01-08,40.79318618774414,185.0399932861328,62.34349822998047,,54.896305084228516,86.7886962890625,81.00845336914062,21.204999923706055,22.42733383178711,29.73908233642578
2018-01-09,40.788509368896484,186.6999969482422,62.6349983215332,,54.862586975097656,87.22866821289062,80.9533920288086,20.930999755859375,22.246000289916992,29.382017135620117
2018-01-10,40.77914047241211,187.11000061035156,62.71649932861328,,54.68156814575195,88.18852233886719,80.58633422851562,21.25200080871582,22.31999969482422,29.171287536621094
2018-01-11,41.010765075683594,188.9199981689453,63.83399963378906,,54.82588577270508,88.66045379638672,80.82493591308594,21.724000930786133,22.530000686645508,29.273731231689453
2018-01-12,41.43427276611328,195.0500030517578,65.26000213623047,,55.656063079833984,90.124267578125,82.21971130371094,22.12299919128418,22.4146671295166,29.52250099182129
2018-01-16,41.22368621826172,192.4600067138672,65.24299621582031,,55.63127136230469,89.80431365966797,81.07268524169922,22.152999877929688,22.67066764831543,29.469820022583008
2018-01-17,41.90454864501953,196.49000549316406,64.75,,56.13811111450195,90.38023376464844,82.71521759033203,21.75,23.143999099731445,30.0581111907959
2018-01-18,41.941986083984375,196.1999969482422,64.66600036621094,,56.02949905395508,90.59620666503906,82.67852783203125,22.033000946044922,22.971332550048828,30.526386260986328
2018-01-19,41.75480651855469,195.72999572753906,64.72899627685547,,56.412353515625,90.39623260498047,82.58674621582031,22.04599952697754,23.334667205810547,30.611268997192383
2018-01-22,41.413211822509766,197.83999633789062,66.3655014038086,,57.319908142089844,91.45208740234375,84.06414794921875,22.757999420166016,23.437332153320312,30.862977981567383
2018-01-23,41.42256546020508,200.08999633789062,68.12699890136719,,58.02213668823242,91.35608673095703,84.33026123046875,25.02899932861328,23.519332885742188,30.99468231201172
2018-01-24,40.76276779174805,197.77999877929688,67.87550354003906,,57.73797607421875,92.5239486694336,84.25685119628906,26.1299991607666,23.05933380126953,30.96247673034668
2018-01-25,40.03510665893555,197.50999450683594,68.89749908447266,,58.04197692871094,92.5479507446289,84.72486114501953,26.969999313354492,22.50933265686035,31.199548721313477
2018-01-26,40.12869644165039,201.3000030517578,70.10250091552734,,58.31324768066406,93.04386901855469,86.3123550415039,27.459999084472656,22.856666564941406,31.723447799682617
2018-01-29,39.298095703125,198.22999572753906,70.88400268554688,,58.30035400390625,92.94789123535156,86.18389892578125,28.458999633789062,23.302000045776367,32.06296157836914
2018-01-30,39.066471099853516,196.89999389648438,71.89099884033203,,57.71070098876953,92.07601165771484,85.10105895996094,27.8799991607666,23.05466651916504,31.530277252197266
2018-01-31,39.174095153808594,199.75999450683594,72.54450225830078,,58.02065658569336,92.5239486694336,87.1841049194336,27.030000686645508,23.62066650390625,31.199548721313477
2018-02-01,39.2559700012207,199.3800048828125,69.5,,57.90956115722656,93.48384857177734,86.49585723876953,26.506999969482422,23.28333282470703,30.88347053527832
2018-02-02,37.55265426635742,195.63999938964844,71.49749755859375,,55.14229202270508,91.41209411621094,84.2201156616211,26.743000030517578,22.916667938232422,30.579082489013672
2018-02-05,36.61442184448242,190.27000427246094,69.5,,52.36012649536133,87.02865600585938,80.75152587890625,25.426000595092773,22.208667755126953,29.294219970703125
2018-02-06,38.14459991455078,194.47000122070312,72.14199829101562,,53.59002685546875,89.67633056640625,83.80722045898438,26.57200050354004,22.264667510986328,29.531286239624023
2018-02-07,37.328041076660156,192.33999633789062,70.83899688720703,,52.00206756591797,90.28427124023438,82.2288818359375,26.45599937438965,23.0,30.102006912231445
2018-02-08,36.3009033203125,185.16000366210938,67.5250015258789,,49.66822814941406,86.29276275634766,78.00778198242188,25.010000228881836,21.01533317565918,29.273731231689453
2018-02-09,36.744911193847656,187.99000549316406,66.9800033569336,,51.46646499633789,88.02052307128906,80.91667938232422,24.94700050354004,20.69466781616211,29.0834903717041
2018-02-12,38.22494888305664,192.14999389648438,69.3115005493164,,52.168697357177734,89.38037872314453,81.78843688964844,25.795000076293945,21.048667907714844,29.13616943359375
2018-02-13,38.607887268066406,193.47999572753906,70.72550201416016,,52.1766357421875,89.93228912353516,82.43075561523438,25.82699966430664,21.577333450317383,29.554706573486328
2018-02-14,39.31971740722656,197.1300048828125,72.55249786376953,,53.04946517944336,92.01201629638672,83.72146606445312,26.600000381469727,21.487333297729492,29.765422821044922
2018-02-15,40.63999557495117,202.97000122070312,73.08799743652344,,54.03239822387695,92.39598083496094,85.42707824707031,28.027000427246094,22.271333694458008,30.213228225708008
2018-02-16,40.50843048095703,201.55999755859375,72.43450164794922,,54.294246673583984,91.73206329345703,84.81859588623047,27.851999282836914,22.365999221801758,30.6668758392334
2018-02-20,40.372188568115234,202.97999572753906,73.4175033569336,,54.674129486083984,91.75605773925781,85.48238372802734,27.854999542236328,22.31800079345703,27.544002532958984
2018-02-21,40.188934326171875,202.08999633789062,74.14600372314453,,55.11451721191406,92.14002227783203,84.34840393066406,28.104000091552734,22.219999313354492,26.785961151123047
2018-02-22,40.524879455566406,202.61000061035156,74.26699829101562,,54.880924224853516,91.97201538085938,84.56966400146484,27.81399917602539,23.077999114990234,27.15180778503418
2018-02-23,41.22967529296875,209.74000549316406,75.0,,55.88071823120117,93.83578491210938,86.7177963256836,28.593000411987305,23.469999313354492,27.18692398071289
2018-02-26,42.04486846923828,212.14999389648438,76.09750366210938,,56.72181701660156,95.0036392211914,87.97164154052734,29.416000366210938,23.827999114990234,27.254243850708008
2018-02-27,41.90860366821289,208.82000732421875,75.5989990234375,,55.45918655395508,93.87577819824219,86.84686279296875,29.06100082397461,23.39933204650879,26.785961151123047
2018-02-28,41.84516525268555,209.1300048828125,75.62249755859375,,54.786705017089844,92.38798522949219,86.45042419433594,29.13800048828125,22.87066650390625,26.344011306762695
2018-03-01,41.11219787597656,206.02999877929688,74.67250061035156,,53.04054260253906,90.7322006225586,85.60227966308594,29.038999557495117,22.062000274658203,26.071821212768555
2018-03-02,41.3964729309082,209.7899932861328,75.01249694824219,,53.506717681884766,90.64419555664062,85.78662872314453,30.104999542236328,22.341333389282227,25.981088638305664
2018-03-05,41.53976821899414,211.16000366210938,76.18049621582031,,54.102325439453125,92.03601837158203,86.33056640625,31.5,22.22333335876465,26.335233688354492
2018-03-06,41.504520416259766,212.00999450683594,76.88200378417969,,54.30714416503906,92.11600494384766,86.03553009033203,32.52199935913086,21.8799991607666,26.06596565246582
2018-03-07,41.11924362182617,216.86000061035156,77.25,,55.03020095825195,91.77205657958984,86.53339385986328,32.11600112915039,22.15333366394043,25.67963409423828
2018-03-08,41.567962646484375,216.39999389648438,77.59300231933594,,55.84154510498047,91.78005981445312,87.05891418457031,31.700000762939453,21.940000534057617,25.88572883605957
2018-03-09,42.282142639160156,221.11000061035156,78.94450378417969,,57.52968215942383,94.41971588134766,89.00420379638672,33.14400100708008,21.81133270263672,26.12127113342285
2018-03-12,42.69091033935547,220.94000244140625,79.91950225830078,,57.75086975097656,94.11575317382812,89.21626281738281,32.130001068115234,23.034000396728516,25.92989158630371
2018-03-13,42.27977752685547,219.75999450683594,79.40899658203125,,56.445091247558594,92.98788452148438,87.0405044555664,31.58799934387207,22.78933334350586,25.99761390686035
2018-03-14,41.920345306396484,218.44000244140625,79.55000305175781,,57.006473541259766,91.9480209350586,86.52420806884766,32.154998779296875,21.775333404541016,25.81212043762207
2018-03-15,41.96968078613281,218.8699951171875,79.11599731445312,,57.01094436645508,92.18000793457031,86.82843017578125,32.10900115966797,21.706666946411133,25.765018463134766
2018-03-16,41.82168197631836,225.5500030517578,78.58399963378906,,56.3240852355957,92.33999633789062,87.21565246582031,31.844999313354492,21.42333221435547,26.25376319885254
2018-03-19,41.18268585205078,222.17999267578125,77.24649810791016,,54.54319763183594,91.612060546875,85.63910675048828,31.347999572753906,20.90399932861328,25.74735450744629
2018-03-20,41.16858673095703,229.75,79.32550048828125,,54.43856430053711,91.70005798339844,85.86039733886719,31.75,20.703332901000977,25.89456558227539
2018-03-21,40.23593521118164,226.85000610351562,79.09300231933594,,54.09983825683594,91.78005981445312,85.2611312866211,31.648000717163086,21.101999282836914,25.962276458740234
2018-03-22,39.66740417480469,220.52000427246094,77.24600219726562,,52.0268669128418,87.94853973388672,82.78111267089844,30.670000076293945,20.606666564941406,25.65608024597168
2018-03-23,38.74884033203125,215.02000427246094,74.77799987792969,,50.662567138671875,85.59685516357422,80.37483978271484,30.0939998626709,20.1026668548584,25.14967155456543
2018-03-26,40.58831787109375,228.91000366210938,77.79299926757812,,52.2316780090332,88.23651885986328,86.45965576171875,32.03499984741211,20.278667449951172,25.762075424194336
2018-03-27,39.54758071899414,213.8000030517578,74.85250091552734,,49.84577178955078,86.52474212646484,82.48609924316406,30.069000244140625,18.61199951171875,25.335161209106445
2018-03-28,39.110618591308594,212.5399932861328,71.57099914550781,,49.81898880004883,86.38874816894531,82.412353515625,28.57699966430664,17.185333251953125,25.841567993164062
2018-03-29,39.4160270690918,216.0800018310547,72.36699676513672,,51.16940689086914,87.96455383300781,84.1456069946289,29.53499984741211,17.742000579833984,26.194873809814453
2018-04-02,39.1576042175293,212.27999877929688,68.59950256347656,,49.9137077331543,86.2687759399414,81.6102294921875,28.02899932861328,16.832000732421875,25.18794822692871
2018-04-03,39.55934524536133,215.92999267578125,69.60250091552734,,50.25788879394531,87.45262145996094,82.70733642578125,28.367000579833984,17.8353328704834,25.555973052978516
2018-04-04,40.315792083740234,225.0500030517578,70.52850341796875,,50.83961486816406,88.78044128417969,85.12286376953125,28.893999099731445,19.12933349609375,25.67963409423828
2018-04-05,40.59536361694336,223.5399932861328,72.5875015258789,,50.972023010253906,89.9461669921875,85.16890716552734,29.39699935913086,20.381332397460938,25.853349685668945
2018-04-06,39.55698776245117,218.61000061035156,70.2614974975586,,49.941978454589844,87.7031478881836,83.18675994873047,28.885000228881836,19.953332901000977,25.52358627319336
2018-04-09,39.94932174682617,219.1699981689453,70.30400085449219,,50.35905838012695,88.75631713867188,83.68460845947266,28.993000030517578,19.310667037963867,25.402877807617188
2018-04-10,40.701087951660156,224.52999877929688,71.81099700927734,,51.161964416503906,90.45266723632812,85.62989807128906,29.80699920654297,20.31333351135254,25.452926635742188
2018-04-11,40.51079177856445,223.6300048828125,71.35250091552734,,50.583221435546875,88.93321228027344,84.68952178955078,30.367000579833984,20.062000274658203,25.293943405151367
2018-04-12,40.91016387939453,226.9600067138672,72.42500305175781,,51.20510482788086,91.14407348632812,86.27525329589844,30.924999237060547,19.60533332824707,25.15261459350586
2018-04-13,41.04876708984375,224.05999755859375,71.53949737548828,,51.04442596435547,88.6759262084961,85.81431579589844,31.165000915527344,20.022666931152344,25.326326370239258
2018-04-16,41.304847717285156,226.52000427246094,72.07499694824219,,51.47637939453125,88.60356140136719,86.8191909790039,30.777999877929688,19.413999557495117,25.567758560180664
2018-04-17,41.87337112426758,231.16000366210938,75.19149780273438,,53.27064895629883,88.60356140136719,88.57087707519531,33.60599899291992,19.179332733154297,25.879840850830078
2018-04-18,41.77939224243164,231.10000610351562,76.39199829101562,,53.167503356933594,87.88804626464844,88.91201782226562,33.45199966430664,19.55666732788086,25.782678604125977
2018-04-19,40.59536361694336,227.6199951171875,77.84549713134766,,53.942138671875,89.81753540039062,88.60778045654297,33.27000045776367,20.005332946777344,25.87689971923828
2018-04-20,38.93207931518555,225.24000549316406,76.37449645996094,,53.21113586425781,89.6165771484375,87.58441925048828,32.777000427246094,19.349332809448242,25.608972549438477
2018-04-23,38.819313049316406,225.3000030517578,75.89299774169922,,52.93788528442383,89.18241882324219,87.90709686279297,31.868999481201172,18.891332626342773,25.34988021850586
2018-04-24,38.278995513916016,217.88999938964844,73.00450134277344,,50.58371353149414,88.76434326171875,85.85115051269531,30.70199966430664,18.8973331451416,25.476472854614258
2018-04-25,38.44578170776367,217.32000732421875,73.00849914550781,,50.64322280883789,88.42669677734375,85.1043930053711,30.576000213623047,18.71266746520996,25.6649169921875
2018-04-26,38.579689025878906,221.91000366210938,75.89800262451172,,51.57854461669922,88.51513671875,86.90217590332031,31.398000717163086,19.031999588012695,25.891616821289062
2018-04-27,38.13332748413086,221.89999389648438,78.63099670410156,,51.08311080932617,87.95236206054688,88.34039306640625,31.176000595092773,19.60533332824707,25.70024871826172
2018-04-30,38.824012756347656,221.60000610351562,78.30650329589844,,50.45228958129883,87.45391082763672,86.21995544433594,31.246000289916992,19.593332290649414,26.044719696044922
2018-05-01,39.72613525390625,224.0800018310547,79.11299896240234,,51.44315719604492,87.45391082763672,87.58441925048828,31.329999923706055,19.994667053222656,25.735572814941406
2018-05-02,41.481040954589844,221.10000610351562,78.48400115966797,,50.80192184448242,86.76253509521484,86.21073150634766,31.336000442504883,20.07666778564453,25.420543670654297
2018-05-03,41.556209564208984,226.0500030517578,78.60399627685547,,50.76919174194336,86.21582794189453,86.72700500488281,31.16900062561035,18.963333129882812,25.388154983520508
2018-05-04,43.18659591674805,228.50999450683594,79.04750061035156,,51.98371505737305,87.17254638671875,87.73191833496094,32.00899887084961,19.606000900268555,25.770904541015625
2018-05-07,43.49905776977539,230.99000549316406,80.00700378417969,,52.31003952026367,87.92826080322266,88.70917510986328,32.625999450683594,20.184667587280273,25.164390563964844
2018-05-08,43.70814514160156,234.55999755859375,79.61949920654297,,52.26639938354492,89.23063659667969,88.3311996459961,32.68899917602539,20.131332397460938,25.24388313293457
2018-05-09,44.015899658203125,239.74000549316406,80.4000015258789,,53.6971549987793,91.17622375488281,89.37298583984375,33.029998779296875,20.456666946411133,24.454830169677734
2018-05-10,44.64549255371094,241.14999389648438,80.4540023803711,,54.43162536621094,91.88368225097656,90.26727294921875,32.959999084472656,20.334667205810547,24.4992733001709
2018-05-11,44.475704193115234,241.8800048828125,80.14550018310547,,54.46583938598633,91.5379867553711,90.07363891601562,32.645999908447266,20.070667266845703,24.703706741333008
2018-05-14,44.37193298339844,238.3699951171875,80.0770034790039,,54.56204605102539,91.57017517089844,90.37788391113281,32.85300064086914,19.46466636657715,25.002948760986328
2018-05-15,43.96867752075195,236.60000610351562,78.80599975585938,,53.522090911865234,90.87068939208984,89.72332763671875,32.612998962402344,18.94533348083496,25.041461944580078
2018-05-16,44.378997802734375,237.38999938964844,79.36399841308594,,53.64805221557617,91.11993408203125,89.95480346679688,32.819000244140625,19.09866714477539,25.518463134765625
2018-05-17,44.09836196899414,236.85000610351562,79.08799743652344,,53.490352630615234,90.814453125,89.05667114257812,32.52199935913086,18.96933364868164,25.032569885253906
2018-05-18,43.93800735473633,238.08999633789062,78.71849822998047,,52.883827209472656,89.34321594238281,89.22332763671875,32.417999267578125,18.454666137695312,24.780736923217773
2018-05-21,44.24930191040039,238.10000610351562,79.27300262451172,,53.5394401550293,90.1632308959961,90.3714828491211,33.18199920654297,18.965999603271484,25.038496017456055
2018-05-22,44.13846206665039,238.7899932861328,79.06999969482422,,53.05095672607422,90.85464477539062,90.27889251708984,33.1619987487793,18.333999633789062,24.700742721557617
2018-05-23,44.42146682739258,243.91000366210938,80.09300231933594,,53.54490280151367,90.43659210205078,91.35298919677734,34.47200012207031,18.60466766357422,24.59408187866211
2018-05-24,44.37193298339844,245.14999389648438,80.15350341796875,,53.5225830078125,89.42361450195312,91.02889251708984,34.92900085449219,18.523332595825195,24.546676635742188
2018-05-25,44.47334671020508,243.55999755859375,80.50749969482422,,53.34504318237305,88.9653549194336,91.0751724243164,35.12900161743164,18.59000015258789,24.431127548217773
2018-05-29,44.31296157836914,242.19000244140625,80.64350128173828,,52.58428192138672,85.16265869140625,90.75112915039062,34.972999572753906,18.917333602905273,24.41335105895996
2018-05-30,44.218650817871094,247.39999389648438,81.24449920654297,,52.955238342285156,87.10823059082031,91.62149810791016,35.354000091552734,19.447999954223633,24.922950744628906
2018-05-31,44.07006072998047,249.27999877929688,81.48100280761719,,53.80774688720703,86.03092193603516,91.5196533203125,35.15999984741211,18.98200035095215,24.4548282623291
2018-06-01,44.86481857299805,251.30999755859375,82.0770034790039,,55.519195556640625,87.14842224121094,93.3252182006836,35.99300003051758,19.454666137695312,24.588157653808594
2018-06-04,45.23979949951172,253.33999633789062,83.26349639892578,,56.50063705444336,87.18861389160156,94.1400375366211,36.180999755859375,19.78266716003418,25.30811309814453
2018-06-05,45.58881759643555,252.6999969482422,84.81749725341797,,56.51898193359375,86.69819641113281,94.62153625488281,36.58000183105469,19.408666610717773,25.071090698242188
2018-06-06,45.74683380126953,253.9499969482422,84.7874984741211,,56.38111114501953,88.72416687011719,94.8993148803711,36.744998931884766,21.299999237060547,25.053308486938477
2018-06-07,45.62421417236328,247.50999450683594,84.46499633789062,,55.73541259765625,89.07791137695312,93.40856170654297,36.13999938964844,21.07266616821289,25.168859481811523
2018-06-08,45.20914840698242,251.2100067138672,84.19950103759766,,55.58713150024414,89.32713317871094,94.1030044555664,36.05699920654297,21.17733383178711,24.994060516357422
2018-06-11,45.09831619262695,251.0,84.45600128173828,,56.03942108154297,89.10201263427734,93.56596374511719,36.14500045776367,22.139999389648438,24.97627830505371
2018-06-12,45.34592056274414,252.58999633789062,84.9375,,56.50211715698242,88.5875015258789,93.80670166015625,36.382999420166016,22.851333618164062,24.917028427124023
2018-06-13,44.973297119140625,256.1300048828125,85.24299621582031,,56.2774658203125,88.41061401367188,93.38077545166016,37.99300003051758,22.985332489013672,24.914060592651367
2018-06-14,44.99690246582031,258.1000061035156,86.19300079345703,,57.13690948486328,86.8509521484375,93.9085693359375,39.2869987487793,23.847999572753906,24.825176239013672
2018-06-15,44.5346565246582,251.82000732421875,85.79850006103516,,57.14385223388672,86.74645233154297,92.71407318115234,39.198001861572266,23.878000259399414,24.798511505126953
2018-06-18,44.51107406616211,255.69000244140625,86.18949890136719,,58.19522476196289,86.97156524658203,93.39006042480469,39.040000915527344,24.722000122070312,24.59112548828125
2018-06-19,43.79179000854492,251.74000549316406,86.73899841308594,,57.92741775512695,86.4650650024414,93.39006042480469,40.49800109863281,23.503332138061523,24.7718448638916
2018-06-20,43.98280715942383,251.24000549316406,87.50399780273438,,58.01569366455078,86.45701599121094,94.32524871826172,41.67599868774414,24.148000717163086,24.7718448638916
2018-06-21,43.73754119873047,248.8300018310547,86.51100158691406,,57.411651611328125,86.43289947509766,93.64928436279297,41.54399871826172,23.167333602905273,24.94961166381836
2018-06-22,43.61019515991211,243.6300048828125,85.78350067138672,,57.30354309082031,85.0179443359375,92.973388671875,41.10900115966797,22.242000579833984,25.13035011291504
2018-06-25,42.9616584777832,239.67999267578125,83.15750122070312,,55.78253173828125,84.24617004394531,91.10295867919922,38.448001861572266,22.200666427612305,25.61920738220215
2018-06-26,43.4946403503418,242.25,84.55449676513672,,55.46761703491211,84.30239868164062,91.74187469482422,39.93899917602539,22.799999237060547,25.474023818969727
2018-06-27,43.43095779418945,237.67999267578125,83.02549743652344,,54.749515533447266,83.00003051757812,90.31592559814453,39.03900146484375,22.96666717529297,25.743640899658203
2018-06-28,43.74698257446289,239.80999755859375,85.07250213623047,,55.25733947753906,84.35870361328125,91.32521057128906,39.54199981689453,23.32866668701172,25.4384765625
2018-06-29,43.654998779296875,243.80999755859375,84.98999786376953,,55.32826232910156,83.7718276977539,91.30668640136719,39.143001556396484,22.863332748413086,25.376253128051758
2018-07-02,44.14318084716797,243.25999450683594,85.68900299072266,,55.91394805908203,84.47932434082031,92.60299682617188,39.81800079345703,22.33799934387207,24.88739585876465
2018-07-03,43.37437438964844,242.00999450683594,84.697998046875,,54.695457458496094,83.29747772216797,91.714111328125,39.051998138427734,20.724000930786133,25.017757415771484
2018-07-05,43.723392486572266,244.17999267578125,84.98650360107422,,55.7557487487793,83.83906555175781,92.37150573730469,39.8390007019043,20.610666275024414,25.0562801361084
2018-07-06,44.32948303222656,248.19000244140625,85.53150177001953,,56.544281005859375,84.11388397216797,93.66783142089844,40.82500076293945,20.593332290649414,25.038496017456055
2018-07-09,44.94500732421875,249.77000427246094,86.95099639892578,,57.23262023925781,86.71666717529297,94.30670928955078,41.89699935913086,21.233999252319336,25.459217071533203
2018-07-10,44.890769958496094,248.6300048828125,87.15350341796875,,57.17261505126953,86.1832046508789,94.5567398071289,41.5629997253418,21.49799919128418,25.838451385498047
2018-07-11,44.30826187133789,248.1199951171875,87.75,,57.22518539428711,85.99728393554688,94.4271011352539,41.8650016784668,21.263999938964844,25.636980056762695
2018-07-12,45.051143646240234,254.8699951171875,89.83100128173828,,58.692142486572266,86.36910247802734,96.4734115600586,41.349998474121094,21.11400032043457,25.634023666381836
2018-07-13,45.12188720703125,258.5899963378906,90.65149688720703,,58.95697021484375,85.97303771972656,97.62158203125,39.58000183105469,21.257999420166016,25.983625411987305
2018-07-16,45.022830963134766,254.67999267578125,91.12449645996094,,58.71099090576172,89.38414001464844,97.14008331298828,40.04800033569336,20.67333221435547,25.965852737426758
2018-07-17,45.150177001953125,258.30999755859375,92.19650268554688,,59.451900482177734,89.31950378417969,98.10305786132812,37.948001861572266,21.512666702270508,26.128799438476562
2018-07-18,44.90255355834961,259.7799987792969,92.14600372314453,,59.30708694458008,90.15205383300781,97.33454895019531,37.51300048828125,21.59000015258789,26.093252182006836
2018-07-19,45.251583099365234,257.67999267578125,90.64849853515625,,58.864723205566406,88.826416015625,96.66787719726562,36.42300033569336,21.34866714477539,25.98955535888672
2018-07-20,45.1478271484375,257.5400085449219,90.68499755859375,,58.7630615234375,89.94995880126953,98.39936828613281,36.10499954223633,20.905332565307617,26.090288162231445
2018-07-23,45.18791198730469,259.4700012207031,90.0999984741211,,59.78417205810547,91.62319946289062,99.97344970703125,36.26599884033203,20.213333129882812,25.962888717651367
2018-07-24,45.515724182128906,257.489990234375,91.46199798583984,,61.89583969116211,92.26985931396484,99.6864242553711,35.731998443603516,19.82866668701172,26.060657501220703
2018-07-25,45.94493865966797,263.1700134277344,93.18049621582031,,62.67047882080078,93.10242462158203,102.62161254882812,36.2869987487793,20.582666397094727,26.04288673400879
2018-07-26,45.801082611083984,261.92999267578125,90.4000015258789,,62.90009689331055,92.8356704711914,101.50125885009766,36.308998107910156,20.44333267211914,26.140653610229492
2018-07-27,45.039337158203125,254.80999755859375,90.8635025024414,,61.420738220214844,93.78948974609375,99.70491027832031,35.520999908447266,19.812000274658203,26.11102867126465
2018-07-30,44.7869987487793,242.32000732421875,88.96099853515625,,60.49037551879883,94.35533142089844,97.5660171508789,33.49599838256836,19.344667434692383,26.333232879638672
2018-07-31,44.87662124633789,244.67999267578125,88.87200164794922,,60.36738967895508,92.9165267944336,98.22344207763672,33.744998931884766,19.875999450683594,26.43693733215332
2018-08-01,47.520294189453125,248.00999450683594,89.8584976196289,,60.50376892089844,93.49041748046875,98.40859985351562,33.8380012512207,20.055999755859375,26.14361572265625
2018-08-02,48.909358978271484,252.22000122070312,91.71649932861328,,60.808265686035156,93.8864974975586,99.60307312011719,34.45000076293945,23.30266761779785,26.297685623168945
2018-08-03,49.05085754394531,253.27999877929688,91.16449737548828,,60.68726348876953,94.64629364013672,100.03826904296875,34.308998107910156,23.211332321166992,26.546558380126953
2018-08-06,49.305564880371094,254.11000061035156,92.38749694824219,,60.73982620239258,94.67057800292969,100.12159729003906,35.09199905395508,22.799333572387695,26.567293167114258
2018-08-07,48.843318939208984,253.38999938964844,93.1240005493164,,61.605224609375,95.01812744140625,100.81605529785156,35.18299865722656,25.30466651916504,26.596921920776367
2018-08-08,48.87633514404297,253.8300018310547,94.32599639892578,,61.77334213256836,95.21214294433594,101.38087463378906,34.76100158691406,24.689332962036133,26.679880142211914
2018-08-09,49.2607536315918,253.8000030517578,94.9260025024414,,61.94642639160156,94.47657775878906,101.54756927490234,34.93600082397461,23.496667861938477,26.524921417236328
2018-08-10,49.114013671875,253.6999969482422,94.31500244140625,,61.37660217285156,93.5469970703125,100.92715454101562,34.58700180053711,23.69933319091797,26.87358283996582
2018-08-13,49.4311408996582,253.5399932861328,94.80999755859375,,61.247657775878906,92.05970001220703,100.19568634033203,34.13100051879883,23.76066780090332,26.712663650512695
2018-08-14,49.639404296875,256.04998779296875,95.98249816894531,,61.599273681640625,92.67400360107422,101.44568634033203,33.749000549316406,23.176000595092773,27.0732421875
2018-08-15,49.75536346435547,250.52000427246094,94.13099670410156,,60.22455978393555,91.90608978271484,100.0700454711914,32.63999938964844,22.57933235168457,26.885501861572266
2018-08-16,50.484283447265625,248.88999938964844,94.32599639892578,,59.833274841308594,92.7710189819336,100.05146026611328,32.24399948120117,22.363332748413086,29.3946533203125
2018-08-17,51.492454528808594,245.6999969482422,94.11100006103516,,59.559024810791016,92.7710189819336,99.99567413330078,31.67799949645996,20.366666793823242,29.15923309326172
2018-08-20,50.99073028564453,249.75999450683594,93.83550262451172,,59.896751403808594,92.64978790283203,99.33573150634766,32.77299880981445,20.562667846679688,28.607934951782227
2018-08-21,50.89133834838867,251.5,94.1709976196289,,59.591758728027344,93.21560668945312,98.50847625732422,33.801998138427734,21.459999084472656,28.631778717041016
2018-08-22,50.893707275390625,255.5399932861328,95.24500274658203,,59.87493133544922,92.93268585205078,99.5123291015625,34.444000244140625,21.44266700744629,28.509599685668945
2018-08-23,50.99783706665039,257.0,95.1449966430664,,59.77822494506836,92.73867797851562,99.97708892822266,33.91699981689453,21.34000015258789,28.363574981689453
2018-08-24,51.15639877319336,261.510009765625,95.26950073242188,,60.53550720214844,92.6982650756836,100.75788879394531,35.88199996948242,21.521333694458008,28.2950439453125
2018-08-27,51.57763671875,262.3999938964844,96.38400268554688,,61.585384368896484,94.33916473388672,101.87326049804688,36.45800018310547,21.284666061401367,28.1728572845459
2018-08-28,51.99415969848633,263.0400085449219,96.64099884033203,,61.05623245239258,93.87838745117188,102.48674011230469,36.8489990234375,20.790666580200195,28.628799438476562
2018-08-29,52.770408630371094,268.3599853515625,99.90499877929688,,61.95634078979492,93.57125091552734,104.1226577758789,36.80400085449219,20.333999633789062,28.500661849975586
2018-08-30,53.25556182861328,266.42999267578125,100.11900329589844,,61.45148468017578,93.11052703857422,104.05758666992188,37.097999572753906,20.209999084472656,28.637733459472656
2018-08-31,53.87087631225586,263.510009765625,100.635498046875,,60.413509368896484,92.617431640625,104.41082000732422,36.768001556396484,20.110666275024414,28.566219329833984
2018-09-04,54.04365158081055,266.67999267578125,101.97550201416016,,59.36263656616211,93.07819366455078,103.83451843261719,36.36000061035156,19.26333236694336,28.417221069335938
2018-09-05,53.691017150878906,256.1400146484375,99.74099731445312,,58.84091567993164,92.62549591064453,100.84152221679688,34.11800003051758,18.715999603271484,28.792699813842773
2018-09-06,52.7988166809082,259.75,97.91549682617188,,58.09504318237305,92.22943115234375,101.07389831542969,34.645999908447266,18.729999542236328,28.74203872680664
2018-09-07,52.37282943725586,260.8699951171875,97.60350036621094,,57.767242431640625,92.40727996826172,100.58126068115234,34.86800003051758,17.549333572387695,28.557273864746094
2018-09-10,51.669944763183594,265.3699951171875,96.95050048828125,,57.7578125,91.9141845703125,101.66873931884766,34.840999603271484,19.03333282470703,28.87613868713379
2018-09-11,52.976314544677734,267.0,99.35749816894531,,58.38863754272461,92.49618530273438,103.39765167236328,35.59299850463867,18.62933349609375,28.798656463623047
2018-09-12,52.31838607788086,267.7900085449219,99.5,,57.66754913330078,91.40495300292969,103.83451843261719,36.994998931884766,19.369333267211914,28.5989933013916
2018-09-13,53.5821418762207,268.5199890136719,99.49349975585938,,58.287960052490234,91.76060485839844,104.94990539550781,36.814998626708984,19.297332763671875,28.34569549560547
2018-09-14,52.973941802978516,274.69000244140625,98.5094985961914,,58.14909362792969,91.74443817138672,105.37747192382812,36.45600128173828,19.68000030517578,28.18775749206543
2018-09-17,51.56345748901367,268.25,95.40149688720703,,57.331809997558594,92.01927185058594,104.23421478271484,35.03499984741211,19.6560001373291,28.25629997253418
2018-09-18,51.648651123046875,270.7900085449219,97.05249786376953,,57.58820724487305,92.39111328125,105.2287826538086,36.76499938964844,18.997333526611328,28.438081741333008
2018-09-19,51.679412841796875,264.8800048828125,96.32099914550781,,58.07768630981445,95.07471466064453,103.82521057128906,36.69599914550781,19.934667587280273,28.38146209716797
2018-09-20,52.072269439697266,266.3399963378906,97.21499633789062,,58.860260009765625,95.89111328125,105.56339263916016,36.5359992980957,19.8886661529541,28.533437728881836
2018-09-21,51.51138687133789,260.8800048828125,95.75050354003906,,57.82971954345703,95.26065063476562,106.20475769042969,36.11899948120117,19.940000534057617,28.57813835144043
2018-09-24,52.25212097167969,264.0899963378906,96.71800231933594,,58.190757751464844,94.34722900390625,106.58582305908203,36.96099853515625,19.978666305541992,28.28609848022461
2018-09-25,52.58344650268555,267.8399963378906,98.72750091552734,,58.75016403198242,94.08049774169922,106.38134765625,36.94300079345703,20.06599998474121,28.339738845825195
2018-09-26,52.16455841064453,268.4700012207031,98.74250030517578,,58.54386520385742,92.97309112548828,105.94448852539062,37.78799819946289,20.6386661529541,28.18775749206543
2018-09-27,53.23662185668945,269.9100036621094,100.64900207519531,,59.245601654052734,92.56892395019531,106.34416961669922,38.07099914550781,20.501333236694336,28.050678253173828
2018-09-28,53.423606872558594,269.95001220703125,100.1500015258789,,59.18757629394531,91.21094512939453,106.30697631835938,37.41299819946289,17.65133285522461,27.985118865966797
2018-10-01,53.78331756591797,275.489990234375,100.21800231933594,,59.27882385253906,91.74443817138672,107.45954895019531,38.143001556396484,20.713333129882812,28.13113784790039
2018-10-02,54.26137161254883,272.0,98.56549835205078,,59.51687240600586,92.12435913085938,107.03199768066406,37.7140007019043,20.06800079345703,28.354639053344727
2018-10-03,54.921653747558594,270.510009765625,97.63800048828125,,59.65771484375,92.9892578125,107.05059051513672,37.70500183105469,19.65333366394043,28.032798767089844
2018-10-04,53.95607376098633,263.7099914550781,95.47100067138672,,57.933868408203125,93.8276596069336,104.83837890625,36.3650016784668,18.788667678833008,28.074514389038086
2018-10-05,53.08043670654297,263.2200012207031,94.48249816894531,,57.396278381347656,93.29859924316406,104.22486877441406,35.1349983215332,17.463333129882812,27.806316375732422
2018-10-08,52.95737075805664,254.69000244140625,93.22100067138672,,56.98069763183594,93.86834716796875,103.03514099121094,34.90999984741211,16.70400047302246,28.217557907104492
2018-10-09,53.691017150878906,254.16000366210938,93.51599884033203,,56.477333068847656,93.21713256835938,104.3457260131836,35.57099914550781,17.520000457763672,28.929780960083008
2018-10-10,51.203731536865234,237.91000366210938,87.76249694824219,,53.62077713012695,90.73455047607422,98.6758041381836,32.5890007019043,17.125333786010742,28.536420822143555
2018-10-11,50.751708984375,238.58999633789062,85.96800231933594,,53.52655029296875,88.01583862304688,98.44342041015625,32.11000061035156,16.815332412719727,27.988101959228516
2018-10-12,52.56452560424805,248.8699951171875,89.43049621582031,,55.052024841308594,87.05534362792969,101.84539031982422,33.95600128173828,17.25200080871582,28.25331687927246
2018-10-15,51.44038772583008,238.00999450683594,88.04750061035156,,54.16778564453125,86.55880737304688,100.0142593383789,33.3129997253418,17.305999755859375,27.958301544189453
2018-10-16,52.57399368286133,260.6700134277344,90.99800109863281,,55.60746765136719,88.4146728515625,103.17456817626953,34.63999938964844,18.439332962036133,28.551319122314453
2018-10-17,52.34679412841797,258.9100036621094,91.58650207519531,,55.33024215698242,89.39961242675781,102.90499114990234,36.470001220703125,18.118667602539062,28.774816513061523
2018-10-18,51.123260498046875,250.35000610351562,88.53600311279297,,53.95552444458008,87.9832763671875,100.85081481933594,34.67100143432617,17.5939998626709,28.658601760864258
2018-10-19,51.90187072753906,245.02999877929688,88.20149993896484,,54.37657165527344,87.83676147460938,100.99954986572266,33.266998291015625,17.333332061767578,28.950641632080078
2018-10-22,52.218997955322266,251.05999755859375,89.46499633789062,,54.60966491699219,86.57506561279297,101.90116119384766,32.95399856567383,17.39666748046875,28.947660446166992
2018-10-23,52.71125793457031,251.75999450683594,88.43499755859375,,54.73512268066406,85.67156982421875,100.47901153564453,33.316001892089844,19.609333038330078,29.144330978393555
2018-10-24,50.903160095214844,238.44000244140625,83.20999908447266,,52.107696533203125,84.07616424560547,95.10649871826172,30.183000564575195,19.233333587646484,29.072818756103516
2018-10-25,52.01783752441406,252.9199981689453,89.1084976196289,,54.33243942260742,85.35411071777344,100.66492462158203,31.28700065612793,20.99066734313965,29.555578231811523
2018-10-26,51.18952178955078,245.8000030517578,82.1405029296875,,53.13724899291992,84.18197631835938,99.41937255859375,29.982999801635742,22.059999465942383,29.484052658081055
2018-10-29,50.22869110107422,239.75,76.94400024414062,,50.58867645263672,85.34597778320312,96.52865600585938,28.483999252319336,22.323333740234375,29.74034309387207
2018-10-30,50.47956085205078,238.41000366210938,76.52100372314453,,51.38859939575195,86.85184478759766,96.41710662841797,28.58099937438965,21.99333381652832,30.521093368530273
2018-10-31,51.79537582397461,245.75999450683594,79.90049743652344,,53.400089263916016,88.74024963378906,99.27996826171875,30.17799949645996,22.488000869750977,29.883373260498047
2018-11-01,52.590545654296875,245.27999877929688,83.27649688720703,,53.064353942871094,88.70771789550781,98.45269012451172,31.738000869750977,22.95199966430664,29.97277069091797
2018-11-02,49.102176666259766,239.63999938964844,83.27649688720703,,52.45881652832031,88.21932220458984,98.6758041381836,30.90999984741211,23.0939998626709,30.199260711669922
2018-11-05,47.708251953125,239.88999938964844,81.38999938964844,,51.58102035522461,88.7972412109375,99.93060302734375,31.54400062561035,22.760000228881836,30.667112350463867
2018-11-06,48.22417449951172,240.55999755859375,82.1405029296875,,52.36062240600586,89.21235656738281,100.12582397460938,31.083999633789062,22.737333297729492,30.79227638244629
2018-11-07,49.68674087524414,253.42999267578125,87.77449798583984,,54.22431945800781,90.74267578125,104.0668716430664,32.75,23.21066665649414,31.087289810180664
2018-11-08,49.513370513916016,249.9600067138672,87.74549865722656,,53.67929458618164,91.47525024414062,103.87169647216797,31.79199981689453,23.426666259765625,31.25417709350586
2018-11-09,48.558685302734375,244.83999633789062,85.62149810791016,,52.873409271240234,90.58802795410156,101.84539031982422,30.347000122070312,23.367332458496094,31.456804275512695
2018-11-12,46.112579345703125,236.6699981689453,81.84249877929688,,51.50861740112305,88.68329620361328,99.33573150634766,29.406999588012695,22.0853328704834,30.953197479248047
2018-11-13,45.65184783935547,238.74000549316406,81.55850219726562,,51.38067626953125,89.2042465209961,99.40080261230469,29.440000534057617,22.582000732421875,30.676055908203125
2018-11-14,44.36229705810547,235.22000122070312,79.95050048828125,,51.758060455322266,87.36465454101562,97.99118041992188,28.67300033569336,22.933332443237305,30.255876541137695
2018-11-15,45.45712661743164,239.9499969482422,80.97200012207031,,52.801998138427734,89.59492492675781,100.14759826660156,29.006000518798828,23.229333877563477,29.662864685058594
2018-11-16,45.9605827331543,238.88999938964844,79.67050170898438,,52.64230728149414,89.52983093261719,101.0904541015625,28.621000289916992,23.62066650390625,29.111562728881836
2018-11-19,44.13906478881836,219.69000244140625,75.614501953125,,50.58469772338867,90.21358489990234,97.66443634033203,27.059999465942383,23.564666748046875,28.840373992919922
2018-11-20,42.03020095825195,219.72999572753906,74.77300262451172,,50.870357513427734,88.27632904052734,94.94793701171875,26.697999954223633,23.166000366210938,28.059616088867188
2018-11-21,41.982704162597656,225.97999572753906,75.83650207519531,,51.458030700683594,87.61698150634766,96.25484466552734,26.21299934387207,22.54599952697754,28.062599182128906
2018-11-23,40.91639709472656,225.55999755859375,75.10299682617188,,50.77712631225586,86.81114959716797,96.21749877929688,25.881999969482422,21.722000122070312,28.339738845825195
2018-11-26,41.46974182128906,231.9600067138672,79.06649780273438,,52.004051208496094,88.93562316894531,99.39149475097656,26.14299964904785,23.066667556762695,28.354639053344727
2018-11-27,41.379493713378906,232.25,79.07099914550781,,51.79526901245117,89.31005096435547,100.01692962646484,26.663000106811523,22.92799949645996,28.321861267089844
2018-11-28,42.97064971923828,249.2100067138672,83.88749694824219,,53.86923599243164,90.3031234741211,103.73231506347656,28.264999389648438,23.191333770751953,29.043012619018555
2018-11-29,42.640541076660156,249.08999633789062,83.67849731445312,,53.971893310546875,89.58680725097656,102.8641357421875,28.875,22.744667053222656,28.992355346679688
2018-11-30,42.41018295288086,250.88999938964844,84.50849914550781,,54.275901794433594,90.50662231445312,103.5176010131836,28.613000869750977,23.365333557128906,29.099634170532227
2018-12-03,43.892093658447266,255.25999450683594,88.61799621582031,,54.871009826660156,91.3613052368164,104.6378173828125,29.030000686645508,23.89933204650879,29.42743682861328
2018-12-04,41.961341857910156,245.82000732421875,83.41999816894531,,52.113155364990234,87.28324890136719,101.30516815185547,27.533000946044922,23.979999542236328,28.551319122314453
2018-12-06,41.49348449707031,250.6300048828125,84.95950317382812,,53.00135803222656,85.62271881103516,101.93064880371094,28.288000106811523,24.20400047302246,28.395511627197266
2018-12-07,40.01395034790039,238.0,81.45649719238281,,51.40694808959961,84.07616424560547,97.8511734008789,26.513999938964844,23.864667892456055,27.922101974487305
2018-12-10,40.27756881713867,244.08999633789062,82.05149841308594,,51.55424499511719,82.50518798828125,100.43699645996094,26.969999313354492,24.343332290649414,28.14682388305664
2018-12-11,40.04719543457031,245.33999633789062,82.16200256347656,,52.159278869628906,81.69935607910156,101.37049102783203,26.531999588012695,24.450666427612305,28.11985969543457
2018-12-12,40.158817291259766,245.5500030517578,83.177001953125,,52.75091552734375,82.2284164428711,101.82793426513672,27.488000869750977,24.440000534057617,27.898136138916016
2018-12-13,40.5981559753418,248.0800018310547,82.91899871826172,,52.66264343261719,82.3098373413086,102.17333984375,27.601999282836914,25.119333267211914,27.853191375732422
2018-12-14,39.29911422729492,230.0,79.59549713134766,,51.680702209472656,81.63422393798828,98.98069763183594,26.68400001525879,24.380666732788086,27.52060317993164
2018-12-17,38.93339157104492,221.3800048828125,76.04550170898438,,50.41261672973633,80.59231567382812,96.0494613647461,26.280000686645508,23.22800064086914,27.19700813293457
2018-12-18,39.439239501953125,226.17999267578125,77.5739974975586,,51.016658782958984,80.20974731445312,97.05766296386719,27.0939998626709,22.468666076660156,27.289892196655273
2018-12-19,38.20906448364258,224.64999389648438,74.75399780273438,,50.733978271484375,79.19226837158203,96.79627990722656,26.677000045776367,22.197999954223633,27.131092071533203
2018-12-20,37.244873046875,218.64999389648438,73.04149627685547,,50.05951690673828,78.5085220336914,94.76122283935547,26.058000564575195,21.025333404541016,26.151315689086914
2018-12-21,35.796207427978516,208.8000030517578,68.87249755859375,,48.57817840576172,76.65265655517578,91.69929504394531,24.638999938964844,21.31800079345703,26.106372833251953
2018-12-24,34.8700065612793,205.16000366210938,67.197998046875,,48.41353225708008,75.00025177001953,87.87186431884766,23.38800048828125,19.69266700744629,25.7138614654541
2018-12-26,37.32561492919922,222.9499969482422,73.54499816894531,,51.54977798461914,78.10967254638672,93.8743896484375,25.367000579833984,21.73933219909668,27.089147567749023
2018-12-27,37.083370208740234,225.13999938964844,73.08200073242188,,51.768978118896484,78.98876953125,94.45315551757812,25.55699920654297,21.075332641601562,27.442707061767578
2018-12-28,37.102386474609375,223.1300048828125,73.9010009765625,,51.4317512512207,78.81784057617188,93.71568298339844,25.607999801635742,22.257999420166016,27.604501724243164
